production_id,date,mine_id,zone_id,planned_tonnes,actual_tonnes,ore_grade_pct,operating_hours,downtime_hours,rainfall_mm,target_tonnes
PROD-10001,2025-09-21,MINE-01,MINE-01-ZONE-A,240.0,199.0,36.58,12.8,3.2,3.7,260.0
PROD-10002,2025-09-21,MINE-01,MINE-01-ZONE-B,240.0,212.2,34.2,13.6,2.4,3.7,260.0
PROD-10003,2025-09-21,MINE-01,MINE-01-ZONE-C,240.0,202.4,37.16,14.3,1.7,3.7,260.0
PROD-10004,2025-09-21,MINE-01,MINE-01-ZONE-D,240.0,202.8,35.13,14.5,1.5,3.7,260.0
PROD-10005,2025-09-21,MINE-01,MINE-01-ZONE-E,240.0,213.6,39.77,14.7,1.3,3.7,260.0
PROD-10006,2025-09-21,MINE-02,MINE-02-ZONE-A,240.0,150.9,33.13,12.7,3.3,66.8,260.0
PROD-10007,2025-09-21,MINE-02,MINE-02-ZONE-B,240.0,155.3,32.73,12.0,4.0,66.8,260.0
PROD-10008,2025-09-21,MINE-02,MINE-02-ZONE-C,240.0,135.0,33.15,10.8,5.2,66.8,260.0
PROD-10009,2025-09-21,MINE-02,MINE-02-ZONE-D,240.0,170.5,32.15,13.0,3.0,66.8,260.0
PROD-10010,2025-09-21,MINE-02,MINE-02-ZONE-E,240.0,134.5,41.6,11.7,4.3,66.8,260.0
PROD-10011,2025-09-21,MINE-03,MINE-03-ZONE-A,240.0,191.9,32.83,13.2,2.8,4.0,260.0
PROD-10012,2025-09-21,MINE-03,MINE-03-ZONE-B,240.0,223.4,37.98,14.8,1.2,4.0,260.0
PROD-10013,2025-09-21,MINE-03,MINE-03-ZONE-C,240.0,212.9,33.16,13.4,2.6,4.0,260.0
PROD-10014,2025-09-21,MINE-03,MINE-03-ZONE-D,240.0,179.3,36.49,12.8,3.2,4.0,260.0
PROD-10015,2025-09-21,MINE-03,MINE-03-ZONE-E,240.0,217.6,42.15,14.8,1.2,4.0,260.0
PROD-10016,2025-09-21,MINE-04,MINE-04-ZONE-A,240.0,185.4,41.77,12.4,3.6,1.4,260.0
PROD-10017,2025-09-21,MINE-04,MINE-04-ZONE-B,240.0,208.3,43.22,13.7,2.3,1.4,260.0
PROD-10018,2025-09-21,MINE-04,MINE-04-ZONE-C,240.0,186.6,33.44,11.9,4.1,1.4,260.0
PROD-10019,2025-09-21,MINE-04,MINE-04-ZONE-D,240.0,189.3,33.29,11.8,4.2,1.4,260.0
PROD-10020,2025-09-21,MINE-04,MINE-04-ZONE-E,240.0,193.9,34.01,12.8,3.2,1.4,260.0
PROD-10021,2025-09-22,MINE-01,MINE-01-ZONE-A,244.0,220.7,33.86,15.1,0.9,0.5,260.0
PROD-10022,2025-09-22,MINE-01,MINE-01-ZONE-B,244.0,193.1,37.46,13.0,3.0,0.5,260.0
PROD-10023,2025-09-22,MINE-01,MINE-01-ZONE-C,244.0,206.4,41.41,12.9,3.1,0.5,260.0
PROD-10024,2025-09-22,MINE-01,MINE-01-ZONE-D,244.0,183.2,32.79,11.7,4.3,0.5,260.0
PROD-10025,2025-09-22,MINE-01,MINE-01-ZONE-E,244.0,210.0,43.52,14.5,1.5,0.5,260.0
PROD-10026,2025-09-22,MINE-02,MINE-02-ZONE-A,244.0,155.9,32.5,11.0,5.0,41.1,260.0
PROD-10027,2025-09-22,MINE-02,MINE-02-ZONE-B,244.0,185.6,37.77,12.8,3.2,41.1,260.0
PROD-10028,2025-09-22,MINE-02,MINE-02-ZONE-C,244.0,133.1,41.06,9.6,6.4,41.1,260.0
PROD-10029,2025-09-22,MINE-02,MINE-02-ZONE-D,244.0,152.2,33.09,10.6,5.4,41.1,260.0
PROD-10030,2025-09-22,MINE-02,MINE-02-ZONE-E,244.0,151.4,38.76,10.4,5.6,41.1,260.0
PROD-10031,2025-09-22,MINE-03,MINE-03-ZONE-A,244.0,192.5,41.08,12.7,3.3,3.1,260.0
PROD-10032,2025-09-22,MINE-03,MINE-03-ZONE-B,244.0,188.4,33.63,12.9,3.1,3.1,260.0
PROD-10033,2025-09-22,MINE-03,MINE-03-ZONE-C,244.0,181.1,39.52,12.4,3.6,3.1,260.0
PROD-10034,2025-09-22,MINE-03,MINE-03-ZONE-D,244.0,206.3,37.89,13.9,2.1,3.1,260.0
PROD-10035,2025-09-22,MINE-03,MINE-03-ZONE-E,244.0,198.6,37.81,13.5,2.5,3.1,260.0
PROD-10036,2025-09-22,MINE-04,MINE-04-ZONE-A,244.0,209.5,41.44,13.9,2.1,3.8,260.0
PROD-10037,2025-09-22,MINE-04,MINE-04-ZONE-B,244.0,222.6,32.66,14.4,1.6,3.8,260.0
PROD-10038,2025-09-22,MINE-04,MINE-04-ZONE-C,244.0,174.6,33.07,12.2,3.8,3.8,260.0
PROD-10039,2025-09-22,MINE-04,MINE-04-ZONE-D,244.0,186.8,38.86,11.9,4.1,3.8,260.0
PROD-10040,2025-09-22,MINE-04,MINE-04-ZONE-E,244.0,217.5,32.58,14.8,1.2,3.8,260.0
PROD-10041,2025-09-23,MINE-01,MINE-01-ZONE-A,248.0,180.4,36.62,12.9,3.1,55.9,260.0
PROD-10042,2025-09-23,MINE-01,MINE-01-ZONE-B,248.0,150.8,41.88,11.6,4.4,55.9,260.0
PROD-10043,2025-09-23,MINE-01,MINE-01-ZONE-C,248.0,130.9,38.1,10.3,5.7,55.9,260.0
PROD-10044,2025-09-23,MINE-01,MINE-01-ZONE-D,248.0,124.1,40.17,9.6,6.4,55.9,260.0
PROD-10045,2025-09-23,MINE-01,MINE-01-ZONE-E,248.0,156.6,37.49,12.8,3.2,55.9,260.0
PROD-10046,2025-09-23,MINE-02,MINE-02-ZONE-A,248.0,219.9,35.84,14.8,1.2,1.7,260.0
PROD-10047,2025-09-23,MINE-02,MINE-02-ZONE-B,248.0,194.2,38.85,12.6,3.4,1.7,260.0
PROD-10048,2025-09-23,MINE-02,MINE-02-ZONE-C,248.0,186.8,36.58,13.0,3.0,1.7,260.0
PROD-10049,2025-09-23,MINE-02,MINE-02-ZONE-D,248.0,172.0,35.49,11.9,4.1,1.7,260.0
PROD-10050,2025-09-23,MINE-02,MINE-02-ZONE-E,248.0,188.3,42.98,11.9,4.1,1.7,260.0
PROD-10051,2025-09-23,MINE-03,MINE-03-ZONE-A,248.0,144.1,36.68,11.7,4.3,50.6,260.0
PROD-10052,2025-09-23,MINE-03,MINE-03-ZONE-B,248.0,171.6,36.82,12.1,3.9,50.6,260.0
PROD-10053,2025-09-23,MINE-03,MINE-03-ZONE-C,248.0,166.0,39.46,12.4,3.6,50.6,260.0
PROD-10054,2025-09-23,MINE-03,MINE-03-ZONE-D,248.0,170.4,40.16,12.0,4.0,50.6,260.0
PROD-10055,2025-09-23,MINE-03,MINE-03-ZONE-E,248.0,146.2,35.72,10.2,5.8,50.6,260.0
PROD-10056,2025-09-23,MINE-04,MINE-04-ZONE-A,248.0,185.0,42.96,11.7,4.3,1.7,260.0
PROD-10057,2025-09-23,MINE-04,MINE-04-ZONE-B,248.0,199.7,41.88,13.9,2.1,1.7,260.0
PROD-10058,2025-09-23,MINE-04,MINE-04-ZONE-C,248.0,226.2,34.27,14.0,2.0,1.7,260.0
PROD-10059,2025-09-23,MINE-04,MINE-04-ZONE-D,248.0,183.8,32.13,12.4,3.6,1.7,260.0
PROD-10060,2025-09-23,MINE-04,MINE-04-ZONE-E,248.0,182.1,41.21,12.7,3.3,1.7,260.0
PROD-10061,2025-09-24,MINE-01,MINE-01-ZONE-A,252.0,239.9,32.85,15.0,1.0,2.9,260.0
PROD-10062,2025-09-24,MINE-01,MINE-01-ZONE-B,252.0,224.0,41.49,15.0,1.0,2.9,260.0
PROD-10063,2025-09-24,MINE-01,MINE-01-ZONE-C,252.0,238.4,34.01,15.2,0.8,2.9,260.0
PROD-10064,2025-09-24,MINE-01,MINE-01-ZONE-D,252.0,208.8,40.58,12.5,3.5,2.9,260.0
PROD-10065,2025-09-24,MINE-01,MINE-01-ZONE-E,252.0,191.8,35.44,12.7,3.3,2.9,260.0
PROD-10066,2025-09-24,MINE-02,MINE-02-ZONE-A,252.0,126.2,41.13,9.6,6.4,39.3,260.0
PROD-10067,2025-09-24,MINE-02,MINE-02-ZONE-B,252.0,169.9,34.43,11.4,4.6,39.3,260.0
PROD-10068,2025-09-24,MINE-02,MINE-02-ZONE-C,252.0,186.8,34.41,12.7,3.3,39.3,260.0
PROD-10069,2025-09-24,MINE-02,MINE-02-ZONE-D,252.0,137.5,37.75,10.9,5.1,39.3,260.0
PROD-10070,2025-09-24,MINE-02,MINE-02-ZONE-E,252.0,161.2,36.66,12.6,3.4,39.3,260.0
PROD-10071,2025-09-24,MINE-03,MINE-03-ZONE-A,252.0,243.5,32.81,15.2,0.8,2.4,260.0
PROD-10072,2025-09-24,MINE-03,MINE-03-ZONE-B,252.0,211.9,40.86,13.8,2.2,2.4,260.0
PROD-10073,2025-09-24,MINE-03,MINE-03-ZONE-C,252.0,222.3,39.95,13.7,2.3,2.4,260.0
PROD-10074,2025-09-24,MINE-03,MINE-03-ZONE-D,252.0,225.3,41.22,13.5,2.5,2.4,260.0
PROD-10075,2025-09-24,MINE-03,MINE-03-ZONE-E,252.0,183.3,32.17,12.6,3.4,2.4,260.0
PROD-10076,2025-09-24,MINE-04,MINE-04-ZONE-A,252.0,225.0,35.01,14.9,1.1,29.0,260.0
PROD-10077,2025-09-24,MINE-04,MINE-04-ZONE-B,252.0,211.7,42.82,14.8,1.2,29.0,260.0
PROD-10078,2025-09-24,MINE-04,MINE-04-ZONE-C,252.0,216.4,43.36,15.3,0.7,29.0,260.0
PROD-10079,2025-09-24,MINE-04,MINE-04-ZONE-D,252.0,185.9,39.53,13.5,2.5,29.0,260.0
PROD-10080,2025-09-24,MINE-04,MINE-04-ZONE-E,252.0,210.8,32.3,14.2,1.8,29.0,260.0
PROD-10081,2025-09-25,MINE-01,MINE-01-ZONE-A,256.0,145.6,39.22,11.2,4.8,81.6,260.0
PROD-10082,2025-09-25,MINE-01,MINE-01-ZONE-B,256.0,132.4,38.57,11.8,4.2,81.6,260.0
PROD-10083,2025-09-25,MINE-01,MINE-01-ZONE-C,256.0,129.7,32.78,11.7,4.3,81.6,260.0
PROD-10084,2025-09-25,MINE-01,MINE-01-ZONE-D,256.0,117.2,40.65,10.9,5.1,81.6,260.0
PROD-10085,2025-09-25,MINE-01,MINE-01-ZONE-E,256.0,116.7,32.46,10.1,5.9,81.6,260.0
PROD-10086,2025-09-25,MINE-02,MINE-02-ZONE-A,256.0,128.0,32.07,9.4,6.6,61.8,260.0
PROD-10087,2025-09-25,MINE-02,MINE-02-ZONE-B,256.0,156.2,36.65,13.0,3.0,61.8,260.0
PROD-10088,2025-09-25,MINE-02,MINE-02-ZONE-C,256.0,150.2,41.15,10.7,5.3,61.8,260.0
PROD-10089,2025-09-25,MINE-02,MINE-02-ZONE-D,256.0,169.5,32.24,12.9,3.1,61.8,260.0
PROD-10090,2025-09-25,MINE-02,MINE-02-ZONE-E,256.0,125.7,38.86,9.7,6.3,61.8,260.0
PROD-10091,2025-09-25,MINE-03,MINE-03-ZONE-A,256.0,229.2,36.64,14.0,2.0,0.6,260.0
PROD-10092,2025-09-25,MINE-03,MINE-03-ZONE-B,256.0,182.2,37.89,11.9,4.1,0.6,260.0
PROD-10093,2025-09-25,MINE-03,MINE-03-ZONE-C,256.0,246.0,39.64,14.5,1.5,0.6,260.0
PROD-10094,2025-09-25,MINE-03,MINE-03-ZONE-D,256.0,229.2,37.45,13.6,2.4,0.6,260.0
PROD-10095,2025-09-25,MINE-03,MINE-03-ZONE-E,256.0,183.4,35.44,12.0,4.0,0.6,260.0
PROD-10096,2025-09-25,MINE-04,MINE-04-ZONE-A,256.0,142.4,36.66,10.1,5.9,68.3,260.0
PROD-10097,2025-09-25,MINE-04,MINE-04-ZONE-B,256.0,142.5,40.88,12.0,4.0,68.3,260.0
PROD-10098,2025-09-25,MINE-04,MINE-04-ZONE-C,256.0,137.7,32.51,11.3,4.7,68.3,260.0
PROD-10099,2025-09-25,MINE-04,MINE-04-ZONE-D,256.0,156.4,42.22,11.4,4.6,68.3,260.0
PROD-10100,2025-09-25,MINE-04,MINE-04-ZONE-E,256.0,104.5,39.52,9.1,6.9,68.3,260.0
PROD-10101,2025-09-26,MINE-01,MINE-01-ZONE-A,300.0,258.5,42.6,14.7,1.3,17.3,260.0
PROD-10102,2025-09-26,MINE-01,MINE-01-ZONE-B,300.0,242.1,43.43,13.7,2.3,17.3,260.0
PROD-10103,2025-09-26,MINE-01,MINE-01-ZONE-C,300.0,236.9,39.98,13.6,2.4,17.3,260.0
PROD-10104,2025-09-26,MINE-01,MINE-01-ZONE-D,300.0,267.6,34.95,15.0,1.0,17.3,260.0
PROD-10105,2025-09-26,MINE-01,MINE-01-ZONE-E,300.0,226.0,43.38,12.6,3.4,17.3,260.0
PROD-10106,2025-09-26,MINE-02,MINE-02-ZONE-A,300.0,173.0,36.36,10.1,5.9,43.9,260.0
PROD-10107,2025-09-26,MINE-02,MINE-02-ZONE-B,300.0,191.6,41.5,11.1,4.9,43.9,260.0
PROD-10108,2025-09-26,MINE-02,MINE-02-ZONE-C,300.0,181.4,36.71,11.5,4.5,43.9,260.0
PROD-10109,2025-09-26,MINE-02,MINE-02-ZONE-D,300.0,182.0,37.43,11.1,4.9,43.9,260.0
PROD-10110,2025-09-26,MINE-02,MINE-02-ZONE-E,300.0,166.7,42.44,9.4,6.6,43.9,260.0
PROD-10111,2025-09-26,MINE-03,MINE-03-ZONE-A,300.0,248.6,36.05,13.9,2.1,3.9,260.0
PROD-10112,2025-09-26,MINE-03,MINE-03-ZONE-B,300.0,225.3,43.25,11.9,4.1,3.9,260.0
PROD-10113,2025-09-26,MINE-03,MINE-03-ZONE-C,300.0,269.0,32.29,13.8,2.2,3.9,260.0
PROD-10114,2025-09-26,MINE-03,MINE-03-ZONE-D,300.0,274.4,34.07,14.7,1.3,3.9,260.0
PROD-10115,2025-09-26,MINE-03,MINE-03-ZONE-E,300.0,220.4,41.23,11.6,4.4,3.9,260.0
PROD-10116,2025-09-26,MINE-04,MINE-04-ZONE-A,300.0,176.3,41.61,10.4,5.6,35.8,260.0
PROD-10117,2025-09-26,MINE-04,MINE-04-ZONE-B,300.0,202.0,34.95,12.4,3.6,35.8,260.0
PROD-10118,2025-09-26,MINE-04,MINE-04-ZONE-C,300.0,175.2,37.84,10.0,6.0,35.8,260.0
PROD-10119,2025-09-26,MINE-04,MINE-04-ZONE-D,300.0,185.3,38.37,10.6,5.4,35.8,260.0
PROD-10120,2025-09-26,MINE-04,MINE-04-ZONE-E,300.0,161.8,33.16,10.5,5.5,35.8,260.0
PROD-10121,2025-09-27,MINE-01,MINE-01-ZONE-A,304.0,273.2,43.04,15.2,0.8,1.4,260.0
PROD-10122,2025-09-27,MINE-01,MINE-01-ZONE-B,304.0,222.0,33.08,12.0,4.0,1.4,260.0
PROD-10123,2025-09-27,MINE-01,MINE-01-ZONE-C,304.0,219.0,40.92,11.8,4.2,1.4,260.0
PROD-10124,2025-09-27,MINE-01,MINE-01-ZONE-D,304.0,215.6,32.79,11.7,4.3,1.4,260.0
PROD-10125,2025-09-27,MINE-01,MINE-01-ZONE-E,304.0,240.4,42.85,13.0,3.0,1.4,260.0
PROD-10126,2025-09-27,MINE-02,MINE-02-ZONE-A,304.0,255.3,34.1,13.7,2.3,0.2,260.0
PROD-10127,2025-09-27,MINE-02,MINE-02-ZONE-B,304.0,280.6,33.92,14.3,1.7,0.2,260.0
PROD-10128,2025-09-27,MINE-02,MINE-02-ZONE-C,304.0,217.8,33.42,12.0,4.0,0.2,260.0
PROD-10129,2025-09-27,MINE-02,MINE-02-ZONE-D,304.0,223.3,38.74,11.9,4.1,0.2,260.0
PROD-10130,2025-09-27,MINE-02,MINE-02-ZONE-E,304.0,252.8,35.37,13.0,3.0,0.2,260.0
PROD-10131,2025-09-27,MINE-03,MINE-03-ZONE-A,304.0,139.2,33.36,9.6,6.4,65.2,260.0
PROD-10132,2025-09-27,MINE-03,MINE-03-ZONE-B,304.0,152.9,33.16,9.2,6.8,65.2,260.0
PROD-10133,2025-09-27,MINE-03,MINE-03-ZONE-C,304.0,207.0,37.67,12.8,3.2,65.2,260.0
PROD-10134,2025-09-27,MINE-03,MINE-03-ZONE-D,304.0,177.7,39.03,11.1,4.9,65.2,260.0
PROD-10135,2025-09-27,MINE-03,MINE-03-ZONE-E,304.0,133.4,37.29,9.0,7.0,65.2,260.0
PROD-10136,2025-09-27,MINE-04,MINE-04-ZONE-A,304.0,177.1,32.24,10.7,5.3,40.3,260.0
PROD-10137,2025-09-27,MINE-04,MINE-04-ZONE-B,304.0,188.9,36.13,11.0,5.0,40.3,260.0
PROD-10138,2025-09-27,MINE-04,MINE-04-ZONE-C,304.0,181.3,36.44,11.6,4.4,40.3,260.0
PROD-10139,2025-09-27,MINE-04,MINE-04-ZONE-D,304.0,209.2,40.13,12.3,3.7,40.3,260.0
PROD-10140,2025-09-27,MINE-04,MINE-04-ZONE-E,304.0,143.7,43.22,9.3,6.7,40.3,260.0
PROD-10141,2025-09-28,MINE-01,MINE-01-ZONE-A,224.0,154.0,39.61,11.7,4.3,1.5,260.0
PROD-10142,2025-09-28,MINE-01,MINE-01-ZONE-B,224.0,208.1,41.44,14.3,1.7,1.5,260.0
PROD-10143,2025-09-28,MINE-01,MINE-01-ZONE-C,224.0,211.0,37.94,14.1,1.9,1.5,260.0
PROD-10144,2025-09-28,MINE-01,MINE-01-ZONE-D,224.0,183.9,43.9,13.0,3.0,1.5,260.0
PROD-10145,2025-09-28,MINE-01,MINE-01-ZONE-E,224.0,187.7,38.16,14.0,2.0,1.5,260.0
PROD-10146,2025-09-28,MINE-02,MINE-02-ZONE-A,224.0,125.2,32.28,9.1,6.9,37.5,260.0
PROD-10147,2025-09-28,MINE-02,MINE-02-ZONE-B,224.0,135.4,39.79,11.7,4.3,37.5,260.0
PROD-10148,2025-09-28,MINE-02,MINE-02-ZONE-C,224.0,119.6,43.95,10.2,5.8,37.5,260.0
PROD-10149,2025-09-28,MINE-02,MINE-02-ZONE-D,224.0,137.3,43.94,11.6,4.4,37.5,260.0
PROD-10150,2025-09-28,MINE-02,MINE-02-ZONE-E,224.0,134.0,36.0,10.4,5.6,37.5,260.0
PROD-10151,2025-09-28,MINE-03,MINE-03-ZONE-A,224.0,174.2,43.12,12.9,3.1,32.4,260.0
PROD-10152,2025-09-28,MINE-03,MINE-03-ZONE-B,224.0,166.5,35.63,13.0,3.0,32.4,260.0
PROD-10153,2025-09-28,MINE-03,MINE-03-ZONE-C,224.0,153.3,36.66,12.2,3.8,32.4,260.0
PROD-10154,2025-09-28,MINE-03,MINE-03-ZONE-D,224.0,122.0,36.5,10.2,5.8,32.4,260.0
PROD-10155,2025-09-28,MINE-03,MINE-03-ZONE-E,224.0,145.7,43.92,11.5,4.5,32.4,260.0
PROD-10156,2025-09-28,MINE-04,MINE-04-ZONE-A,224.0,131.1,33.59,11.3,4.7,70.2,260.0
PROD-10157,2025-09-28,MINE-04,MINE-04-ZONE-B,224.0,121.0,34.31,11.6,4.4,70.2,260.0
PROD-10158,2025-09-28,MINE-04,MINE-04-ZONE-C,224.0,119.0,37.4,11.9,4.1,70.2,260.0
PROD-10159,2025-09-28,MINE-04,MINE-04-ZONE-D,224.0,123.0,42.96,10.3,5.7,70.2,260.0
PROD-10160,2025-09-28,MINE-04,MINE-04-ZONE-E,224.0,118.0,32.28,9.6,6.4,70.2,260.0
PROD-10161,2025-09-29,MINE-01,MINE-01-ZONE-A,228.0,219.6,34.92,15.0,1.0,3.2,260.0
PROD-10162,2025-09-29,MINE-01,MINE-01-ZONE-B,228.0,195.8,38.86,14.8,1.2,3.2,260.0
PROD-10163,2025-09-29,MINE-01,MINE-01-ZONE-C,228.0,193.7,32.9,14.6,1.4,3.2,260.0
PROD-10164,2025-09-29,MINE-01,MINE-01-ZONE-D,228.0,184.9,36.09,12.6,3.4,3.2,260.0
PROD-10165,2025-09-29,MINE-01,MINE-01-ZONE-E,228.0,155.1,38.99,11.9,4.1,3.2,260.0
PROD-10166,2025-09-29,MINE-02,MINE-02-ZONE-A,228.0,171.2,39.57,11.6,4.4,16.4,260.0
PROD-10167,2025-09-29,MINE-02,MINE-02-ZONE-B,228.0,197.3,39.35,14.2,1.8,16.4,260.0
PROD-10168,2025-09-29,MINE-02,MINE-02-ZONE-C,228.0,196.5,43.02,15.3,0.7,16.4,260.0
PROD-10169,2025-09-29,MINE-02,MINE-02-ZONE-D,228.0,150.4,40.62,11.8,4.2,16.4,260.0
PROD-10170,2025-09-29,MINE-02,MINE-02-ZONE-E,228.0,202.6,40.23,15.1,0.9,16.4,260.0
PROD-10171,2025-09-29,MINE-03,MINE-03-ZONE-A,228.0,131.3,36.64,12.2,3.8,94.0,260.0
PROD-10172,2025-09-29,MINE-03,MINE-03-ZONE-B,228.0,98.2,41.81,10.5,5.5,94.0,260.0
PROD-10173,2025-09-29,MINE-03,MINE-03-ZONE-C,228.0,104.2,40.48,10.2,5.8,94.0,260.0
PROD-10174,2025-09-29,MINE-03,MINE-03-ZONE-D,228.0,120.5,39.1,11.1,4.9,94.0,260.0
PROD-10175,2025-09-29,MINE-03,MINE-03-ZONE-E,228.0,96.5,38.09,9.6,6.4,94.0,260.0
PROD-10176,2025-09-29,MINE-04,MINE-04-ZONE-A,228.0,154.7,35.16,12.7,3.3,74.6,260.0
PROD-10177,2025-09-29,MINE-04,MINE-04-ZONE-B,228.0,107.3,34.27,9.5,6.5,74.6,260.0
PROD-10178,2025-09-29,MINE-04,MINE-04-ZONE-C,228.0,146.1,34.26,12.5,3.5,74.6,260.0
PROD-10179,2025-09-29,MINE-04,MINE-04-ZONE-D,228.0,113.9,34.73,9.6,6.4,74.6,260.0
PROD-10180,2025-09-29,MINE-04,MINE-04-ZONE-E,228.0,136.2,35.56,11.4,4.6,74.6,260.0
PROD-10181,2025-09-30,MINE-01,MINE-01-ZONE-A,232.0,205.0,34.62,13.9,2.1,1.2,260.0
PROD-10182,2025-09-30,MINE-01,MINE-01-ZONE-B,232.0,204.8,34.89,14.5,1.5,1.2,260.0
PROD-10183,2025-09-30,MINE-01,MINE-01-ZONE-C,232.0,235.7,40.2,15.5,0.5,1.2,260.0
PROD-10184,2025-09-30,MINE-01,MINE-01-ZONE-D,232.0,197.9,32.74,14.4,1.6,1.2,260.0
PROD-10185,2025-09-30,MINE-01,MINE-01-ZONE-E,232.0,207.1,32.72,13.5,2.5,1.2,260.0
PROD-10186,2025-09-30,MINE-02,MINE-02-ZONE-A,232.0,178.9,40.09,12.5,3.5,0.4,260.0
PROD-10187,2025-09-30,MINE-02,MINE-02-ZONE-B,232.0,170.7,43.73,11.9,4.1,0.4,260.0
PROD-10188,2025-09-30,MINE-02,MINE-02-ZONE-C,232.0,179.9,41.26,12.8,3.2,0.4,260.0
PROD-10189,2025-09-30,MINE-02,MINE-02-ZONE-D,232.0,176.8,39.27,11.8,4.2,0.4,260.0
PROD-10190,2025-09-30,MINE-02,MINE-02-ZONE-E,232.0,171.5,40.73,11.7,4.3,0.4,260.0
PROD-10191,2025-09-30,MINE-03,MINE-03-ZONE-A,232.0,190.8,41.73,14.2,1.8,17.6,260.0
PROD-10192,2025-09-30,MINE-03,MINE-03-ZONE-B,232.0,186.3,37.87,14.0,2.0,17.6,260.0
PROD-10193,2025-09-30,MINE-03,MINE-03-ZONE-C,232.0,190.0,34.74,13.3,2.7,17.6,260.0
PROD-10194,2025-09-30,MINE-03,MINE-03-ZONE-D,232.0,209.0,36.92,14.8,1.2,17.6,260.0
PROD-10195,2025-09-30,MINE-03,MINE-03-ZONE-E,232.0,159.5,41.56,12.0,4.0,17.6,260.0
PROD-10196,2025-09-30,MINE-04,MINE-04-ZONE-A,232.0,166.6,42.42,11.7,4.3,0.2,260.0
PROD-10197,2025-09-30,MINE-04,MINE-04-ZONE-B,232.0,186.7,40.85,13.6,2.4,0.2,260.0
PROD-10198,2025-09-30,MINE-04,MINE-04-ZONE-C,232.0,216.4,42.48,14.0,2.0,0.2,260.0
PROD-10199,2025-09-30,MINE-04,MINE-04-ZONE-D,232.0,174.7,42.44,12.3,3.7,0.2,260.0
PROD-10200,2025-09-30,MINE-04,MINE-04-ZONE-E,232.0,211.9,37.21,14.9,1.1,0.2,260.0
PROD-10201,2025-10-01,MINE-01,MINE-01-ZONE-A,276.0,222.3,33.81,12.2,3.8,0.5,260.0
PROD-10202,2025-10-01,MINE-01,MINE-01-ZONE-B,276.0,193.0,32.2,11.7,4.3,0.5,260.0
PROD-10203,2025-10-01,MINE-01,MINE-01-ZONE-C,276.0,227.4,34.37,13.6,2.4,0.5,260.0
PROD-10204,2025-10-01,MINE-01,MINE-01-ZONE-D,276.0,222.3,41.96,13.5,2.5,0.5,260.0
PROD-10205,2025-10-01,MINE-01,MINE-01-ZONE-E,276.0,201.7,34.28,12.1,3.9,0.5,260.0
PROD-10206,2025-10-01,MINE-02,MINE-02-ZONE-A,276.0,224.1,37.22,13.1,2.9,2.7,260.0
PROD-10207,2025-10-01,MINE-02,MINE-02-ZONE-B,276.0,206.7,39.99,12.1,3.9,2.7,260.0
PROD-10208,2025-10-01,MINE-02,MINE-02-ZONE-C,276.0,229.4,43.44,14.1,1.9,2.7,260.0
PROD-10209,2025-10-01,MINE-02,MINE-02-ZONE-D,276.0,220.5,33.7,12.7,3.3,2.7,260.0
PROD-10210,2025-10-01,MINE-02,MINE-02-ZONE-E,276.0,229.1,34.6,13.4,2.6,2.7,260.0
PROD-10211,2025-10-01,MINE-03,MINE-03-ZONE-A,276.0,245.8,39.58,13.5,2.5,1.1,260.0
PROD-10212,2025-10-01,MINE-03,MINE-03-ZONE-B,276.0,236.7,39.42,14.1,1.9,1.1,260.0
PROD-10213,2025-10-01,MINE-03,MINE-03-ZONE-C,276.0,228.2,38.36,13.1,2.9,1.1,260.0
PROD-10214,2025-10-01,MINE-03,MINE-03-ZONE-D,276.0,238.6,40.26,14.1,1.9,1.1,260.0
PROD-10215,2025-10-01,MINE-03,MINE-03-ZONE-E,276.0,259.9,37.68,15.0,1.0,1.1,260.0
PROD-10216,2025-10-01,MINE-04,MINE-04-ZONE-A,276.0,259.3,34.95,15.4,0.6,3.1,260.0
PROD-10217,2025-10-01,MINE-04,MINE-04-ZONE-B,276.0,205.6,42.92,11.7,4.3,3.1,260.0
PROD-10218,2025-10-01,MINE-04,MINE-04-ZONE-C,276.0,207.4,42.82,11.9,4.1,3.1,260.0
PROD-10219,2025-10-01,MINE-04,MINE-04-ZONE-D,276.0,225.8,36.09,13.6,2.4,3.1,260.0
PROD-10220,2025-10-01,MINE-04,MINE-04-ZONE-E,276.0,216.2,42.82,12.3,3.7,3.1,260.0
PROD-10221,2025-10-02,MINE-01,MINE-01-ZONE-A,280.0,209.4,38.87,11.6,4.4,3.3,260.0
PROD-10222,2025-10-02,MINE-01,MINE-01-ZONE-B,280.0,212.4,39.31,11.9,4.1,3.3,260.0
PROD-10223,2025-10-02,MINE-01,MINE-01-ZONE-C,280.0,203.9,38.76,12.2,3.8,3.3,260.0
PROD-10224,2025-10-02,MINE-01,MINE-01-ZONE-D,280.0,200.6,42.57,11.9,4.1,3.3,260.0
PROD-10225,2025-10-02,MINE-01,MINE-01-ZONE-E,280.0,232.0,35.86,14.0,2.0,3.3,260.0
PROD-10226,2025-10-02,MINE-02,MINE-02-ZONE-A,280.0,230.6,42.81,13.4,2.6,3.9,260.0
PROD-10227,2025-10-02,MINE-02,MINE-02-ZONE-B,280.0,209.2,32.8,11.7,4.3,3.9,260.0
PROD-10228,2025-10-02,MINE-02,MINE-02-ZONE-C,280.0,231.2,41.24,13.9,2.1,3.9,260.0
PROD-10229,2025-10-02,MINE-02,MINE-02-ZONE-D,280.0,215.6,41.33,12.7,3.3,3.9,260.0
PROD-10230,2025-10-02,MINE-02,MINE-02-ZONE-E,280.0,226.9,32.04,13.6,2.4,3.9,260.0
PROD-10231,2025-10-02,MINE-03,MINE-03-ZONE-A,280.0,248.2,38.74,14.1,1.9,2.9,260.0
PROD-10232,2025-10-02,MINE-03,MINE-03-ZONE-B,280.0,228.8,37.82,12.4,3.6,2.9,260.0
PROD-10233,2025-10-02,MINE-03,MINE-03-ZONE-C,280.0,257.8,34.4,14.2,1.8,2.9,260.0
PROD-10234,2025-10-02,MINE-03,MINE-03-ZONE-D,280.0,204.0,43.08,12.3,3.7,2.9,260.0
PROD-10235,2025-10-02,MINE-03,MINE-03-ZONE-E,280.0,221.1,32.73,13.1,2.9,2.9,260.0
PROD-10236,2025-10-02,MINE-04,MINE-04-ZONE-A,280.0,209.5,38.05,12.0,4.0,1.9,260.0
PROD-10237,2025-10-02,MINE-04,MINE-04-ZONE-B,280.0,248.6,40.41,14.5,1.5,1.9,260.0
PROD-10238,2025-10-02,MINE-04,MINE-04-ZONE-C,280.0,204.5,34.45,12.1,3.9,1.9,260.0
PROD-10239,2025-10-02,MINE-04,MINE-04-ZONE-D,280.0,234.7,39.73,14.3,1.7,1.9,260.0
PROD-10240,2025-10-02,MINE-04,MINE-04-ZONE-E,280.0,236.2,41.31,13.8,2.2,1.9,260.0
PROD-10241,2025-10-03,MINE-01,MINE-01-ZONE-A,284.0,202.3,36.58,11.5,4.5,0.4,260.0
PROD-10242,2025-10-03,MINE-01,MINE-01-ZONE-B,284.0,262.5,35.77,14.9,1.1,0.4,260.0
PROD-10243,2025-10-03,MINE-01,MINE-01-ZONE-C,284.0,207.9,34.37,11.8,4.2,0.4,260.0
PROD-10244,2025-10-03,MINE-01,MINE-01-ZONE-D,284.0,225.8,39.04,13.1,2.9,0.4,260.0
PROD-10245,2025-10-03,MINE-01,MINE-01-ZONE-E,284.0,237.3,32.63,14.2,1.8,0.4,260.0
PROD-10246,2025-10-03,MINE-02,MINE-02-ZONE-A,284.0,249.8,33.7,14.2,1.8,2.1,260.0
PROD-10247,2025-10-03,MINE-02,MINE-02-ZONE-B,284.0,211.4,32.31,12.2,3.8,2.1,260.0
PROD-10248,2025-10-03,MINE-02,MINE-02-ZONE-C,284.0,238.1,34.14,13.8,2.2,2.1,260.0
PROD-10249,2025-10-03,MINE-02,MINE-02-ZONE-D,284.0,237.1,39.72,13.0,3.0,2.1,260.0
PROD-10250,2025-10-03,MINE-02,MINE-02-ZONE-E,284.0,258.2,32.47,14.2,1.8,2.1,260.0
PROD-10251,2025-10-03,MINE-03,MINE-03-ZONE-A,284.0,244.9,40.56,13.5,2.5,1.9,260.0
PROD-10252,2025-10-03,MINE-03,MINE-03-ZONE-B,284.0,251.1,33.68,13.5,2.5,1.9,260.0
PROD-10253,2025-10-03,MINE-03,MINE-03-ZONE-C,284.0,256.4,40.57,15.1,0.9,1.9,260.0
PROD-10254,2025-10-03,MINE-03,MINE-03-ZONE-D,284.0,262.3,36.28,15.1,0.9,1.9,260.0
PROD-10255,2025-10-03,MINE-03,MINE-03-ZONE-E,284.0,263.6,32.83,15.2,0.8,1.9,260.0
PROD-10256,2025-10-03,MINE-04,MINE-04-ZONE-A,284.0,232.7,37.0,13.9,2.1,1.2,260.0
PROD-10257,2025-10-03,MINE-04,MINE-04-ZONE-B,284.0,223.4,38.58,12.3,3.7,1.2,260.0
PROD-10258,2025-10-03,MINE-04,MINE-04-ZONE-C,284.0,258.3,33.91,15.1,0.9,1.2,260.0
PROD-10259,2025-10-03,MINE-04,MINE-04-ZONE-D,284.0,230.4,34.73,12.4,3.6,1.2,260.0
PROD-10260,2025-10-03,MINE-04,MINE-04-ZONE-E,284.0,276.1,32.29,15.3,0.7,1.2,260.0
PROD-10261,2025-10-04,MINE-01,MINE-01-ZONE-A,288.0,237.1,37.74,12.9,3.1,1.5,260.0
PROD-10262,2025-10-04,MINE-01,MINE-01-ZONE-B,288.0,281.9,43.4,15.3,0.7,1.5,260.0
PROD-10263,2025-10-04,MINE-01,MINE-01-ZONE-C,288.0,198.8,35.83,11.7,4.3,1.5,260.0
PROD-10264,2025-10-04,MINE-01,MINE-01-ZONE-D,288.0,253.1,36.75,13.9,2.1,1.5,260.0
PROD-10265,2025-10-04,MINE-01,MINE-01-ZONE-E,288.0,235.6,32.28,13.5,2.5,1.5,260.0
PROD-10266,2025-10-04,MINE-02,MINE-02-ZONE-A,288.0,221.9,32.82,12.6,3.4,3.4,260.0
PROD-10267,2025-10-04,MINE-02,MINE-02-ZONE-B,288.0,248.0,34.75,14.7,1.3,3.4,260.0
PROD-10268,2025-10-04,MINE-02,MINE-02-ZONE-C,288.0,236.0,32.97,13.5,2.5,3.4,260.0
PROD-10269,2025-10-04,MINE-02,MINE-02-ZONE-D,288.0,214.1,41.95,12.0,4.0,3.4,260.0
PROD-10270,2025-10-04,MINE-02,MINE-02-ZONE-E,288.0,237.2,32.09,13.9,2.1,3.4,260.0
PROD-10271,2025-10-04,MINE-03,MINE-03-ZONE-A,288.0,236.5,35.19,13.0,3.0,1.7,260.0
PROD-10272,2025-10-04,MINE-03,MINE-03-ZONE-B,288.0,247.4,42.02,14.0,2.0,1.7,260.0
PROD-10273,2025-10-04,MINE-03,MINE-03-ZONE-C,288.0,216.5,34.35,12.5,3.5,1.7,260.0
PROD-10274,2025-10-04,MINE-03,MINE-03-ZONE-D,288.0,209.9,39.81,11.9,4.1,1.7,260.0
PROD-10275,2025-10-04,MINE-03,MINE-03-ZONE-E,288.0,243.7,43.61,13.7,2.3,1.7,260.0
PROD-10276,2025-10-04,MINE-04,MINE-04-ZONE-A,288.0,235.9,34.46,12.8,3.2,3.8,260.0
PROD-10277,2025-10-04,MINE-04,MINE-04-ZONE-B,288.0,263.5,33.28,15.0,1.0,3.8,260.0
PROD-10278,2025-10-04,MINE-04,MINE-04-ZONE-C,288.0,201.1,41.12,11.8,4.2,3.8,260.0
PROD-10279,2025-10-04,MINE-04,MINE-04-ZONE-D,288.0,218.2,40.28,12.6,3.4,3.8,260.0
PROD-10280,2025-10-04,MINE-04,MINE-04-ZONE-E,288.0,262.6,35.64,14.6,1.4,3.8,260.0
PROD-10281,2025-10-05,MINE-01,MINE-01-ZONE-A,208.0,179.8,34.76,13.6,2.4,2.7,260.0
PROD-10282,2025-10-05,MINE-01,MINE-01-ZONE-B,208.0,163.8,34.6,11.9,4.1,2.7,260.0
PROD-10283,2025-10-05,MINE-01,MINE-01-ZONE-C,208.0,183.9,41.96,15.4,0.6,2.7,260.0
PROD-10284,2025-10-05,MINE-01,MINE-01-ZONE-D,208.0,147.2,43.36,12.1,3.9,2.7,260.0
PROD-10285,2025-10-05,MINE-01,MINE-01-ZONE-E,208.0,174.1,43.81,13.9,2.1,2.7,260.0
PROD-10286,2025-10-05,MINE-02,MINE-02-ZONE-A,208.0,160.0,37.9,13.1,2.9,0.5,260.0
PROD-10287,2025-10-05,MINE-02,MINE-02-ZONE-B,208.0,166.2,43.84,13.3,2.7,0.5,260.0
PROD-10288,2025-10-05,MINE-02,MINE-02-ZONE-C,208.0,149.5,39.4,12.1,3.9,0.5,260.0
PROD-10289,2025-10-05,MINE-02,MINE-02-ZONE-D,208.0,166.3,39.43,12.0,4.0,0.5,260.0
PROD-10290,2025-10-05,MINE-02,MINE-02-ZONE-E,208.0,170.5,43.16,12.1,3.9,0.5,260.0
PROD-10291,2025-10-05,MINE-03,MINE-03-ZONE-A,208.0,180.7,38.82,14.3,1.7,3.0,260.0
PROD-10292,2025-10-05,MINE-03,MINE-03-ZONE-B,208.0,178.6,34.58,14.9,1.1,3.0,260.0
PROD-10293,2025-10-05,MINE-03,MINE-03-ZONE-C,208.0,187.1,42.52,14.7,1.3,3.0,260.0
PROD-10294,2025-10-05,MINE-03,MINE-03-ZONE-D,208.0,193.3,32.27,15.2,0.8,3.0,260.0
PROD-10295,2025-10-05,MINE-03,MINE-03-ZONE-E,208.0,171.7,35.62,12.4,3.6,3.0,260.0
PROD-10296,2025-10-05,MINE-04,MINE-04-ZONE-A,208.0,199.7,42.65,14.4,1.6,0.8,260.0
PROD-10297,2025-10-05,MINE-04,MINE-04-ZONE-B,208.0,150.7,43.03,12.3,3.7,0.8,260.0
PROD-10298,2025-10-05,MINE-04,MINE-04-ZONE-C,208.0,167.6,32.36,12.5,3.5,0.8,260.0
PROD-10299,2025-10-05,MINE-04,MINE-04-ZONE-D,208.0,152.3,32.17,11.8,4.2,0.8,260.0
PROD-10300,2025-10-05,MINE-04,MINE-04-ZONE-E,208.0,189.2,42.44,15.2,0.8,0.8,260.0
PROD-10301,2025-10-06,MINE-01,MINE-01-ZONE-A,252.0,209.1,35.24,13.2,2.8,0.9,260.0
PROD-10302,2025-10-06,MINE-01,MINE-01-ZONE-B,252.0,198.9,40.78,12.7,3.3,0.9,260.0
PROD-10303,2025-10-06,MINE-01,MINE-01-ZONE-C,252.0,221.0,40.14,14.9,1.1,0.9,260.0
PROD-10304,2025-10-06,MINE-01,MINE-01-ZONE-D,252.0,241.8,41.97,15.4,0.6,0.9,260.0
PROD-10305,2025-10-06,MINE-01,MINE-01-ZONE-E,252.0,232.5,38.92,13.9,2.1,0.9,260.0
PROD-10306,2025-10-06,MINE-02,MINE-02-ZONE-A,252.0,225.6,41.23,15.3,0.7,3.1,260.0
PROD-10307,2025-10-06,MINE-02,MINE-02-ZONE-B,252.0,218.1,37.75,14.4,1.6,3.1,260.0
PROD-10308,2025-10-06,MINE-02,MINE-02-ZONE-C,252.0,177.7,35.26,12.3,3.7,3.1,260.0
PROD-10309,2025-10-06,MINE-02,MINE-02-ZONE-D,252.0,179.3,37.38,12.0,4.0,3.1,260.0
PROD-10310,2025-10-06,MINE-02,MINE-02-ZONE-E,252.0,246.4,42.48,15.5,0.5,3.1,260.0
PROD-10311,2025-10-06,MINE-03,MINE-03-ZONE-A,252.0,188.0,43.43,12.2,3.8,3.8,260.0
PROD-10312,2025-10-06,MINE-03,MINE-03-ZONE-B,252.0,202.1,42.18,13.5,2.5,3.8,260.0
PROD-10313,2025-10-06,MINE-03,MINE-03-ZONE-C,252.0,234.1,39.18,15.3,0.7,3.8,260.0
PROD-10314,2025-10-06,MINE-03,MINE-03-ZONE-D,252.0,212.5,33.97,13.7,2.3,3.8,260.0
PROD-10315,2025-10-06,MINE-03,MINE-03-ZONE-E,252.0,197.0,38.61,12.9,3.1,3.8,260.0
PROD-10316,2025-10-06,MINE-04,MINE-04-ZONE-A,252.0,238.9,36.16,14.9,1.1,4.0,260.0
PROD-10317,2025-10-06,MINE-04,MINE-04-ZONE-B,252.0,227.4,37.61,14.8,1.2,4.0,260.0
PROD-10318,2025-10-06,MINE-04,MINE-04-ZONE-C,252.0,213.2,41.77,14.1,1.9,4.0,260.0
PROD-10319,2025-10-06,MINE-04,MINE-04-ZONE-D,252.0,194.3,38.51,12.5,3.5,4.0,260.0
PROD-10320,2025-10-06,MINE-04,MINE-04-ZONE-E,252.0,217.4,39.23,14.1,1.9,4.0,260.0
PROD-10321,2025-10-07,MINE-01,MINE-01-ZONE-A,256.0,186.7,36.3,12.0,4.0,0.5,260.0
PROD-10322,2025-10-07,MINE-01,MINE-01-ZONE-B,256.0,224.9,42.34,13.6,2.4,0.5,260.0
PROD-10323,2025-10-07,MINE-01,MINE-01-ZONE-C,256.0,222.7,38.08,14.8,1.2,0.5,260.0
PROD-10324,2025-10-07,MINE-01,MINE-01-ZONE-D,256.0,197.1,39.19,12.1,3.9,0.5,260.0
PROD-10325,2025-10-07,MINE-01,MINE-01-ZONE-E,256.0,222.4,33.91,13.3,2.7,0.5,260.0
PROD-10326,2025-10-07,MINE-02,MINE-02-ZONE-A,256.0,185.9,41.8,12.3,3.7,0.1,260.0
PROD-10327,2025-10-07,MINE-02,MINE-02-ZONE-B,256.0,240.9,32.98,14.7,1.3,0.1,260.0
PROD-10328,2025-10-07,MINE-02,MINE-02-ZONE-C,256.0,209.1,38.02,13.8,2.2,0.1,260.0
PROD-10329,2025-10-07,MINE-02,MINE-02-ZONE-D,256.0,232.8,32.05,15.3,0.7,0.1,260.0
PROD-10330,2025-10-07,MINE-02,MINE-02-ZONE-E,256.0,193.7,33.98,11.8,4.2,0.1,260.0
PROD-10331,2025-10-07,MINE-03,MINE-03-ZONE-A,256.0,239.8,36.02,14.6,1.4,0.1,260.0
PROD-10332,2025-10-07,MINE-03,MINE-03-ZONE-B,256.0,246.9,41.56,15.0,1.0,0.1,260.0
PROD-10333,2025-10-07,MINE-03,MINE-03-ZONE-C,256.0,209.6,39.88,13.3,2.7,0.1,260.0
PROD-10334,2025-10-07,MINE-03,MINE-03-ZONE-D,256.0,224.6,41.0,13.9,2.1,0.1,260.0
PROD-10335,2025-10-07,MINE-03,MINE-03-ZONE-E,256.0,217.8,34.71,12.7,3.3,0.1,260.0
PROD-10336,2025-10-07,MINE-04,MINE-04-ZONE-A,256.0,195.3,40.33,12.9,3.1,1.2,260.0
PROD-10337,2025-10-07,MINE-04,MINE-04-ZONE-B,256.0,205.8,42.72,12.5,3.5,1.2,260.0
PROD-10338,2025-10-07,MINE-04,MINE-04-ZONE-C,256.0,193.9,37.94,11.6,4.4,1.2,260.0
PROD-10339,2025-10-07,MINE-04,MINE-04-ZONE-D,256.0,194.0,35.68,11.8,4.2,1.2,260.0
PROD-10340,2025-10-07,MINE-04,MINE-04-ZONE-E,256.0,193.4,34.51,12.5,3.5,1.2,260.0
PROD-10341,2025-10-08,MINE-01,MINE-01-ZONE-A,260.0,221.9,34.29,12.9,3.1,2.1,260.0
PROD-10342,2025-10-08,MINE-01,MINE-01-ZONE-B,260.0,242.5,34.49,15.4,0.6,2.1,260.0
PROD-10343,2025-10-08,MINE-01,MINE-01-ZONE-C,260.0,202.4,32.8,12.2,3.8,2.1,260.0
PROD-10344,2025-10-08,MINE-01,MINE-01-ZONE-D,260.0,209.8,43.34,13.7,2.3,2.1,260.0
PROD-10345,2025-10-08,MINE-01,MINE-01-ZONE-E,260.0,193.6,39.17,12.9,3.1,2.1,260.0
PROD-10346,2025-10-08,MINE-02,MINE-02-ZONE-A,260.0,224.0,35.65,14.1,1.9,2.0,260.0
PROD-10347,2025-10-08,MINE-02,MINE-02-ZONE-B,260.0,222.6,39.62,13.0,3.0,2.0,260.0
PROD-10348,2025-10-08,MINE-02,MINE-02-ZONE-C,260.0,217.0,43.72,13.1,2.9,2.0,260.0
PROD-10349,2025-10-08,MINE-02,MINE-02-ZONE-D,260.0,213.6,35.07,13.5,2.5,2.0,260.0
PROD-10350,2025-10-08,MINE-02,MINE-02-ZONE-E,260.0,228.6,41.04,13.6,2.4,2.0,260.0
PROD-10351,2025-10-08,MINE-03,MINE-03-ZONE-A,260.0,197.9,39.05,12.4,3.6,2.2,260.0
PROD-10352,2025-10-08,MINE-03,MINE-03-ZONE-B,260.0,207.2,40.22,12.0,4.0,2.2,260.0
PROD-10353,2025-10-08,MINE-03,MINE-03-ZONE-C,260.0,182.0,43.55,11.5,4.5,2.2,260.0
PROD-10354,2025-10-08,MINE-03,MINE-03-ZONE-D,260.0,189.4,35.03,12.5,3.5,2.2,260.0
PROD-10355,2025-10-08,MINE-03,MINE-03-ZONE-E,260.0,236.1,41.97,15.1,0.9,2.2,260.0
PROD-10356,2025-10-08,MINE-04,MINE-04-ZONE-A,260.0,196.9,36.56,13.0,3.0,3.5,260.0
PROD-10357,2025-10-08,MINE-04,MINE-04-ZONE-B,260.0,231.4,37.63,14.2,1.8,3.5,260.0
PROD-10358,2025-10-08,MINE-04,MINE-04-ZONE-C,260.0,229.9,40.45,14.2,1.8,3.5,260.0
PROD-10359,2025-10-08,MINE-04,MINE-04-ZONE-D,260.0,223.7,33.14,13.7,2.3,3.5,260.0
PROD-10360,2025-10-08,MINE-04,MINE-04-ZONE-E,260.0,208.6,40.1,12.8,3.2,3.5,260.0
PROD-10361,2025-10-09,MINE-01,MINE-01-ZONE-A,264.0,252.9,32.83,15.4,0.6,1.8,260.0
PROD-10362,2025-10-09,MINE-01,MINE-01-ZONE-B,264.0,236.1,38.78,14.8,1.2,1.8,260.0
PROD-10363,2025-10-09,MINE-01,MINE-01-ZONE-C,264.0,202.9,40.69,12.3,3.7,1.8,260.0
PROD-10364,2025-10-09,MINE-01,MINE-01-ZONE-D,264.0,226.5,38.2,14.5,1.5,1.8,260.0
PROD-10365,2025-10-09,MINE-01,MINE-01-ZONE-E,264.0,241.4,42.24,14.8,1.2,1.8,260.0
PROD-10366,2025-10-09,MINE-02,MINE-02-ZONE-A,264.0,253.1,37.12,15.3,0.7,3.1,260.0
PROD-10367,2025-10-09,MINE-02,MINE-02-ZONE-B,264.0,223.3,32.92,12.8,3.2,3.1,260.0
PROD-10368,2025-10-09,MINE-02,MINE-02-ZONE-C,264.0,214.8,36.65,13.6,2.4,3.1,260.0
PROD-10369,2025-10-09,MINE-02,MINE-02-ZONE-D,264.0,208.9,34.12,12.5,3.5,3.1,260.0
PROD-10370,2025-10-09,MINE-02,MINE-02-ZONE-E,264.0,222.9,34.68,14.0,2.0,3.1,260.0
PROD-10371,2025-10-09,MINE-03,MINE-03-ZONE-A,264.0,199.8,37.92,12.0,4.0,1.2,260.0
PROD-10372,2025-10-09,MINE-03,MINE-03-ZONE-B,264.0,216.4,43.38,12.6,3.4,1.2,260.0
PROD-10373,2025-10-09,MINE-03,MINE-03-ZONE-C,264.0,236.5,33.58,15.0,1.0,1.2,260.0
PROD-10374,2025-10-09,MINE-03,MINE-03-ZONE-D,264.0,193.9,32.28,11.6,4.4,1.2,260.0
PROD-10375,2025-10-09,MINE-03,MINE-03-ZONE-E,264.0,230.8,37.16,13.5,2.5,1.2,260.0
PROD-10376,2025-10-09,MINE-04,MINE-04-ZONE-A,264.0,220.2,36.42,12.7,3.3,2.0,260.0
PROD-10377,2025-10-09,MINE-04,MINE-04-ZONE-B,264.0,215.7,32.4,13.3,2.7,2.0,260.0
PROD-10378,2025-10-09,MINE-04,MINE-04-ZONE-C,264.0,232.4,32.8,13.8,2.2,2.0,260.0
PROD-10379,2025-10-09,MINE-04,MINE-04-ZONE-D,264.0,260.6,39.98,15.2,0.8,2.0,260.0
PROD-10380,2025-10-09,MINE-04,MINE-04-ZONE-E,264.0,223.3,34.92,13.6,2.4,2.0,260.0
PROD-10381,2025-10-10,MINE-01,MINE-01-ZONE-A,268.0,185.5,32.29,11.8,4.2,2.2,260.0
PROD-10382,2025-10-10,MINE-01,MINE-01-ZONE-B,268.0,243.5,34.36,15.2,0.8,2.2,260.0
PROD-10383,2025-10-10,MINE-01,MINE-01-ZONE-C,268.0,216.0,38.69,12.9,3.1,2.2,260.0
PROD-10384,2025-10-10,MINE-01,MINE-01-ZONE-D,268.0,240.4,39.88,13.6,2.4,2.2,260.0
PROD-10385,2025-10-10,MINE-01,MINE-01-ZONE-E,268.0,208.1,32.48,13.2,2.8,2.2,260.0
PROD-10386,2025-10-10,MINE-02,MINE-02-ZONE-A,268.0,238.5,40.96,14.7,1.3,2.4,260.0
PROD-10387,2025-10-10,MINE-02,MINE-02-ZONE-B,268.0,227.3,38.12,13.9,2.1,2.4,260.0
PROD-10388,2025-10-10,MINE-02,MINE-02-ZONE-C,268.0,258.5,35.19,15.5,0.5,2.4,260.0
PROD-10389,2025-10-10,MINE-02,MINE-02-ZONE-D,268.0,216.9,41.74,13.4,2.6,2.4,260.0
PROD-10390,2025-10-10,MINE-02,MINE-02-ZONE-E,268.0,228.4,37.76,14.2,1.8,2.4,260.0
PROD-10391,2025-10-10,MINE-03,MINE-03-ZONE-A,268.0,248.7,37.74,14.6,1.4,1.1,260.0
PROD-10392,2025-10-10,MINE-03,MINE-03-ZONE-B,268.0,233.9,38.64,14.6,1.4,1.1,260.0
PROD-10393,2025-10-10,MINE-03,MINE-03-ZONE-C,268.0,227.8,32.85,13.0,3.0,1.1,260.0
PROD-10394,2025-10-10,MINE-03,MINE-03-ZONE-D,268.0,224.4,33.74,12.8,3.2,1.1,260.0
PROD-10395,2025-10-10,MINE-03,MINE-03-ZONE-E,268.0,208.0,43.88,12.5,3.5,1.1,260.0
PROD-10396,2025-10-10,MINE-04,MINE-04-ZONE-A,268.0,243.4,39.52,15.2,0.8,1.5,260.0
PROD-10397,2025-10-10,MINE-04,MINE-04-ZONE-B,268.0,233.9,43.25,13.8,2.2,1.5,260.0
PROD-10398,2025-10-10,MINE-04,MINE-04-ZONE-C,268.0,200.6,41.03,12.2,3.8,1.5,260.0
PROD-10399,2025-10-10,MINE-04,MINE-04-ZONE-D,268.0,249.7,36.74,15.3,0.7,1.5,260.0
PROD-10400,2025-10-10,MINE-04,MINE-04-ZONE-E,268.0,251.9,36.48,14.7,1.3,1.5,260.0
PROD-10401,2025-10-11,MINE-01,MINE-01-ZONE-A,312.0,275.2,34.7,13.7,2.3,2.5,260.0
PROD-10402,2025-10-11,MINE-01,MINE-01-ZONE-B,312.0,229.7,43.39,11.9,4.1,2.5,260.0
PROD-10403,2025-10-11,MINE-01,MINE-01-ZONE-C,312.0,258.5,42.46,13.5,2.5,2.5,260.0
PROD-10404,2025-10-11,MINE-01,MINE-01-ZONE-D,312.0,243.8,38.26,13.0,3.0,2.5,260.0
PROD-10405,2025-10-11,MINE-01,MINE-01-ZONE-E,312.0,248.5,39.2,13.5,2.5,2.5,260.0
PROD-10406,2025-10-11,MINE-02,MINE-02-ZONE-A,312.0,269.7,40.45,13.8,2.2,1.6,260.0
PROD-10407,2025-10-11,MINE-02,MINE-02-ZONE-B,312.0,248.8,32.48,12.4,3.6,1.6,260.0
PROD-10408,2025-10-11,MINE-02,MINE-02-ZONE-C,312.0,272.9,39.8,14.4,1.6,1.6,260.0
PROD-10409,2025-10-11,MINE-02,MINE-02-ZONE-D,312.0,220.4,42.04,11.6,4.4,1.6,260.0
PROD-10410,2025-10-11,MINE-02,MINE-02-ZONE-E,312.0,266.8,42.26,13.1,2.9,1.6,260.0
PROD-10411,2025-10-11,MINE-03,MINE-03-ZONE-A,312.0,263.9,41.09,13.6,2.4,1.2,260.0
PROD-10412,2025-10-11,MINE-03,MINE-03-ZONE-B,312.0,237.8,38.72,12.1,3.9,1.2,260.0
PROD-10413,2025-10-11,MINE-03,MINE-03-ZONE-C,312.0,251.7,41.43,12.8,3.2,1.2,260.0
PROD-10414,2025-10-11,MINE-03,MINE-03-ZONE-D,312.0,286.6,40.3,15.0,1.0,1.2,260.0
PROD-10415,2025-10-11,MINE-03,MINE-03-ZONE-E,312.0,226.4,39.4,11.6,4.4,1.2,260.0
PROD-10416,2025-10-11,MINE-04,MINE-04-ZONE-A,312.0,299.8,43.21,15.2,0.8,0.5,260.0
PROD-10417,2025-10-11,MINE-04,MINE-04-ZONE-B,312.0,236.5,34.73,12.0,4.0,0.5,260.0
PROD-10418,2025-10-11,MINE-04,MINE-04-ZONE-C,312.0,224.5,34.87,11.8,4.2,0.5,260.0
PROD-10419,2025-10-11,MINE-04,MINE-04-ZONE-D,312.0,300.4,34.3,14.7,1.3,0.5,260.0
PROD-10420,2025-10-11,MINE-04,MINE-04-ZONE-E,312.0,281.8,35.34,14.2,1.8,0.5,260.0
PROD-10421,2025-10-12,MINE-01,MINE-01-ZONE-A,232.0,193.6,34.26,13.1,2.9,2.6,260.0
PROD-10422,2025-10-12,MINE-01,MINE-01-ZONE-B,232.0,195.6,41.63,13.0,3.0,2.6,260.0
PROD-10423,2025-10-12,MINE-01,MINE-01-ZONE-C,232.0,173.4,40.23,12.7,3.3,2.6,260.0
PROD-10424,2025-10-12,MINE-01,MINE-01-ZONE-D,232.0,182.9,34.45,12.6,3.4,2.6,260.0
PROD-10425,2025-10-12,MINE-01,MINE-01-ZONE-E,232.0,196.3,33.41,13.6,2.4,2.6,260.0
PROD-10426,2025-10-12,MINE-02,MINE-02-ZONE-A,232.0,176.4,34.96,12.6,3.4,0.1,260.0
PROD-10427,2025-10-12,MINE-02,MINE-02-ZONE-B,232.0,193.9,36.05,13.1,2.9,0.1,260.0
PROD-10428,2025-10-12,MINE-02,MINE-02-ZONE-C,232.0,183.2,36.5,12.0,4.0,0.1,260.0
PROD-10429,2025-10-12,MINE-02,MINE-02-ZONE-D,232.0,208.0,43.19,13.9,2.1,0.1,260.0
PROD-10430,2025-10-12,MINE-02,MINE-02-ZONE-E,232.0,193.8,35.06,13.7,2.3,0.1,260.0
PROD-10431,2025-10-12,MINE-03,MINE-03-ZONE-A,232.0,207.6,36.52,15.2,0.8,2.3,260.0
PROD-10432,2025-10-12,MINE-03,MINE-03-ZONE-B,232.0,188.3,32.8,13.3,2.7,2.3,260.0
PROD-10433,2025-10-12,MINE-03,MINE-03-ZONE-C,232.0,169.8,37.94,12.3,3.7,2.3,260.0
PROD-10434,2025-10-12,MINE-03,MINE-03-ZONE-D,232.0,171.4,41.85,11.8,4.2,2.3,260.0
PROD-10435,2025-10-12,MINE-03,MINE-03-ZONE-E,232.0,192.0,35.19,13.5,2.5,2.3,260.0
PROD-10436,2025-10-12,MINE-04,MINE-04-ZONE-A,232.0,170.6,37.87,11.6,4.4,2.8,260.0
PROD-10437,2025-10-12,MINE-04,MINE-04-ZONE-B,232.0,215.2,35.76,15.1,0.9,2.8,260.0
PROD-10438,2025-10-12,MINE-04,MINE-04-ZONE-C,232.0,202.9,41.12,14.9,1.1,2.8,260.0
PROD-10439,2025-10-12,MINE-04,MINE-04-ZONE-D,232.0,151.6,32.84,11.5,4.5,2.8,260.0
PROD-10440,2025-10-12,MINE-04,MINE-04-ZONE-E,232.0,218.2,33.53,15.1,0.9,2.8,260.0
PROD-10441,2025-10-13,MINE-01,MINE-01-ZONE-A,236.0,228.2,37.08,15.1,0.9,2.7,260.0
PROD-10442,2025-10-13,MINE-01,MINE-01-ZONE-B,236.0,228.7,32.72,15.3,0.7,2.7,260.0
PROD-10443,2025-10-13,MINE-01,MINE-01-ZONE-C,236.0,235.2,40.63,15.1,0.9,2.7,260.0
PROD-10444,2025-10-13,MINE-01,MINE-01-ZONE-D,236.0,202.9,34.65,14.4,1.6,2.7,260.0
PROD-10445,2025-10-13,MINE-01,MINE-01-ZONE-E,236.0,199.2,43.13,13.1,2.9,2.7,260.0
PROD-10446,2025-10-13,MINE-02,MINE-02-ZONE-A,236.0,199.6,32.28,14.1,1.9,0.8,260.0
PROD-10447,2025-10-13,MINE-02,MINE-02-ZONE-B,236.0,202.1,34.06,13.2,2.8,0.8,260.0
PROD-10448,2025-10-13,MINE-02,MINE-02-ZONE-C,236.0,167.2,38.5,11.6,4.4,0.8,260.0
PROD-10449,2025-10-13,MINE-02,MINE-02-ZONE-D,236.0,216.4,38.85,15.4,0.6,0.8,260.0
PROD-10450,2025-10-13,MINE-02,MINE-02-ZONE-E,236.0,205.5,41.71,13.0,3.0,0.8,260.0
PROD-10451,2025-10-13,MINE-03,MINE-03-ZONE-A,236.0,211.4,36.88,15.0,1.0,3.4,260.0
PROD-10452,2025-10-13,MINE-03,MINE-03-ZONE-B,236.0,215.0,42.7,14.5,1.5,3.4,260.0
PROD-10453,2025-10-13,MINE-03,MINE-03-ZONE-C,236.0,165.7,32.04,11.8,4.2,3.4,260.0
PROD-10454,2025-10-13,MINE-03,MINE-03-ZONE-D,236.0,184.9,42.33,12.8,3.2,3.4,260.0
PROD-10455,2025-10-13,MINE-03,MINE-03-ZONE-E,236.0,175.0,34.79,12.1,3.9,3.4,260.0
PROD-10456,2025-10-13,MINE-04,MINE-04-ZONE-A,236.0,174.5,37.33,12.1,3.9,2.3,260.0
PROD-10457,2025-10-13,MINE-04,MINE-04-ZONE-B,236.0,229.9,42.21,14.9,1.1,2.3,260.0
PROD-10458,2025-10-13,MINE-04,MINE-04-ZONE-C,236.0,168.8,41.18,12.5,3.5,2.3,260.0
PROD-10459,2025-10-13,MINE-04,MINE-04-ZONE-D,236.0,220.5,37.24,14.7,1.3,2.3,260.0
PROD-10460,2025-10-13,MINE-04,MINE-04-ZONE-E,236.0,171.0,32.25,12.0,4.0,2.3,260.0
PROD-10461,2025-10-14,MINE-01,MINE-01-ZONE-A,240.0,197.4,37.31,13.5,2.5,2.9,260.0
PROD-10462,2025-10-14,MINE-01,MINE-01-ZONE-B,240.0,207.9,32.93,14.7,1.3,2.9,260.0
PROD-10463,2025-10-14,MINE-01,MINE-01-ZONE-C,240.0,186.9,34.02,12.2,3.8,2.9,260.0
PROD-10464,2025-10-14,MINE-01,MINE-01-ZONE-D,240.0,198.2,36.24,13.9,2.1,2.9,260.0
PROD-10465,2025-10-14,MINE-01,MINE-01-ZONE-E,240.0,220.6,42.78,14.4,1.6,2.9,260.0
PROD-10466,2025-10-14,MINE-02,MINE-02-ZONE-A,240.0,219.9,43.53,14.0,2.0,2.3,260.0
PROD-10467,2025-10-14,MINE-02,MINE-02-ZONE-B,240.0,192.6,39.75,12.8,3.2,2.3,260.0
PROD-10468,2025-10-14,MINE-02,MINE-02-ZONE-C,240.0,232.8,32.26,15.2,0.8,2.3,260.0
PROD-10469,2025-10-14,MINE-02,MINE-02-ZONE-D,240.0,192.4,32.25,13.2,2.8,2.3,260.0
PROD-10470,2025-10-14,MINE-02,MINE-02-ZONE-E,240.0,203.9,37.09,13.8,2.2,2.3,260.0
PROD-10471,2025-10-14,MINE-03,MINE-03-ZONE-A,240.0,202.3,35.23,13.8,2.2,0.3,260.0
PROD-10472,2025-10-14,MINE-03,MINE-03-ZONE-B,240.0,171.1,33.9,11.9,4.1,0.3,260.0
PROD-10473,2025-10-14,MINE-03,MINE-03-ZONE-C,240.0,221.4,38.21,14.6,1.4,0.3,260.0
PROD-10474,2025-10-14,MINE-03,MINE-03-ZONE-D,240.0,191.7,32.44,13.4,2.6,0.3,260.0
PROD-10475,2025-10-14,MINE-03,MINE-03-ZONE-E,240.0,196.3,34.74,14.0,2.0,0.3,260.0
PROD-10476,2025-10-14,MINE-04,MINE-04-ZONE-A,240.0,178.7,39.39,12.7,3.3,2.7,260.0
PROD-10477,2025-10-14,MINE-04,MINE-04-ZONE-B,240.0,190.4,38.3,13.3,2.7,2.7,260.0
PROD-10478,2025-10-14,MINE-04,MINE-04-ZONE-C,240.0,205.2,33.7,14.5,1.5,2.7,260.0
PROD-10479,2025-10-14,MINE-04,MINE-04-ZONE-D,240.0,216.5,34.23,13.8,2.2,2.7,260.0
PROD-10480,2025-10-14,MINE-04,MINE-04-ZONE-E,240.0,196.8,32.8,13.9,2.1,2.7,260.0
PROD-10481,2025-10-15,MINE-01,MINE-01-ZONE-A,244.0,185.5,38.87,12.0,4.0,2.1,260.0
PROD-10482,2025-10-15,MINE-01,MINE-01-ZONE-B,244.0,199.1,42.4,12.4,3.6,2.1,260.0
PROD-10483,2025-10-15,MINE-01,MINE-01-ZONE-C,244.0,183.1,37.64,12.5,3.5,2.1,260.0
PROD-10484,2025-10-15,MINE-01,MINE-01-ZONE-D,244.0,199.2,32.21,13.8,2.2,2.1,260.0
PROD-10485,2025-10-15,MINE-01,MINE-01-ZONE-E,244.0,180.4,32.92,11.7,4.3,2.1,260.0
PROD-10486,2025-10-15,MINE-02,MINE-02-ZONE-A,244.0,180.8,41.4,12.4,3.6,2.5,260.0
PROD-10487,2025-10-15,MINE-02,MINE-02-ZONE-B,244.0,211.2,38.64,13.4,2.6,2.5,260.0
PROD-10488,2025-10-15,MINE-02,MINE-02-ZONE-C,244.0,202.3,38.4,14.0,2.0,2.5,260.0
PROD-10489,2025-10-15,MINE-02,MINE-02-ZONE-D,244.0,232.6,35.91,14.8,1.2,2.5,260.0
PROD-10490,2025-10-15,MINE-02,MINE-02-ZONE-E,244.0,217.2,41.76,14.8,1.2,2.5,260.0
PROD-10491,2025-10-15,MINE-03,MINE-03-ZONE-A,244.0,216.1,36.73,13.5,2.5,2.6,260.0
PROD-10492,2025-10-15,MINE-03,MINE-03-ZONE-B,244.0,223.0,42.16,14.8,1.2,2.6,260.0
PROD-10493,2025-10-15,MINE-03,MINE-03-ZONE-C,244.0,222.7,36.41,14.5,1.5,2.6,260.0
PROD-10494,2025-10-15,MINE-03,MINE-03-ZONE-D,244.0,186.5,37.46,12.4,3.6,2.6,260.0
PROD-10495,2025-10-15,MINE-03,MINE-03-ZONE-E,244.0,198.6,33.95,12.7,3.3,2.6,260.0
PROD-10496,2025-10-15,MINE-04,MINE-04-ZONE-A,244.0,184.5,43.79,13.1,2.9,2.6,260.0
PROD-10497,2025-10-15,MINE-04,MINE-04-ZONE-B,244.0,220.6,38.35,15.0,1.0,2.6,260.0
PROD-10498,2025-10-15,MINE-04,MINE-04-ZONE-C,244.0,211.9,38.6,13.5,2.5,2.6,260.0
PROD-10499,2025-10-15,MINE-04,MINE-04-ZONE-D,244.0,202.3,37.6,12.6,3.4,2.6,260.0
PROD-10500,2025-10-15,MINE-04,MINE-04-ZONE-E,244.0,195.8,41.44,12.9,3.1,2.6,260.0
PROD-10501,2025-10-16,MINE-01,MINE-01-ZONE-A,288.0,245.1,36.86,13.2,2.8,3.7,260.0
PROD-10502,2025-10-16,MINE-01,MINE-01-ZONE-B,288.0,271.2,34.0,14.5,1.5,3.7,260.0
PROD-10503,2025-10-16,MINE-01,MINE-01-ZONE-C,288.0,204.2,32.44,12.1,3.9,3.7,260.0
PROD-10504,2025-10-16,MINE-01,MINE-01-ZONE-D,288.0,285.4,42.1,15.2,0.8,3.7,260.0
PROD-10505,2025-10-16,MINE-01,MINE-01-ZONE-E,288.0,279.1,36.59,15.0,1.0,3.7,260.0
PROD-10506,2025-10-16,MINE-02,MINE-02-ZONE-A,288.0,241.7,37.85,14.3,1.7,1.8,260.0
PROD-10507,2025-10-16,MINE-02,MINE-02-ZONE-B,288.0,215.3,41.3,12.5,3.5,1.8,260.0
PROD-10508,2025-10-16,MINE-02,MINE-02-ZONE-C,288.0,222.3,39.09,12.5,3.5,1.8,260.0
PROD-10509,2025-10-16,MINE-02,MINE-02-ZONE-D,288.0,213.0,41.53,12.5,3.5,1.8,260.0
PROD-10510,2025-10-16,MINE-02,MINE-02-ZONE-E,288.0,238.1,42.81,13.9,2.1,1.8,260.0
PROD-10511,2025-10-16,MINE-03,MINE-03-ZONE-A,288.0,204.6,36.79,11.9,4.1,3.4,260.0
PROD-10512,2025-10-16,MINE-03,MINE-03-ZONE-B,288.0,220.6,34.46,12.6,3.4,3.4,260.0
PROD-10513,2025-10-16,MINE-03,MINE-03-ZONE-C,288.0,281.0,34.94,15.0,1.0,3.4,260.0
PROD-10514,2025-10-16,MINE-03,MINE-03-ZONE-D,288.0,269.7,33.22,14.9,1.1,3.4,260.0
PROD-10515,2025-10-16,MINE-03,MINE-03-ZONE-E,288.0,244.9,42.91,14.0,2.0,3.4,260.0
PROD-10516,2025-10-16,MINE-04,MINE-04-ZONE-A,288.0,225.5,32.94,12.0,4.0,2.5,260.0
PROD-10517,2025-10-16,MINE-04,MINE-04-ZONE-B,288.0,265.1,38.62,14.3,1.7,2.5,260.0
PROD-10518,2025-10-16,MINE-04,MINE-04-ZONE-C,288.0,287.8,42.17,15.3,0.7,2.5,260.0
PROD-10519,2025-10-16,MINE-04,MINE-04-ZONE-D,288.0,266.5,35.72,15.2,0.8,2.5,260.0
PROD-10520,2025-10-16,MINE-04,MINE-04-ZONE-E,288.0,226.5,33.22,13.5,2.5,2.5,260.0
PROD-10521,2025-10-17,MINE-01,MINE-01-ZONE-A,292.0,229.6,32.72,12.5,3.5,0.6,260.0
PROD-10522,2025-10-17,MINE-01,MINE-01-ZONE-B,292.0,249.9,36.46,13.5,2.5,0.6,260.0
PROD-10523,2025-10-17,MINE-01,MINE-01-ZONE-C,292.0,244.6,39.36,13.7,2.3,0.6,260.0
PROD-10524,2025-10-17,MINE-01,MINE-01-ZONE-D,292.0,251.7,36.42,14.1,1.9,0.6,260.0
PROD-10525,2025-10-17,MINE-01,MINE-01-ZONE-E,292.0,226.6,42.6,12.3,3.7,0.6,260.0
PROD-10526,2025-10-17,MINE-02,MINE-02-ZONE-A,292.0,225.7,38.17,12.5,3.5,0.6,260.0
PROD-10527,2025-10-17,MINE-02,MINE-02-ZONE-B,292.0,234.6,40.99,12.8,3.2,0.6,260.0
PROD-10528,2025-10-17,MINE-02,MINE-02-ZONE-C,292.0,260.9,33.84,13.5,2.5,0.6,260.0
PROD-10529,2025-10-17,MINE-02,MINE-02-ZONE-D,292.0,217.2,40.57,12.2,3.8,0.6,260.0
PROD-10530,2025-10-17,MINE-02,MINE-02-ZONE-E,292.0,233.6,33.73,12.6,3.4,0.6,260.0
PROD-10531,2025-10-17,MINE-03,MINE-03-ZONE-A,292.0,217.7,39.4,12.5,3.5,1.9,260.0
PROD-10532,2025-10-17,MINE-03,MINE-03-ZONE-B,292.0,252.9,32.53,14.4,1.6,1.9,260.0
PROD-10533,2025-10-17,MINE-03,MINE-03-ZONE-C,292.0,270.3,37.02,15.5,0.5,1.9,260.0
PROD-10534,2025-10-17,MINE-03,MINE-03-ZONE-D,292.0,275.7,42.6,14.7,1.3,1.9,260.0
PROD-10535,2025-10-17,MINE-03,MINE-03-ZONE-E,292.0,252.5,43.89,13.8,2.2,1.9,260.0
PROD-10536,2025-10-17,MINE-04,MINE-04-ZONE-A,292.0,282.4,33.96,14.7,1.3,0.8,260.0
PROD-10537,2025-10-17,MINE-04,MINE-04-ZONE-B,292.0,287.2,41.44,15.4,0.6,0.8,260.0
PROD-10538,2025-10-17,MINE-04,MINE-04-ZONE-C,292.0,278.3,33.99,14.6,1.4,0.8,260.0
PROD-10539,2025-10-17,MINE-04,MINE-04-ZONE-D,292.0,221.5,40.03,12.8,3.2,0.8,260.0
PROD-10540,2025-10-17,MINE-04,MINE-04-ZONE-E,292.0,219.2,40.74,12.3,3.7,0.8,260.0
PROD-10541,2025-10-18,MINE-01,MINE-01-ZONE-A,296.0,257.2,43.48,14.0,2.0,1.1,260.0
PROD-10542,2025-10-18,MINE-01,MINE-01-ZONE-B,296.0,244.8,42.82,13.2,2.8,1.1,260.0
PROD-10543,2025-10-18,MINE-01,MINE-01-ZONE-C,296.0,234.4,35.92,12.5,3.5,1.1,260.0
PROD-10544,2025-10-18,MINE-01,MINE-01-ZONE-D,296.0,280.2,40.6,14.9,1.1,1.1,260.0
PROD-10545,2025-10-18,MINE-01,MINE-01-ZONE-E,296.0,240.5,39.13,13.4,2.6,1.1,260.0
PROD-10546,2025-10-18,MINE-02,MINE-02-ZONE-A,296.0,210.0,32.27,11.9,4.1,2.9,260.0
PROD-10547,2025-10-18,MINE-02,MINE-02-ZONE-B,296.0,244.3,38.11,13.6,2.4,2.9,260.0
PROD-10548,2025-10-18,MINE-02,MINE-02-ZONE-C,296.0,254.3,36.86,13.5,2.5,2.9,260.0
PROD-10549,2025-10-18,MINE-02,MINE-02-ZONE-D,296.0,208.6,42.36,11.7,4.3,2.9,260.0
PROD-10550,2025-10-18,MINE-02,MINE-02-ZONE-E,296.0,266.4,34.68,15.1,0.9,2.9,260.0
PROD-10551,2025-10-18,MINE-03,MINE-03-ZONE-A,296.0,239.9,34.98,12.4,3.6,1.3,260.0
PROD-10552,2025-10-18,MINE-03,MINE-03-ZONE-B,296.0,232.1,40.37,11.9,4.1,1.3,260.0
PROD-10553,2025-10-18,MINE-03,MINE-03-ZONE-C,296.0,246.2,36.8,13.5,2.5,1.3,260.0
PROD-10554,2025-10-18,MINE-03,MINE-03-ZONE-D,296.0,237.2,34.91,13.2,2.8,1.3,260.0
PROD-10555,2025-10-18,MINE-03,MINE-03-ZONE-E,296.0,253.0,39.95,13.0,3.0,1.3,260.0
PROD-10556,2025-10-18,MINE-04,MINE-04-ZONE-A,296.0,239.7,32.68,12.4,3.6,3.6,260.0
PROD-10557,2025-10-18,MINE-04,MINE-04-ZONE-B,296.0,252.3,36.97,13.9,2.1,3.6,260.0
PROD-10558,2025-10-18,MINE-04,MINE-04-ZONE-C,296.0,207.3,36.44,11.6,4.4,3.6,260.0
PROD-10559,2025-10-18,MINE-04,MINE-04-ZONE-D,296.0,261.3,43.97,14.3,1.7,3.6,260.0
PROD-10560,2025-10-18,MINE-04,MINE-04-ZONE-E,296.0,212.8,34.57,11.8,4.2,3.6,260.0
PROD-10561,2025-10-19,MINE-01,MINE-01-ZONE-A,216.0,176.5,34.92,13.8,2.2,3.4,260.0
PROD-10562,2025-10-19,MINE-01,MINE-01-ZONE-B,216.0,159.4,39.18,12.3,3.7,3.4,260.0
PROD-10563,2025-10-19,MINE-01,MINE-01-ZONE-C,216.0,185.6,33.21,13.1,2.9,3.4,260.0
PROD-10564,2025-10-19,MINE-01,MINE-01-ZONE-D,216.0,210.2,33.8,15.2,0.8,3.4,260.0
PROD-10565,2025-10-19,MINE-01,MINE-01-ZONE-E,216.0,196.3,43.21,13.8,2.2,3.4,260.0
PROD-10566,2025-10-19,MINE-02,MINE-02-ZONE-A,216.0,171.0,33.82,12.3,3.7,2.0,260.0
PROD-10567,2025-10-19,MINE-02,MINE-02-ZONE-B,216.0,204.4,32.39,15.3,0.7,2.0,260.0
PROD-10568,2025-10-19,MINE-02,MINE-02-ZONE-C,216.0,202.2,40.14,14.3,1.7,2.0,260.0
PROD-10569,2025-10-19,MINE-02,MINE-02-ZONE-D,216.0,164.3,39.99,11.8,4.2,2.0,260.0
PROD-10570,2025-10-19,MINE-02,MINE-02-ZONE-E,216.0,192.6,35.72,15.1,0.9,2.0,260.0
PROD-10571,2025-10-19,MINE-03,MINE-03-ZONE-A,216.0,216.8,32.99,15.1,0.9,3.1,260.0
PROD-10572,2025-10-19,MINE-03,MINE-03-ZONE-B,216.0,189.6,43.07,15.3,0.7,3.1,260.0
PROD-10573,2025-10-19,MINE-03,MINE-03-ZONE-C,216.0,176.4,41.89,12.3,3.7,3.1,260.0
PROD-10574,2025-10-19,MINE-03,MINE-03-ZONE-D,216.0,173.6,35.5,13.5,2.5,3.1,260.0
PROD-10575,2025-10-19,MINE-03,MINE-03-ZONE-E,216.0,150.3,39.35,12.2,3.8,3.1,260.0
PROD-10576,2025-10-19,MINE-04,MINE-04-ZONE-A,216.0,198.6,42.23,14.9,1.1,2.4,260.0
PROD-10577,2025-10-19,MINE-04,MINE-04-ZONE-B,216.0,208.0,38.18,14.9,1.1,2.4,260.0
PROD-10578,2025-10-19,MINE-04,MINE-04-ZONE-C,216.0,172.7,35.4,13.5,2.5,2.4,260.0
PROD-10579,2025-10-19,MINE-04,MINE-04-ZONE-D,216.0,181.5,33.95,13.9,2.1,2.4,260.0
PROD-10580,2025-10-19,MINE-04,MINE-04-ZONE-E,216.0,180.9,43.42,13.6,2.4,2.4,260.0
PROD-10581,2025-10-20,MINE-01,MINE-01-ZONE-A,220.0,199.5,41.78,14.3,1.7,2.9,260.0
PROD-10582,2025-10-20,MINE-01,MINE-01-ZONE-B,220.0,201.0,41.53,13.8,2.2,2.9,260.0
PROD-10583,2025-10-20,MINE-01,MINE-01-ZONE-C,220.0,169.9,34.53,12.1,3.9,2.9,260.0
PROD-10584,2025-10-20,MINE-01,MINE-01-ZONE-D,220.0,192.8,32.44,13.7,2.3,2.9,260.0
PROD-10585,2025-10-20,MINE-01,MINE-01-ZONE-E,220.0,219.8,33.77,15.3,0.7,2.9,260.0
PROD-10586,2025-10-20,MINE-02,MINE-02-ZONE-A,220.0,146.5,40.67,11.5,4.5,0.9,260.0
PROD-10587,2025-10-20,MINE-02,MINE-02-ZONE-B,220.0,192.4,35.84,14.4,1.6,0.9,260.0
PROD-10588,2025-10-20,MINE-02,MINE-02-ZONE-C,220.0,198.3,36.92,14.5,1.5,0.9,260.0
PROD-10589,2025-10-20,MINE-02,MINE-02-ZONE-D,220.0,166.9,40.06,11.8,4.2,0.9,260.0
PROD-10590,2025-10-20,MINE-02,MINE-02-ZONE-E,220.0,166.9,40.51,12.6,3.4,0.9,260.0
PROD-10591,2025-10-20,MINE-03,MINE-03-ZONE-A,220.0,167.5,36.37,11.9,4.1,1.6,260.0
PROD-10592,2025-10-20,MINE-03,MINE-03-ZONE-B,220.0,185.6,32.59,13.9,2.1,1.6,260.0
PROD-10593,2025-10-20,MINE-03,MINE-03-ZONE-C,220.0,174.7,36.67,12.1,3.9,1.6,260.0
PROD-10594,2025-10-20,MINE-03,MINE-03-ZONE-D,220.0,165.8,43.6,12.2,3.8,1.6,260.0
PROD-10595,2025-10-20,MINE-03,MINE-03-ZONE-E,220.0,180.6,37.4,12.4,3.6,1.6,260.0
PROD-10596,2025-10-20,MINE-04,MINE-04-ZONE-A,220.0,173.7,40.49,12.2,3.8,2.8,260.0
PROD-10597,2025-10-20,MINE-04,MINE-04-ZONE-B,220.0,189.6,41.02,12.9,3.1,2.8,260.0
PROD-10598,2025-10-20,MINE-04,MINE-04-ZONE-C,220.0,154.1,42.43,12.0,4.0,2.8,260.0
PROD-10599,2025-10-20,MINE-04,MINE-04-ZONE-D,220.0,194.3,33.12,14.8,1.2,2.8,260.0
PROD-10600,2025-10-20,MINE-04,MINE-04-ZONE-E,220.0,158.7,32.5,12.0,4.0,2.8,260.0
PROD-10601,2025-10-21,MINE-01,MINE-01-ZONE-A,264.0,245.5,37.94,14.9,1.1,1.0,260.0
PROD-10602,2025-10-21,MINE-01,MINE-01-ZONE-B,264.0,228.0,34.17,14.4,1.6,1.0,260.0
PROD-10603,2025-10-21,MINE-01,MINE-01-ZONE-C,264.0,237.0,36.33,15.3,0.7,1.0,260.0
PROD-10604,2025-10-21,MINE-01,MINE-01-ZONE-D,264.0,235.4,36.05,14.1,1.9,1.0,260.0
PROD-10605,2025-10-21,MINE-01,MINE-01-ZONE-E,264.0,256.5,43.63,15.1,0.9,1.0,260.0
PROD-10606,2025-10-21,MINE-02,MINE-02-ZONE-A,264.0,230.6,40.16,14.7,1.3,1.9,260.0
PROD-10607,2025-10-21,MINE-02,MINE-02-ZONE-B,264.0,205.8,35.28,12.1,3.9,1.9,260.0
PROD-10608,2025-10-21,MINE-02,MINE-02-ZONE-C,264.0,228.9,39.09,13.9,2.1,1.9,260.0
PROD-10609,2025-10-21,MINE-02,MINE-02-ZONE-D,264.0,184.5,41.24,11.8,4.2,1.9,260.0
PROD-10610,2025-10-21,MINE-02,MINE-02-ZONE-E,264.0,192.9,43.57,12.6,3.4,1.9,260.0
PROD-10611,2025-10-21,MINE-03,MINE-03-ZONE-A,264.0,207.5,43.96,13.1,2.9,3.6,260.0
PROD-10612,2025-10-21,MINE-03,MINE-03-ZONE-B,264.0,217.1,32.21,13.7,2.3,3.6,260.0
PROD-10613,2025-10-21,MINE-03,MINE-03-ZONE-C,264.0,227.8,32.75,13.1,2.9,3.6,260.0
PROD-10614,2025-10-21,MINE-03,MINE-03-ZONE-D,264.0,196.6,37.56,12.2,3.8,3.6,260.0
PROD-10615,2025-10-21,MINE-03,MINE-03-ZONE-E,264.0,198.0,43.08,12.0,4.0,3.6,260.0
PROD-10616,2025-10-21,MINE-04,MINE-04-ZONE-A,264.0,192.9,35.18,12.2,3.8,0.2,260.0
PROD-10617,2025-10-21,MINE-04,MINE-04-ZONE-B,264.0,206.8,41.8,11.9,4.1,0.2,260.0
PROD-10618,2025-10-21,MINE-04,MINE-04-ZONE-C,264.0,213.5,36.74,12.8,3.2,0.2,260.0
PROD-10619,2025-10-21,MINE-04,MINE-04-ZONE-D,264.0,247.5,34.66,15.5,0.5,0.2,260.0
PROD-10620,2025-10-21,MINE-04,MINE-04-ZONE-E,264.0,193.3,32.03,12.2,3.8,0.2,260.0
PROD-10621,2025-10-22,MINE-01,MINE-01-ZONE-A,268.0,242.4,41.64,15.3,0.7,1.5,260.0
PROD-10622,2025-10-22,MINE-01,MINE-01-ZONE-B,268.0,235.4,43.28,13.4,2.6,1.5,260.0
PROD-10623,2025-10-22,MINE-01,MINE-01-ZONE-C,268.0,267.8,40.79,15.4,0.6,1.5,260.0
PROD-10624,2025-10-22,MINE-01,MINE-01-ZONE-D,268.0,215.4,41.23,12.4,3.6,1.5,260.0
PROD-10625,2025-10-22,MINE-01,MINE-01-ZONE-E,268.0,213.3,38.96,12.8,3.2,1.5,260.0
PROD-10626,2025-10-22,MINE-02,MINE-02-ZONE-A,268.0,224.2,41.36,13.4,2.6,2.7,260.0
PROD-10627,2025-10-22,MINE-02,MINE-02-ZONE-B,268.0,213.8,36.67,12.1,3.9,2.7,260.0
PROD-10628,2025-10-22,MINE-02,MINE-02-ZONE-C,268.0,199.7,39.87,12.6,3.4,2.7,260.0
PROD-10629,2025-10-22,MINE-02,MINE-02-ZONE-D,268.0,253.7,35.95,15.4,0.6,2.7,260.0
PROD-10630,2025-10-22,MINE-02,MINE-02-ZONE-E,268.0,240.3,33.19,14.5,1.5,2.7,260.0
PROD-10631,2025-10-22,MINE-03,MINE-03-ZONE-A,268.0,204.6,34.03,11.8,4.2,0.0,260.0
PROD-10632,2025-10-22,MINE-03,MINE-03-ZONE-B,268.0,232.2,33.94,14.3,1.7,0.0,260.0
PROD-10633,2025-10-22,MINE-03,MINE-03-ZONE-C,268.0,238.0,36.34,13.8,2.2,0.0,260.0
PROD-10634,2025-10-22,MINE-03,MINE-03-ZONE-D,268.0,201.4,43.97,12.4,3.6,0.0,260.0
PROD-10635,2025-10-22,MINE-03,MINE-03-ZONE-E,268.0,216.9,32.91,12.7,3.3,0.0,260.0
PROD-10636,2025-10-22,MINE-04,MINE-04-ZONE-A,268.0,237.3,43.25,14.9,1.1,1.2,260.0
PROD-10637,2025-10-22,MINE-04,MINE-04-ZONE-B,268.0,182.2,41.24,11.7,4.3,1.2,260.0
PROD-10638,2025-10-22,MINE-04,MINE-04-ZONE-C,268.0,201.7,34.15,12.5,3.5,1.2,260.0
PROD-10639,2025-10-22,MINE-04,MINE-04-ZONE-D,268.0,202.1,38.01,12.4,3.6,1.2,260.0
PROD-10640,2025-10-22,MINE-04,MINE-04-ZONE-E,268.0,204.7,38.13,12.2,3.8,1.2,260.0
PROD-10641,2025-10-23,MINE-01,MINE-01-ZONE-A,272.0,232.3,41.43,13.6,2.4,3.4,260.0
PROD-10642,2025-10-23,MINE-01,MINE-01-ZONE-B,272.0,225.0,34.12,14.1,1.9,3.4,260.0
PROD-10643,2025-10-23,MINE-01,MINE-01-ZONE-C,272.0,208.3,35.0,12.3,3.7,3.4,260.0
PROD-10644,2025-10-23,MINE-01,MINE-01-ZONE-D,272.0,271.5,41.65,15.4,0.6,3.4,260.0
PROD-10645,2025-10-23,MINE-01,MINE-01-ZONE-E,272.0,194.6,32.76,12.3,3.7,3.4,260.0
PROD-10646,2025-10-23,MINE-02,MINE-02-ZONE-A,272.0,240.7,41.78,14.9,1.1,3.2,260.0
PROD-10647,2025-10-23,MINE-02,MINE-02-ZONE-B,272.0,225.0,43.1,13.4,2.6,3.2,260.0
PROD-10648,2025-10-23,MINE-02,MINE-02-ZONE-C,272.0,204.8,42.24,13.0,3.0,3.2,260.0
PROD-10649,2025-10-23,MINE-02,MINE-02-ZONE-D,272.0,205.1,41.69,12.3,3.7,3.2,260.0
PROD-10650,2025-10-23,MINE-02,MINE-02-ZONE-E,272.0,205.9,34.01,12.4,3.6,3.2,260.0
PROD-10651,2025-10-23,MINE-03,MINE-03-ZONE-A,272.0,220.3,39.04,13.0,3.0,0.3,260.0
PROD-10652,2025-10-23,MINE-03,MINE-03-ZONE-B,272.0,230.0,40.94,12.7,3.3,0.3,260.0
PROD-10653,2025-10-23,MINE-03,MINE-03-ZONE-C,272.0,220.2,41.37,12.2,3.8,0.3,260.0
PROD-10654,2025-10-23,MINE-03,MINE-03-ZONE-D,272.0,224.6,35.87,13.3,2.7,0.3,260.0
PROD-10655,2025-10-23,MINE-03,MINE-03-ZONE-E,272.0,249.8,32.44,14.0,2.0,0.3,260.0
PROD-10656,2025-10-23,MINE-04,MINE-04-ZONE-A,272.0,249.3,32.21,14.7,1.3,3.7,260.0
PROD-10657,2025-10-23,MINE-04,MINE-04-ZONE-B,272.0,211.4,36.06,12.8,3.2,3.7,260.0
PROD-10658,2025-10-23,MINE-04,MINE-04-ZONE-C,272.0,195.4,35.78,12.5,3.5,3.7,260.0
PROD-10659,2025-10-23,MINE-04,MINE-04-ZONE-D,272.0,217.7,33.15,13.6,2.4,3.7,260.0
PROD-10660,2025-10-23,MINE-04,MINE-04-ZONE-E,272.0,233.3,39.11,13.4,2.6,3.7,260.0
PROD-10661,2025-10-24,MINE-01,MINE-01-ZONE-A,276.0,235.9,38.62,13.6,2.4,0.4,260.0
PROD-10662,2025-10-24,MINE-01,MINE-01-ZONE-B,276.0,204.0,41.73,12.5,3.5,0.4,260.0
PROD-10663,2025-10-24,MINE-01,MINE-01-ZONE-C,276.0,217.8,34.95,12.4,3.6,0.4,260.0
PROD-10664,2025-10-24,MINE-01,MINE-01-ZONE-D,276.0,228.6,32.47,13.4,2.6,0.4,260.0
PROD-10665,2025-10-24,MINE-01,MINE-01-ZONE-E,276.0,273.3,39.98,15.1,0.9,0.4,260.0
PROD-10666,2025-10-24,MINE-02,MINE-02-ZONE-A,276.0,203.2,41.79,11.5,4.5,1.7,260.0
PROD-10667,2025-10-24,MINE-02,MINE-02-ZONE-B,276.0,190.8,42.2,11.5,4.5,1.7,260.0
PROD-10668,2025-10-24,MINE-02,MINE-02-ZONE-C,276.0,213.3,36.37,11.6,4.4,1.7,260.0
PROD-10669,2025-10-24,MINE-02,MINE-02-ZONE-D,276.0,238.8,36.88,13.5,2.5,1.7,260.0
PROD-10670,2025-10-24,MINE-02,MINE-02-ZONE-E,276.0,257.8,34.22,15.4,0.6,1.7,260.0
PROD-10671,2025-10-24,MINE-03,MINE-03-ZONE-A,276.0,247.4,38.3,15.1,0.9,2.8,260.0
PROD-10672,2025-10-24,MINE-03,MINE-03-ZONE-B,276.0,212.1,33.36,13.1,2.9,2.8,260.0
PROD-10673,2025-10-24,MINE-03,MINE-03-ZONE-C,276.0,206.5,35.82,11.6,4.4,2.8,260.0
PROD-10674,2025-10-24,MINE-03,MINE-03-ZONE-D,276.0,258.9,38.99,15.0,1.0,2.8,260.0
PROD-10675,2025-10-24,MINE-03,MINE-03-ZONE-E,276.0,246.5,35.74,15.2,0.8,2.8,260.0
PROD-10676,2025-10-24,MINE-04,MINE-04-ZONE-A,276.0,222.1,42.96,12.5,3.5,1.8,260.0
PROD-10677,2025-10-24,MINE-04,MINE-04-ZONE-B,276.0,267.2,43.22,15.2,0.8,1.8,260.0
PROD-10678,2025-10-24,MINE-04,MINE-04-ZONE-C,276.0,207.3,42.88,12.0,4.0,1.8,260.0
PROD-10679,2025-10-24,MINE-04,MINE-04-ZONE-D,276.0,209.3,36.84,12.9,3.1,1.8,260.0
PROD-10680,2025-10-24,MINE-04,MINE-04-ZONE-E,276.0,196.8,42.54,11.8,4.2,1.8,260.0
PROD-10681,2025-10-25,MINE-01,MINE-01-ZONE-A,280.0,258.3,40.89,15.1,0.9,1.2,260.0
PROD-10682,2025-10-25,MINE-01,MINE-01-ZONE-B,280.0,249.4,43.34,15.0,1.0,1.2,260.0
PROD-10683,2025-10-25,MINE-01,MINE-01-ZONE-C,280.0,282.0,32.51,15.5,0.5,1.2,260.0
PROD-10684,2025-10-25,MINE-01,MINE-01-ZONE-D,280.0,211.7,33.28,12.3,3.7,1.2,260.0
PROD-10685,2025-10-25,MINE-01,MINE-01-ZONE-E,280.0,273.0,42.74,14.9,1.1,1.2,260.0
PROD-10686,2025-10-25,MINE-02,MINE-02-ZONE-A,280.0,246.6,34.22,14.5,1.5,2.9,260.0
PROD-10687,2025-10-25,MINE-02,MINE-02-ZONE-B,280.0,210.7,33.25,11.8,4.2,2.9,260.0
PROD-10688,2025-10-25,MINE-02,MINE-02-ZONE-C,280.0,212.5,40.74,12.3,3.7,2.9,260.0
PROD-10689,2025-10-25,MINE-02,MINE-02-ZONE-D,280.0,267.4,41.87,15.0,1.0,2.9,260.0
PROD-10690,2025-10-25,MINE-02,MINE-02-ZONE-E,280.0,214.2,36.89,12.8,3.2,2.9,260.0
PROD-10691,2025-10-25,MINE-03,MINE-03-ZONE-A,280.0,233.6,38.92,12.8,3.2,2.4,260.0
PROD-10692,2025-10-25,MINE-03,MINE-03-ZONE-B,280.0,229.2,37.91,12.6,3.4,2.4,260.0
PROD-10693,2025-10-25,MINE-03,MINE-03-ZONE-C,280.0,249.8,39.36,14.5,1.5,2.4,260.0
PROD-10694,2025-10-25,MINE-03,MINE-03-ZONE-D,280.0,251.2,35.51,13.9,2.1,2.4,260.0
PROD-10695,2025-10-25,MINE-03,MINE-03-ZONE-E,280.0,274.8,36.94,15.0,1.0,2.4,260.0
PROD-10696,2025-10-25,MINE-04,MINE-04-ZONE-A,280.0,221.7,39.4,13.2,2.8,3.5,260.0
PROD-10697,2025-10-25,MINE-04,MINE-04-ZONE-B,280.0,212.3,35.06,11.9,4.1,3.5,260.0
PROD-10698,2025-10-25,MINE-04,MINE-04-ZONE-C,280.0,211.9,33.38,13.1,2.9,3.5,260.0
PROD-10699,2025-10-25,MINE-04,MINE-04-ZONE-D,280.0,234.2,40.3,13.1,2.9,3.5,260.0
PROD-10700,2025-10-25,MINE-04,MINE-04-ZONE-E,280.0,238.0,38.96,13.2,2.8,3.5,260.0
PROD-10701,2025-10-26,MINE-01,MINE-01-ZONE-A,240.0,165.8,40.53,11.6,4.4,1.3,260.0
PROD-10702,2025-10-26,MINE-01,MINE-01-ZONE-B,240.0,210.6,32.56,14.6,1.4,1.3,260.0
PROD-10703,2025-10-26,MINE-01,MINE-01-ZONE-C,240.0,224.0,43.58,15.2,0.8,1.3,260.0
PROD-10704,2025-10-26,MINE-01,MINE-01-ZONE-D,240.0,203.5,32.03,14.4,1.6,1.3,260.0
PROD-10705,2025-10-26,MINE-01,MINE-01-ZONE-E,240.0,208.0,40.35,14.7,1.3,1.3,260.0
PROD-10706,2025-10-26,MINE-02,MINE-02-ZONE-A,240.0,201.2,37.36,13.8,2.2,1.6,260.0
PROD-10707,2025-10-26,MINE-02,MINE-02-ZONE-B,240.0,226.9,33.48,14.9,1.1,1.6,260.0
PROD-10708,2025-10-26,MINE-02,MINE-02-ZONE-C,240.0,223.3,36.54,14.0,2.0,1.6,260.0
PROD-10709,2025-10-26,MINE-02,MINE-02-ZONE-D,240.0,193.3,39.96,13.4,2.6,1.6,260.0
PROD-10710,2025-10-26,MINE-02,MINE-02-ZONE-E,240.0,170.0,36.67,12.1,3.9,1.6,260.0
PROD-10711,2025-10-26,MINE-03,MINE-03-ZONE-A,240.0,225.4,43.36,14.7,1.3,0.1,260.0
PROD-10712,2025-10-26,MINE-03,MINE-03-ZONE-B,240.0,217.1,35.29,14.5,1.5,0.1,260.0
PROD-10713,2025-10-26,MINE-03,MINE-03-ZONE-C,240.0,214.5,37.56,15.3,0.7,0.1,260.0
PROD-10714,2025-10-26,MINE-03,MINE-03-ZONE-D,240.0,241.1,32.72,15.3,0.7,0.1,260.0
PROD-10715,2025-10-26,MINE-03,MINE-03-ZONE-E,240.0,199.1,36.96,13.7,2.3,0.1,260.0
PROD-10716,2025-10-26,MINE-04,MINE-04-ZONE-A,240.0,168.7,35.35,12.0,4.0,0.9,260.0
PROD-10717,2025-10-26,MINE-04,MINE-04-ZONE-B,240.0,191.9,41.43,13.8,2.2,0.9,260.0
PROD-10718,2025-10-26,MINE-04,MINE-04-ZONE-C,240.0,203.1,36.17,13.4,2.6,0.9,260.0
PROD-10719,2025-10-26,MINE-04,MINE-04-ZONE-D,240.0,191.5,40.26,12.9,3.1,0.9,260.0
PROD-10720,2025-10-26,MINE-04,MINE-04-ZONE-E,240.0,214.7,36.69,14.4,1.6,0.9,260.0
PROD-10721,2025-10-27,MINE-01,MINE-01-ZONE-A,244.0,216.5,42.86,14.9,1.1,3.4,260.0
PROD-10722,2025-10-27,MINE-01,MINE-01-ZONE-B,244.0,224.5,37.83,15.4,0.6,3.4,260.0
PROD-10723,2025-10-27,MINE-01,MINE-01-ZONE-C,244.0,233.8,38.12,14.6,1.4,3.4,260.0
PROD-10724,2025-10-27,MINE-01,MINE-01-ZONE-D,244.0,166.4,40.65,11.8,4.2,3.4,260.0
PROD-10725,2025-10-27,MINE-01,MINE-01-ZONE-E,244.0,208.0,35.26,13.4,2.6,3.4,260.0
PROD-10726,2025-10-27,MINE-02,MINE-02-ZONE-A,244.0,205.4,40.96,12.9,3.1,0.6,260.0
PROD-10727,2025-10-27,MINE-02,MINE-02-ZONE-B,244.0,236.4,42.62,15.4,0.6,0.6,260.0
PROD-10728,2025-10-27,MINE-02,MINE-02-ZONE-C,244.0,214.2,41.72,14.5,1.5,0.6,260.0
PROD-10729,2025-10-27,MINE-02,MINE-02-ZONE-D,244.0,195.3,38.67,12.5,3.5,0.6,260.0
PROD-10730,2025-10-27,MINE-02,MINE-02-ZONE-E,244.0,206.9,38.36,13.0,3.0,0.6,260.0
PROD-10731,2025-10-27,MINE-03,MINE-03-ZONE-A,244.0,225.5,38.34,14.8,1.2,0.1,260.0
PROD-10732,2025-10-27,MINE-03,MINE-03-ZONE-B,244.0,212.7,41.22,14.9,1.1,0.1,260.0
PROD-10733,2025-10-27,MINE-03,MINE-03-ZONE-C,244.0,186.6,36.1,12.4,3.6,0.1,260.0
PROD-10734,2025-10-27,MINE-03,MINE-03-ZONE-D,244.0,198.0,40.79,13.6,2.4,0.1,260.0
PROD-10735,2025-10-27,MINE-03,MINE-03-ZONE-E,244.0,189.8,40.35,12.6,3.4,0.1,260.0
PROD-10736,2025-10-27,MINE-04,MINE-04-ZONE-A,244.0,208.4,36.82,14.4,1.6,3.3,260.0
PROD-10737,2025-10-27,MINE-04,MINE-04-ZONE-B,244.0,185.7,38.77,12.1,3.9,3.3,260.0
PROD-10738,2025-10-27,MINE-04,MINE-04-ZONE-C,244.0,227.2,34.36,15.1,0.9,3.3,260.0
PROD-10739,2025-10-27,MINE-04,MINE-04-ZONE-D,244.0,205.3,36.03,14.5,1.5,3.3,260.0
PROD-10740,2025-10-27,MINE-04,MINE-04-ZONE-E,244.0,197.6,36.0,13.6,2.4,3.3,260.0
PROD-10741,2025-10-28,MINE-01,MINE-01-ZONE-A,248.0,237.4,32.2,14.6,1.4,3.8,260.0
PROD-10742,2025-10-28,MINE-01,MINE-01-ZONE-B,248.0,234.9,33.64,15.2,0.8,3.8,260.0
PROD-10743,2025-10-28,MINE-01,MINE-01-ZONE-C,248.0,199.3,37.6,13.9,2.1,3.8,260.0
PROD-10744,2025-10-28,MINE-01,MINE-01-ZONE-D,248.0,212.5,33.23,13.4,2.6,3.8,260.0
PROD-10745,2025-10-28,MINE-01,MINE-01-ZONE-E,248.0,177.7,40.62,11.5,4.5,3.8,260.0
PROD-10746,2025-10-28,MINE-02,MINE-02-ZONE-A,248.0,216.7,36.45,14.6,1.4,1.5,260.0
PROD-10747,2025-10-28,MINE-02,MINE-02-ZONE-B,248.0,223.0,39.05,15.4,0.6,1.5,260.0
PROD-10748,2025-10-28,MINE-02,MINE-02-ZONE-C,248.0,224.9,39.06,15.0,1.0,1.5,260.0
PROD-10749,2025-10-28,MINE-02,MINE-02-ZONE-D,248.0,202.7,36.09,13.7,2.3,1.5,260.0
PROD-10750,2025-10-28,MINE-02,MINE-02-ZONE-E,248.0,213.8,41.66,14.6,1.4,1.5,260.0
PROD-10751,2025-10-28,MINE-03,MINE-03-ZONE-A,248.0,189.9,39.55,12.3,3.7,3.3,260.0
PROD-10752,2025-10-28,MINE-03,MINE-03-ZONE-B,248.0,178.2,40.27,12.5,3.5,3.3,260.0
PROD-10753,2025-10-28,MINE-03,MINE-03-ZONE-C,248.0,208.8,40.35,13.3,2.7,3.3,260.0
PROD-10754,2025-10-28,MINE-03,MINE-03-ZONE-D,248.0,248.1,41.8,15.5,0.5,3.3,260.0
PROD-10755,2025-10-28,MINE-03,MINE-03-ZONE-E,248.0,221.4,35.97,14.6,1.4,3.3,260.0
PROD-10756,2025-10-28,MINE-04,MINE-04-ZONE-A,248.0,234.3,43.1,15.1,0.9,3.2,260.0
PROD-10757,2025-10-28,MINE-04,MINE-04-ZONE-B,248.0,218.9,36.19,14.4,1.6,3.2,260.0
PROD-10758,2025-10-28,MINE-04,MINE-04-ZONE-C,248.0,215.0,40.35,14.1,1.9,3.2,260.0
PROD-10759,2025-10-28,MINE-04,MINE-04-ZONE-D,248.0,224.3,39.53,15.4,0.6,3.2,260.0
PROD-10760,2025-10-28,MINE-04,MINE-04-ZONE-E,248.0,229.7,34.06,15.4,0.6,3.2,260.0
PROD-10761,2025-10-29,MINE-01,MINE-01-ZONE-A,252.0,240.5,40.79,14.9,1.1,1.8,260.0
PROD-10762,2025-10-29,MINE-01,MINE-01-ZONE-B,252.0,221.5,33.59,14.7,1.3,1.8,260.0
PROD-10763,2025-10-29,MINE-01,MINE-01-ZONE-C,252.0,219.5,34.71,13.7,2.3,1.8,260.0
PROD-10764,2025-10-29,MINE-01,MINE-01-ZONE-D,252.0,223.5,42.95,15.0,1.0,1.8,260.0
PROD-10765,2025-10-29,MINE-01,MINE-01-ZONE-E,252.0,234.1,42.56,14.7,1.3,1.8,260.0
PROD-10766,2025-10-29,MINE-02,MINE-02-ZONE-A,252.0,230.6,33.85,14.3,1.7,0.3,260.0
PROD-10767,2025-10-29,MINE-02,MINE-02-ZONE-B,252.0,251.2,37.68,15.2,0.8,0.3,260.0
PROD-10768,2025-10-29,MINE-02,MINE-02-ZONE-C,252.0,240.1,38.4,15.5,0.5,0.3,260.0
PROD-10769,2025-10-29,MINE-02,MINE-02-ZONE-D,252.0,213.2,33.3,12.8,3.2,0.3,260.0
PROD-10770,2025-10-29,MINE-02,MINE-02-ZONE-E,252.0,186.5,33.84,12.4,3.6,0.3,260.0
PROD-10771,2025-10-29,MINE-03,MINE-03-ZONE-A,252.0,228.6,41.75,15.1,0.9,1.6,260.0
PROD-10772,2025-10-29,MINE-03,MINE-03-ZONE-B,252.0,226.3,38.66,14.4,1.6,1.6,260.0
PROD-10773,2025-10-29,MINE-03,MINE-03-ZONE-C,252.0,214.1,43.18,12.8,3.2,1.6,260.0
PROD-10774,2025-10-29,MINE-03,MINE-03-ZONE-D,252.0,199.0,43.81,11.9,4.1,1.6,260.0
PROD-10775,2025-10-29,MINE-03,MINE-03-ZONE-E,252.0,177.8,43.97,12.0,4.0,1.6,260.0
PROD-10776,2025-10-29,MINE-04,MINE-04-ZONE-A,252.0,211.5,43.44,13.4,2.6,2.4,260.0
PROD-10777,2025-10-29,MINE-04,MINE-04-ZONE-B,252.0,219.1,41.54,13.8,2.2,2.4,260.0
PROD-10778,2025-10-29,MINE-04,MINE-04-ZONE-C,252.0,218.0,34.57,14.4,1.6,2.4,260.0
PROD-10779,2025-10-29,MINE-04,MINE-04-ZONE-D,252.0,205.2,32.24,12.6,3.4,2.4,260.0
PROD-10780,2025-10-29,MINE-04,MINE-04-ZONE-E,252.0,213.6,38.43,13.9,2.1,2.4,260.0
PROD-10781,2025-10-30,MINE-01,MINE-01-ZONE-A,256.0,197.9,33.38,11.8,4.2,3.7,260.0
PROD-10782,2025-10-30,MINE-01,MINE-01-ZONE-B,256.0,213.0,34.76,12.7,3.3,3.7,260.0
PROD-10783,2025-10-30,MINE-01,MINE-01-ZONE-C,256.0,214.4,33.36,12.7,3.3,3.7,260.0
PROD-10784,2025-10-30,MINE-01,MINE-01-ZONE-D,256.0,227.5,38.97,13.6,2.4,3.7,260.0
PROD-10785,2025-10-30,MINE-01,MINE-01-ZONE-E,256.0,186.8,38.22,12.5,3.5,3.7,260.0
PROD-10786,2025-10-30,MINE-02,MINE-02-ZONE-A,256.0,203.0,33.52,13.3,2.7,2.7,260.0
PROD-10787,2025-10-30,MINE-02,MINE-02-ZONE-B,256.0,189.1,39.28,11.9,4.1,2.7,260.0
PROD-10788,2025-10-30,MINE-02,MINE-02-ZONE-C,256.0,182.7,38.63,12.0,4.0,2.7,260.0
PROD-10789,2025-10-30,MINE-02,MINE-02-ZONE-D,256.0,224.9,35.12,14.1,1.9,2.7,260.0
PROD-10790,2025-10-30,MINE-02,MINE-02-ZONE-E,256.0,214.4,34.14,14.2,1.8,2.7,260.0
PROD-10791,2025-10-30,MINE-03,MINE-03-ZONE-A,256.0,231.3,34.46,13.8,2.2,0.0,260.0
PROD-10792,2025-10-30,MINE-03,MINE-03-ZONE-B,256.0,188.4,39.63,12.3,3.7,0.0,260.0
PROD-10793,2025-10-30,MINE-03,MINE-03-ZONE-C,256.0,218.1,32.86,13.4,2.6,0.0,260.0
PROD-10794,2025-10-30,MINE-03,MINE-03-ZONE-D,256.0,203.0,40.85,12.6,3.4,0.0,260.0
PROD-10795,2025-10-30,MINE-03,MINE-03-ZONE-E,256.0,217.1,35.32,14.2,1.8,0.0,260.0
PROD-10796,2025-10-30,MINE-04,MINE-04-ZONE-A,256.0,177.9,41.19,12.1,3.9,2.7,260.0
PROD-10797,2025-10-30,MINE-04,MINE-04-ZONE-B,256.0,205.1,40.29,12.4,3.6,2.7,260.0
PROD-10798,2025-10-30,MINE-04,MINE-04-ZONE-C,256.0,197.1,33.0,12.0,4.0,2.7,260.0
PROD-10799,2025-10-30,MINE-04,MINE-04-ZONE-D,256.0,242.1,39.64,14.8,1.2,2.7,260.0
PROD-10800,2025-10-30,MINE-04,MINE-04-ZONE-E,256.0,246.9,37.77,15.2,0.8,2.7,260.0
PROD-10801,2025-10-31,MINE-01,MINE-01-ZONE-A,300.0,228.3,42.73,12.3,3.7,0.7,260.0
PROD-10802,2025-10-31,MINE-01,MINE-01-ZONE-B,300.0,228.1,39.57,12.9,3.1,0.7,260.0
PROD-10803,2025-10-31,MINE-01,MINE-01-ZONE-C,300.0,202.8,33.8,11.6,4.4,0.7,260.0
PROD-10804,2025-10-31,MINE-01,MINE-01-ZONE-D,300.0,260.2,33.38,14.1,1.9,0.7,260.0
PROD-10805,2025-10-31,MINE-01,MINE-01-ZONE-E,300.0,225.2,41.03,11.8,4.2,0.7,260.0
PROD-10806,2025-10-31,MINE-02,MINE-02-ZONE-A,300.0,257.9,41.75,14.5,1.5,1.9,260.0
PROD-10807,2025-10-31,MINE-02,MINE-02-ZONE-B,300.0,246.5,37.72,13.1,2.9,1.9,260.0
PROD-10808,2025-10-31,MINE-02,MINE-02-ZONE-C,300.0,264.0,32.92,13.5,2.5,1.9,260.0
PROD-10809,2025-10-31,MINE-02,MINE-02-ZONE-D,300.0,283.8,38.02,14.8,1.2,1.9,260.0
PROD-10810,2025-10-31,MINE-02,MINE-02-ZONE-E,300.0,223.7,37.63,12.3,3.7,1.9,260.0
PROD-10811,2025-10-31,MINE-03,MINE-03-ZONE-A,300.0,251.4,32.53,13.5,2.5,1.0,260.0
PROD-10812,2025-10-31,MINE-03,MINE-03-ZONE-B,300.0,290.9,42.63,15.3,0.7,1.0,260.0
PROD-10813,2025-10-31,MINE-03,MINE-03-ZONE-C,300.0,265.8,33.06,14.0,2.0,1.0,260.0
PROD-10814,2025-10-31,MINE-03,MINE-03-ZONE-D,300.0,228.8,33.8,12.6,3.4,1.0,260.0
PROD-10815,2025-10-31,MINE-03,MINE-03-ZONE-E,300.0,250.4,36.96,14.0,2.0,1.0,260.0
PROD-10816,2025-10-31,MINE-04,MINE-04-ZONE-A,300.0,228.3,43.89,12.3,3.7,3.9,260.0
PROD-10817,2025-10-31,MINE-04,MINE-04-ZONE-B,300.0,245.9,35.72,14.0,2.0,3.9,260.0
PROD-10818,2025-10-31,MINE-04,MINE-04-ZONE-C,300.0,276.6,40.76,14.8,1.2,3.9,260.0
PROD-10819,2025-10-31,MINE-04,MINE-04-ZONE-D,300.0,232.6,37.64,13.3,2.7,3.9,260.0
PROD-10820,2025-10-31,MINE-04,MINE-04-ZONE-E,300.0,249.8,39.23,13.9,2.1,3.9,260.0
PROD-10821,2025-11-01,MINE-01,MINE-01-ZONE-A,304.0,243.1,36.26,13.0,3.0,3.6,260.0
PROD-10822,2025-11-01,MINE-01,MINE-01-ZONE-B,304.0,224.3,41.34,11.5,4.5,3.6,260.0
PROD-10823,2025-11-01,MINE-01,MINE-01-ZONE-C,304.0,230.6,38.31,11.7,4.3,3.6,260.0
PROD-10824,2025-11-01,MINE-01,MINE-01-ZONE-D,304.0,268.7,41.62,15.0,1.0,3.6,260.0
PROD-10825,2025-11-01,MINE-01,MINE-01-ZONE-E,304.0,232.7,35.03,11.8,4.2,3.6,260.0
PROD-10826,2025-11-01,MINE-02,MINE-02-ZONE-A,304.0,264.7,42.98,13.4,2.6,2.1,260.0
PROD-10827,2025-11-01,MINE-02,MINE-02-ZONE-B,304.0,228.9,40.8,12.5,3.5,2.1,260.0
PROD-10828,2025-11-01,MINE-02,MINE-02-ZONE-C,304.0,225.2,38.57,11.7,4.3,2.1,260.0
PROD-10829,2025-11-01,MINE-02,MINE-02-ZONE-D,304.0,268.2,34.99,13.6,2.4,2.1,260.0
PROD-10830,2025-11-01,MINE-02,MINE-02-ZONE-E,304.0,284.1,34.25,14.7,1.3,2.1,260.0
PROD-10831,2025-11-01,MINE-03,MINE-03-ZONE-A,304.0,240.6,34.91,12.9,3.1,2.0,260.0
PROD-10832,2025-11-01,MINE-03,MINE-03-ZONE-B,304.0,231.0,36.8,12.8,3.2,2.0,260.0
PROD-10833,2025-11-01,MINE-03,MINE-03-ZONE-C,304.0,248.5,38.26,12.8,3.2,2.0,260.0
PROD-10834,2025-11-01,MINE-03,MINE-03-ZONE-D,304.0,248.6,35.69,12.9,3.1,2.0,260.0
PROD-10835,2025-11-01,MINE-03,MINE-03-ZONE-E,304.0,255.7,42.55,14.3,1.7,2.0,260.0
PROD-10836,2025-11-01,MINE-04,MINE-04-ZONE-A,304.0,224.6,40.67,12.5,3.5,2.5,260.0
PROD-10837,2025-11-01,MINE-04,MINE-04-ZONE-B,304.0,226.1,33.25,12.1,3.9,2.5,260.0
PROD-10838,2025-11-01,MINE-04,MINE-04-ZONE-C,304.0,213.2,37.54,11.7,4.3,2.5,260.0
PROD-10839,2025-11-01,MINE-04,MINE-04-ZONE-D,304.0,285.2,43.35,15.3,0.7,2.5,260.0
PROD-10840,2025-11-01,MINE-04,MINE-04-ZONE-E,304.0,234.8,43.35,13.0,3.0,2.5,260.0
PROD-10841,2025-11-02,MINE-01,MINE-01-ZONE-A,224.0,189.3,42.48,14.0,2.0,0.7,260.0
PROD-10842,2025-11-02,MINE-01,MINE-01-ZONE-B,224.0,215.4,40.65,14.8,1.2,0.7,260.0
PROD-10843,2025-11-02,MINE-01,MINE-01-ZONE-C,224.0,196.9,34.24,14.0,2.0,0.7,260.0
PROD-10844,2025-11-02,MINE-01,MINE-01-ZONE-D,224.0,216.3,40.75,14.7,1.3,0.7,260.0
PROD-10845,2025-11-02,MINE-01,MINE-01-ZONE-E,224.0,177.9,35.69,12.8,3.2,0.7,260.0
PROD-10846,2025-11-02,MINE-02,MINE-02-ZONE-A,224.0,182.8,38.16,12.3,3.7,0.5,260.0
PROD-10847,2025-11-02,MINE-02,MINE-02-ZONE-B,224.0,164.5,43.0,11.7,4.3,0.5,260.0
PROD-10848,2025-11-02,MINE-02,MINE-02-ZONE-C,224.0,207.1,33.31,15.4,0.6,0.5,260.0
PROD-10849,2025-11-02,MINE-02,MINE-02-ZONE-D,224.0,208.6,38.22,14.5,1.5,0.5,260.0
PROD-10850,2025-11-02,MINE-02,MINE-02-ZONE-E,224.0,163.8,40.71,12.2,3.8,0.5,260.0
PROD-10851,2025-11-02,MINE-03,MINE-03-ZONE-A,224.0,210.8,40.37,15.0,1.0,4.0,260.0
PROD-10852,2025-11-02,MINE-03,MINE-03-ZONE-B,224.0,172.2,35.48,12.8,3.2,4.0,260.0
PROD-10853,2025-11-02,MINE-03,MINE-03-ZONE-C,224.0,193.2,35.5,12.9,3.1,4.0,260.0
PROD-10854,2025-11-02,MINE-03,MINE-03-ZONE-D,224.0,194.8,43.64,14.7,1.3,4.0,260.0
PROD-10855,2025-11-02,MINE-03,MINE-03-ZONE-E,224.0,159.6,38.31,12.2,3.8,4.0,260.0
PROD-10856,2025-11-02,MINE-04,MINE-04-ZONE-A,224.0,194.7,33.47,13.2,2.8,2.9,260.0
PROD-10857,2025-11-02,MINE-04,MINE-04-ZONE-B,224.0,184.1,41.67,12.6,3.4,2.9,260.0
PROD-10858,2025-11-02,MINE-04,MINE-04-ZONE-C,224.0,215.9,37.46,15.1,0.9,2.9,260.0
PROD-10859,2025-11-02,MINE-04,MINE-04-ZONE-D,224.0,200.1,33.49,13.6,2.4,2.9,260.0
PROD-10860,2025-11-02,MINE-04,MINE-04-ZONE-E,224.0,226.6,34.89,15.3,0.7,2.9,260.0
PROD-10861,2025-11-03,MINE-01,MINE-01-ZONE-A,228.0,219.8,37.91,15.1,0.9,1.1,260.0
PROD-10862,2025-11-03,MINE-01,MINE-01-ZONE-B,228.0,217.4,43.99,15.0,1.0,1.1,260.0
PROD-10863,2025-11-03,MINE-01,MINE-01-ZONE-C,228.0,214.5,32.42,15.3,0.7,1.1,260.0
PROD-10864,2025-11-03,MINE-01,MINE-01-ZONE-D,228.0,203.4,41.0,15.2,0.8,1.1,260.0
PROD-10865,2025-11-03,MINE-01,MINE-01-ZONE-E,228.0,177.4,43.54,12.5,3.5,1.1,260.0
PROD-10866,2025-11-03,MINE-02,MINE-02-ZONE-A,228.0,150.6,43.53,11.5,4.5,2.3,260.0
PROD-10867,2025-11-03,MINE-02,MINE-02-ZONE-B,228.0,179.6,40.64,12.1,3.9,2.3,260.0
PROD-10868,2025-11-03,MINE-02,MINE-02-ZONE-C,228.0,174.9,42.94,13.4,2.6,2.3,260.0
PROD-10869,2025-11-03,MINE-02,MINE-02-ZONE-D,228.0,193.8,41.73,14.7,1.3,2.3,260.0
PROD-10870,2025-11-03,MINE-02,MINE-02-ZONE-E,228.0,181.8,36.98,13.2,2.8,2.3,260.0
PROD-10871,2025-11-03,MINE-03,MINE-03-ZONE-A,228.0,199.7,38.29,13.3,2.7,0.0,260.0
PROD-10872,2025-11-03,MINE-03,MINE-03-ZONE-B,228.0,225.1,36.01,15.4,0.6,0.0,260.0
PROD-10873,2025-11-03,MINE-03,MINE-03-ZONE-C,228.0,185.2,40.75,13.0,3.0,0.0,260.0
PROD-10874,2025-11-03,MINE-03,MINE-03-ZONE-D,228.0,176.7,43.52,12.2,3.8,0.0,260.0
PROD-10875,2025-11-03,MINE-03,MINE-03-ZONE-E,228.0,182.1,42.59,11.9,4.1,0.0,260.0
PROD-10876,2025-11-03,MINE-04,MINE-04-ZONE-A,228.0,178.6,39.32,12.8,3.2,1.0,260.0
PROD-10877,2025-11-03,MINE-04,MINE-04-ZONE-B,228.0,211.9,32.92,14.1,1.9,1.0,260.0
PROD-10878,2025-11-03,MINE-04,MINE-04-ZONE-C,228.0,195.4,42.45,13.1,2.9,1.0,260.0
PROD-10879,2025-11-03,MINE-04,MINE-04-ZONE-D,228.0,185.5,33.31,12.9,3.1,1.0,260.0
PROD-10880,2025-11-03,MINE-04,MINE-04-ZONE-E,228.0,195.1,38.36,14.3,1.7,1.0,260.0
PROD-10881,2025-11-04,MINE-01,MINE-01-ZONE-A,232.0,189.6,33.67,14.1,1.9,1.1,260.0
PROD-10882,2025-11-04,MINE-01,MINE-01-ZONE-B,232.0,157.0,41.78,11.5,4.5,1.1,260.0
PROD-10883,2025-11-04,MINE-01,MINE-01-ZONE-C,232.0,206.8,39.22,14.9,1.1,1.1,260.0
PROD-10884,2025-11-04,MINE-01,MINE-01-ZONE-D,232.0,207.5,35.3,14.9,1.1,1.1,260.0
PROD-10885,2025-11-04,MINE-01,MINE-01-ZONE-E,232.0,191.1,35.06,14.1,1.9,1.1,260.0
PROD-10886,2025-11-04,MINE-02,MINE-02-ZONE-A,232.0,228.2,40.77,15.4,0.6,3.7,260.0
PROD-10887,2025-11-04,MINE-02,MINE-02-ZONE-B,232.0,216.2,43.29,15.0,1.0,3.7,260.0
PROD-10888,2025-11-04,MINE-02,MINE-02-ZONE-C,232.0,215.4,32.26,15.3,0.7,3.7,260.0
PROD-10889,2025-11-04,MINE-02,MINE-02-ZONE-D,232.0,168.5,43.23,12.3,3.7,3.7,260.0
PROD-10890,2025-11-04,MINE-02,MINE-02-ZONE-E,232.0,211.9,40.93,13.8,2.2,3.7,260.0
PROD-10891,2025-11-04,MINE-03,MINE-03-ZONE-A,232.0,181.1,40.96,13.4,2.6,1.8,260.0
PROD-10892,2025-11-04,MINE-03,MINE-03-ZONE-B,232.0,209.4,43.27,13.8,2.2,1.8,260.0
PROD-10893,2025-11-04,MINE-03,MINE-03-ZONE-C,232.0,180.0,32.66,11.7,4.3,1.8,260.0
PROD-10894,2025-11-04,MINE-03,MINE-03-ZONE-D,232.0,168.9,36.77,12.0,4.0,1.8,260.0
PROD-10895,2025-11-04,MINE-03,MINE-03-ZONE-E,232.0,198.5,41.15,13.1,2.9,1.8,260.0
PROD-10896,2025-11-04,MINE-04,MINE-04-ZONE-A,232.0,207.9,32.87,14.0,2.0,1.1,260.0
PROD-10897,2025-11-04,MINE-04,MINE-04-ZONE-B,232.0,160.5,43.43,11.7,4.3,1.1,260.0
PROD-10898,2025-11-04,MINE-04,MINE-04-ZONE-C,232.0,171.8,36.09,12.4,3.6,1.1,260.0
PROD-10899,2025-11-04,MINE-04,MINE-04-ZONE-D,232.0,219.0,38.6,15.3,0.7,1.1,260.0
PROD-10900,2025-11-04,MINE-04,MINE-04-ZONE-E,232.0,187.7,39.52,13.8,2.2,1.1,260.0
PROD-10901,2025-11-05,MINE-01,MINE-01-ZONE-A,276.0,240.7,39.73,13.6,2.4,2.5,260.0
PROD-10902,2025-11-05,MINE-01,MINE-01-ZONE-B,276.0,246.4,38.29,14.9,1.1,2.5,260.0
PROD-10903,2025-11-05,MINE-01,MINE-01-ZONE-C,276.0,254.0,32.48,14.4,1.6,2.5,260.0
PROD-10904,2025-11-05,MINE-01,MINE-01-ZONE-D,276.0,260.1,32.06,14.5,1.5,2.5,260.0
PROD-10905,2025-11-05,MINE-01,MINE-01-ZONE-E,276.0,227.8,34.33,13.4,2.6,2.5,260.0
PROD-10906,2025-11-05,MINE-02,MINE-02-ZONE-A,276.0,243.3,40.01,14.3,1.7,3.6,260.0
PROD-10907,2025-11-05,MINE-02,MINE-02-ZONE-B,276.0,238.8,33.64,13.3,2.7,3.6,260.0
PROD-10908,2025-11-05,MINE-02,MINE-02-ZONE-C,276.0,253.1,36.49,15.3,0.7,3.6,260.0
PROD-10909,2025-11-05,MINE-02,MINE-02-ZONE-D,276.0,201.6,40.0,12.6,3.4,3.6,260.0
PROD-10910,2025-11-05,MINE-02,MINE-02-ZONE-E,276.0,239.6,39.27,13.7,2.3,3.6,260.0
PROD-10911,2025-11-05,MINE-03,MINE-03-ZONE-A,276.0,257.4,38.77,15.3,0.7,3.2,260.0
PROD-10912,2025-11-05,MINE-03,MINE-03-ZONE-B,276.0,226.1,35.43,12.7,3.3,3.2,260.0
PROD-10913,2025-11-05,MINE-03,MINE-03-ZONE-C,276.0,238.3,43.94,14.8,1.2,3.2,260.0
PROD-10914,2025-11-05,MINE-03,MINE-03-ZONE-D,276.0,199.0,33.99,11.5,4.5,3.2,260.0
PROD-10915,2025-11-05,MINE-03,MINE-03-ZONE-E,276.0,219.7,39.49,12.5,3.5,3.2,260.0
PROD-10916,2025-11-05,MINE-04,MINE-04-ZONE-A,276.0,230.8,38.87,13.0,3.0,2.2,260.0
PROD-10917,2025-11-05,MINE-04,MINE-04-ZONE-B,276.0,248.3,35.56,14.0,2.0,2.2,260.0
PROD-10918,2025-11-05,MINE-04,MINE-04-ZONE-C,276.0,231.1,39.2,13.3,2.7,2.2,260.0
PROD-10919,2025-11-05,MINE-04,MINE-04-ZONE-D,276.0,221.3,43.77,12.6,3.4,2.2,260.0
PROD-10920,2025-11-05,MINE-04,MINE-04-ZONE-E,276.0,246.4,35.55,13.7,2.3,2.2,260.0
PROD-10921,2025-11-06,MINE-01,MINE-01-ZONE-A,280.0,229.8,36.61,13.4,2.6,1.0,260.0
PROD-10922,2025-11-06,MINE-01,MINE-01-ZONE-B,280.0,196.6,35.96,11.7,4.3,1.0,260.0
PROD-10923,2025-11-06,MINE-01,MINE-01-ZONE-C,280.0,249.1,38.01,15.1,0.9,1.0,260.0
PROD-10924,2025-11-06,MINE-01,MINE-01-ZONE-D,280.0,253.1,43.7,14.3,1.7,1.0,260.0
PROD-10925,2025-11-06,MINE-01,MINE-01-ZONE-E,280.0,246.7,34.28,14.7,1.3,1.0,260.0
PROD-10926,2025-11-06,MINE-02,MINE-02-ZONE-A,280.0,266.8,41.83,14.8,1.2,0.8,260.0
PROD-10927,2025-11-06,MINE-02,MINE-02-ZONE-B,280.0,238.9,43.63,14.3,1.7,0.8,260.0
PROD-10928,2025-11-06,MINE-02,MINE-02-ZONE-C,280.0,244.5,43.25,13.9,2.1,0.8,260.0
PROD-10929,2025-11-06,MINE-02,MINE-02-ZONE-D,280.0,248.7,43.88,13.9,2.1,0.8,260.0
PROD-10930,2025-11-06,MINE-02,MINE-02-ZONE-E,280.0,234.4,33.41,13.6,2.4,0.8,260.0
PROD-10931,2025-11-06,MINE-03,MINE-03-ZONE-A,280.0,228.7,32.37,12.4,3.6,3.8,260.0
PROD-10932,2025-11-06,MINE-03,MINE-03-ZONE-B,280.0,244.5,35.71,13.7,2.3,3.8,260.0
PROD-10933,2025-11-06,MINE-03,MINE-03-ZONE-C,280.0,209.1,38.24,11.7,4.3,3.8,260.0
PROD-10934,2025-11-06,MINE-03,MINE-03-ZONE-D,280.0,257.7,39.23,14.6,1.4,3.8,260.0
PROD-10935,2025-11-06,MINE-03,MINE-03-ZONE-E,280.0,236.3,43.4,14.1,1.9,3.8,260.0
PROD-10936,2025-11-06,MINE-04,MINE-04-ZONE-A,280.0,270.4,41.08,14.9,1.1,2.9,260.0
PROD-10937,2025-11-06,MINE-04,MINE-04-ZONE-B,280.0,226.1,41.94,12.2,3.8,2.9,260.0
PROD-10938,2025-11-06,MINE-04,MINE-04-ZONE-C,280.0,220.2,42.65,11.9,4.1,2.9,260.0
PROD-10939,2025-11-06,MINE-04,MINE-04-ZONE-D,280.0,249.5,40.34,15.0,1.0,2.9,260.0
PROD-10940,2025-11-06,MINE-04,MINE-04-ZONE-E,280.0,222.5,38.59,13.1,2.9,2.9,260.0
PROD-10941,2025-11-07,MINE-01,MINE-01-ZONE-A,284.0,203.3,39.09,12.1,3.9,1.4,260.0
PROD-10942,2025-11-07,MINE-01,MINE-01-ZONE-B,284.0,254.5,37.21,14.1,1.9,1.4,260.0
PROD-10943,2025-11-07,MINE-01,MINE-01-ZONE-C,284.0,263.0,36.59,14.4,1.6,1.4,260.0
PROD-10944,2025-11-07,MINE-01,MINE-01-ZONE-D,284.0,244.7,32.87,14.0,2.0,1.4,260.0
PROD-10945,2025-11-07,MINE-01,MINE-01-ZONE-E,284.0,201.1,37.78,12.2,3.8,1.4,260.0
PROD-10946,2025-11-07,MINE-02,MINE-02-ZONE-A,284.0,248.8,40.23,13.8,2.2,1.8,260.0
PROD-10947,2025-11-07,MINE-02,MINE-02-ZONE-B,284.0,253.8,38.34,14.9,1.1,1.8,260.0
PROD-10948,2025-11-07,MINE-02,MINE-02-ZONE-C,284.0,247.4,41.01,13.2,2.8,1.8,260.0
PROD-10949,2025-11-07,MINE-02,MINE-02-ZONE-D,284.0,246.7,35.2,14.5,1.5,1.8,260.0
PROD-10950,2025-11-07,MINE-02,MINE-02-ZONE-E,284.0,227.0,41.56,13.3,2.7,1.8,260.0
PROD-10951,2025-11-07,MINE-03,MINE-03-ZONE-A,284.0,253.8,39.51,14.3,1.7,0.4,260.0
PROD-10952,2025-11-07,MINE-03,MINE-03-ZONE-B,284.0,257.1,43.51,15.3,0.7,0.4,260.0
PROD-10953,2025-11-07,MINE-03,MINE-03-ZONE-C,284.0,232.8,32.08,13.6,2.4,0.4,260.0
PROD-10954,2025-11-07,MINE-03,MINE-03-ZONE-D,284.0,212.5,36.69,12.1,3.9,0.4,260.0
PROD-10955,2025-11-07,MINE-03,MINE-03-ZONE-E,284.0,199.6,32.66,12.0,4.0,0.4,260.0
PROD-10956,2025-11-07,MINE-04,MINE-04-ZONE-A,284.0,222.8,38.05,12.2,3.8,2.5,260.0
PROD-10957,2025-11-07,MINE-04,MINE-04-ZONE-B,284.0,272.8,41.77,15.2,0.8,2.5,260.0
PROD-10958,2025-11-07,MINE-04,MINE-04-ZONE-C,284.0,264.2,42.25,14.2,1.8,2.5,260.0
PROD-10959,2025-11-07,MINE-04,MINE-04-ZONE-D,284.0,256.5,38.33,15.3,0.7,2.5,260.0
PROD-10960,2025-11-07,MINE-04,MINE-04-ZONE-E,284.0,224.2,35.52,13.1,2.9,2.5,260.0
PROD-10961,2025-11-08,MINE-01,MINE-01-ZONE-A,288.0,244.6,35.86,13.1,2.9,2.7,260.0
PROD-10962,2025-11-08,MINE-01,MINE-01-ZONE-B,288.0,252.8,42.35,13.7,2.3,2.7,260.0
PROD-10963,2025-11-08,MINE-01,MINE-01-ZONE-C,288.0,250.4,43.39,13.4,2.6,2.7,260.0
PROD-10964,2025-11-08,MINE-01,MINE-01-ZONE-D,288.0,234.1,32.6,12.9,3.1,2.7,260.0
PROD-10965,2025-11-08,MINE-01,MINE-01-ZONE-E,288.0,254.1,35.24,14.0,2.0,2.7,260.0
PROD-10966,2025-11-08,MINE-02,MINE-02-ZONE-A,288.0,211.1,39.19,11.9,4.1,2.1,260.0
PROD-10967,2025-11-08,MINE-02,MINE-02-ZONE-B,288.0,235.4,43.32,13.9,2.1,2.1,260.0
PROD-10968,2025-11-08,MINE-02,MINE-02-ZONE-C,288.0,221.4,41.16,12.0,4.0,2.1,260.0
PROD-10969,2025-11-08,MINE-02,MINE-02-ZONE-D,288.0,237.5,33.65,13.9,2.1,2.1,260.0
PROD-10970,2025-11-08,MINE-02,MINE-02-ZONE-E,288.0,284.4,40.95,15.4,0.6,2.1,260.0
PROD-10971,2025-11-08,MINE-03,MINE-03-ZONE-A,288.0,246.5,37.69,13.5,2.5,0.3,260.0
PROD-10972,2025-11-08,MINE-03,MINE-03-ZONE-B,288.0,238.2,33.93,14.0,2.0,0.3,260.0
PROD-10973,2025-11-08,MINE-03,MINE-03-ZONE-C,288.0,231.4,41.23,12.7,3.3,0.3,260.0
PROD-10974,2025-11-08,MINE-03,MINE-03-ZONE-D,288.0,255.9,38.29,14.4,1.6,0.3,260.0
PROD-10975,2025-11-08,MINE-03,MINE-03-ZONE-E,288.0,228.0,34.34,13.4,2.6,0.3,260.0
PROD-10976,2025-11-08,MINE-04,MINE-04-ZONE-A,288.0,254.4,43.25,14.7,1.3,2.7,260.0
PROD-10977,2025-11-08,MINE-04,MINE-04-ZONE-B,288.0,203.3,40.58,11.7,4.3,2.7,260.0
PROD-10978,2025-11-08,MINE-04,MINE-04-ZONE-C,288.0,259.6,43.53,14.8,1.2,2.7,260.0
PROD-10979,2025-11-08,MINE-04,MINE-04-ZONE-D,288.0,270.9,32.95,15.1,0.9,2.7,260.0
PROD-10980,2025-11-08,MINE-04,MINE-04-ZONE-E,288.0,287.2,42.79,15.5,0.5,2.7,260.0
PROD-10981,2025-11-09,MINE-01,MINE-01-ZONE-A,208.0,179.1,39.24,14.8,1.2,2.3,260.0
PROD-10982,2025-11-09,MINE-01,MINE-01-ZONE-B,208.0,188.5,41.0,15.5,0.5,2.3,260.0
PROD-10983,2025-11-09,MINE-01,MINE-01-ZONE-C,208.0,187.6,40.04,14.5,1.5,2.3,260.0
PROD-10984,2025-11-09,MINE-01,MINE-01-ZONE-D,208.0,193.5,38.88,15.0,1.0,2.3,260.0
PROD-10985,2025-11-09,MINE-01,MINE-01-ZONE-E,208.0,170.7,34.62,14.1,1.9,2.3,260.0
PROD-10986,2025-11-09,MINE-02,MINE-02-ZONE-A,208.0,201.5,35.56,15.2,0.8,2.0,260.0
PROD-10987,2025-11-09,MINE-02,MINE-02-ZONE-B,208.0,172.6,43.53,14.4,1.6,2.0,260.0
PROD-10988,2025-11-09,MINE-02,MINE-02-ZONE-C,208.0,149.8,33.69,12.0,4.0,2.0,260.0
PROD-10989,2025-11-09,MINE-02,MINE-02-ZONE-D,208.0,179.9,43.68,13.9,2.1,2.0,260.0
PROD-10990,2025-11-09,MINE-02,MINE-02-ZONE-E,208.0,188.4,43.94,15.1,0.9,2.0,260.0
PROD-10991,2025-11-09,MINE-03,MINE-03-ZONE-A,208.0,179.1,35.0,14.6,1.4,3.3,260.0
PROD-10992,2025-11-09,MINE-03,MINE-03-ZONE-B,208.0,193.5,33.3,15.1,0.9,3.3,260.0
PROD-10993,2025-11-09,MINE-03,MINE-03-ZONE-C,208.0,190.7,41.49,14.9,1.1,3.3,260.0
PROD-10994,2025-11-09,MINE-03,MINE-03-ZONE-D,208.0,154.9,34.24,12.8,3.2,3.3,260.0
PROD-10995,2025-11-09,MINE-03,MINE-03-ZONE-E,208.0,188.1,33.11,15.4,0.6,3.3,260.0
PROD-10996,2025-11-09,MINE-04,MINE-04-ZONE-A,208.0,185.1,38.43,13.5,2.5,0.1,260.0
PROD-10997,2025-11-09,MINE-04,MINE-04-ZONE-B,208.0,196.2,35.13,14.8,1.2,0.1,260.0
PROD-10998,2025-11-09,MINE-04,MINE-04-ZONE-C,208.0,151.0,38.87,11.8,4.2,0.1,260.0
PROD-10999,2025-11-09,MINE-04,MINE-04-ZONE-D,208.0,193.1,41.41,14.1,1.9,0.1,260.0
PROD-11000,2025-11-09,MINE-04,MINE-04-ZONE-E,208.0,164.5,41.09,12.8,3.2,0.1,260.0
PROD-11001,2025-11-10,MINE-01,MINE-01-ZONE-A,252.0,179.0,41.87,12.0,4.0,3.4,260.0
PROD-11002,2025-11-10,MINE-01,MINE-01-ZONE-B,252.0,214.5,38.18,14.5,1.5,3.4,260.0
PROD-11003,2025-11-10,MINE-01,MINE-01-ZONE-C,252.0,222.2,36.9,13.3,2.7,3.4,260.0
PROD-11004,2025-11-10,MINE-01,MINE-01-ZONE-D,252.0,222.0,37.4,14.1,1.9,3.4,260.0
PROD-11005,2025-11-10,MINE-01,MINE-01-ZONE-E,252.0,194.7,40.43,12.5,3.5,3.4,260.0
PROD-11006,2025-11-10,MINE-02,MINE-02-ZONE-A,252.0,212.8,36.83,13.3,2.7,1.3,260.0
PROD-11007,2025-11-10,MINE-02,MINE-02-ZONE-B,252.0,173.7,37.74,11.8,4.2,1.3,260.0
PROD-11008,2025-11-10,MINE-02,MINE-02-ZONE-C,252.0,250.9,37.96,15.3,0.7,1.3,260.0
PROD-11009,2025-11-10,MINE-02,MINE-02-ZONE-D,252.0,187.2,41.69,11.9,4.1,1.3,260.0
PROD-11010,2025-11-10,MINE-02,MINE-02-ZONE-E,252.0,175.3,41.17,12.1,3.9,1.3,260.0
PROD-11011,2025-11-10,MINE-03,MINE-03-ZONE-A,252.0,207.7,39.91,14.0,2.0,3.2,260.0
PROD-11012,2025-11-10,MINE-03,MINE-03-ZONE-B,252.0,222.6,36.19,14.8,1.2,3.2,260.0
PROD-11013,2025-11-10,MINE-03,MINE-03-ZONE-C,252.0,187.3,36.72,12.8,3.2,3.2,260.0
PROD-11014,2025-11-10,MINE-03,MINE-03-ZONE-D,252.0,183.2,41.33,12.0,4.0,3.2,260.0
PROD-11015,2025-11-10,MINE-03,MINE-03-ZONE-E,252.0,205.9,33.26,13.3,2.7,3.2,260.0
PROD-11016,2025-11-10,MINE-04,MINE-04-ZONE-A,252.0,228.3,40.79,14.4,1.6,0.8,260.0
PROD-11017,2025-11-10,MINE-04,MINE-04-ZONE-B,252.0,218.6,34.09,13.4,2.6,0.8,260.0
PROD-11018,2025-11-10,MINE-04,MINE-04-ZONE-C,252.0,171.4,38.81,11.6,4.4,0.8,260.0
PROD-11019,2025-11-10,MINE-04,MINE-04-ZONE-D,252.0,189.9,43.46,11.6,4.4,0.8,260.0
PROD-11020,2025-11-10,MINE-04,MINE-04-ZONE-E,252.0,210.0,40.18,13.3,2.7,0.8,260.0
PROD-11021,2025-11-11,MINE-01,MINE-01-ZONE-A,256.0,235.4,38.5,14.6,1.4,2.7,260.0
PROD-11022,2025-11-11,MINE-01,MINE-01-ZONE-B,256.0,207.8,43.44,12.4,3.6,2.7,260.0
PROD-11023,2025-11-11,MINE-01,MINE-01-ZONE-C,256.0,250.6,42.21,15.0,1.0,2.7,260.0
PROD-11024,2025-11-11,MINE-01,MINE-01-ZONE-D,256.0,208.7,40.3,12.3,3.7,2.7,260.0
PROD-11025,2025-11-11,MINE-01,MINE-01-ZONE-E,256.0,242.0,37.2,14.6,1.4,2.7,260.0
PROD-11026,2025-11-11,MINE-02,MINE-02-ZONE-A,256.0,208.0,35.01,12.6,3.4,0.1,260.0
PROD-11027,2025-11-11,MINE-02,MINE-02-ZONE-B,256.0,190.0,35.58,11.6,4.4,0.1,260.0
PROD-11028,2025-11-11,MINE-02,MINE-02-ZONE-C,256.0,219.9,39.32,13.1,2.9,0.1,260.0
PROD-11029,2025-11-11,MINE-02,MINE-02-ZONE-D,256.0,199.7,33.01,13.3,2.7,0.1,260.0
PROD-11030,2025-11-11,MINE-02,MINE-02-ZONE-E,256.0,229.3,38.09,14.1,1.9,0.1,260.0
PROD-11031,2025-11-11,MINE-03,MINE-03-ZONE-A,256.0,193.3,32.43,11.7,4.3,2.6,260.0
PROD-11032,2025-11-11,MINE-03,MINE-03-ZONE-B,256.0,192.5,43.08,12.9,3.1,2.6,260.0
PROD-11033,2025-11-11,MINE-03,MINE-03-ZONE-C,256.0,233.1,37.37,14.6,1.4,2.6,260.0
PROD-11034,2025-11-11,MINE-03,MINE-03-ZONE-D,256.0,217.1,43.67,13.6,2.4,2.6,260.0
PROD-11035,2025-11-11,MINE-03,MINE-03-ZONE-E,256.0,248.0,37.42,14.8,1.2,2.6,260.0
PROD-11036,2025-11-11,MINE-04,MINE-04-ZONE-A,256.0,209.1,39.37,14.0,2.0,3.3,260.0
PROD-11037,2025-11-11,MINE-04,MINE-04-ZONE-B,256.0,204.5,37.54,12.6,3.4,3.3,260.0
PROD-11038,2025-11-11,MINE-04,MINE-04-ZONE-C,256.0,207.3,38.5,13.1,2.9,3.3,260.0
PROD-11039,2025-11-11,MINE-04,MINE-04-ZONE-D,256.0,193.9,37.24,12.1,3.9,3.3,260.0
PROD-11040,2025-11-11,MINE-04,MINE-04-ZONE-E,256.0,224.2,42.04,13.5,2.5,3.3,260.0
PROD-11041,2025-11-12,MINE-01,MINE-01-ZONE-A,260.0,242.3,34.35,15.0,1.0,2.7,260.0
PROD-11042,2025-11-12,MINE-01,MINE-01-ZONE-B,260.0,171.5,39.72,11.5,4.5,2.7,260.0
PROD-11043,2025-11-12,MINE-01,MINE-01-ZONE-C,260.0,229.6,36.78,14.2,1.8,2.7,260.0
PROD-11044,2025-11-12,MINE-01,MINE-01-ZONE-D,260.0,242.3,34.85,14.8,1.2,2.7,260.0
PROD-11045,2025-11-12,MINE-01,MINE-01-ZONE-E,260.0,239.7,32.36,15.3,0.7,2.7,260.0
PROD-11046,2025-11-12,MINE-02,MINE-02-ZONE-A,260.0,188.7,43.93,11.9,4.1,0.8,260.0
PROD-11047,2025-11-12,MINE-02,MINE-02-ZONE-B,260.0,230.5,40.23,14.0,2.0,0.8,260.0
PROD-11048,2025-11-12,MINE-02,MINE-02-ZONE-C,260.0,199.9,33.5,13.2,2.8,0.8,260.0
PROD-11049,2025-11-12,MINE-02,MINE-02-ZONE-D,260.0,234.7,41.34,14.4,1.6,0.8,260.0
PROD-11050,2025-11-12,MINE-02,MINE-02-ZONE-E,260.0,224.8,35.01,14.1,1.9,0.8,260.0
PROD-11051,2025-11-12,MINE-03,MINE-03-ZONE-A,260.0,188.5,39.12,11.8,4.2,0.1,260.0
PROD-11052,2025-11-12,MINE-03,MINE-03-ZONE-B,260.0,234.4,41.78,14.7,1.3,0.1,260.0
PROD-11053,2025-11-12,MINE-03,MINE-03-ZONE-C,260.0,236.5,39.61,14.3,1.7,0.1,260.0
PROD-11054,2025-11-12,MINE-03,MINE-03-ZONE-D,260.0,244.7,38.91,15.0,1.0,0.1,260.0
PROD-11055,2025-11-12,MINE-03,MINE-03-ZONE-E,260.0,230.7,42.4,14.4,1.6,0.1,260.0
PROD-11056,2025-11-12,MINE-04,MINE-04-ZONE-A,260.0,183.8,43.53,12.0,4.0,3.4,260.0
PROD-11057,2025-11-12,MINE-04,MINE-04-ZONE-B,260.0,202.8,36.08,11.8,4.2,3.4,260.0
PROD-11058,2025-11-12,MINE-04,MINE-04-ZONE-C,260.0,225.4,40.17,14.8,1.2,3.4,260.0
PROD-11059,2025-11-12,MINE-04,MINE-04-ZONE-D,260.0,229.4,36.05,14.2,1.8,3.4,260.0
PROD-11060,2025-11-12,MINE-04,MINE-04-ZONE-E,260.0,184.5,42.97,11.5,4.5,3.4,260.0
PROD-11061,2025-11-13,MINE-01,MINE-01-ZONE-A,264.0,220.5,38.91,14.1,1.9,3.1,260.0
PROD-11062,2025-11-13,MINE-01,MINE-01-ZONE-B,264.0,229.9,42.42,13.9,2.1,3.1,260.0
PROD-11063,2025-11-13,MINE-01,MINE-01-ZONE-C,264.0,239.6,41.38,14.6,1.4,3.1,260.0
PROD-11064,2025-11-13,MINE-01,MINE-01-ZONE-D,264.0,220.6,43.9,14.0,2.0,3.1,260.0
PROD-11065,2025-11-13,MINE-01,MINE-01-ZONE-E,264.0,222.5,36.69,13.5,2.5,3.1,260.0
PROD-11066,2025-11-13,MINE-02,MINE-02-ZONE-A,264.0,242.1,37.88,14.0,2.0,3.6,260.0
PROD-11067,2025-11-13,MINE-02,MINE-02-ZONE-B,264.0,231.6,42.2,14.4,1.6,3.6,260.0
PROD-11068,2025-11-13,MINE-02,MINE-02-ZONE-C,264.0,235.1,41.07,14.2,1.8,3.6,260.0
PROD-11069,2025-11-13,MINE-02,MINE-02-ZONE-D,264.0,196.0,35.14,12.4,3.6,3.6,260.0
PROD-11070,2025-11-13,MINE-02,MINE-02-ZONE-E,264.0,247.2,39.48,15.5,0.5,3.6,260.0
PROD-11071,2025-11-13,MINE-03,MINE-03-ZONE-A,264.0,209.8,41.89,12.0,4.0,0.1,260.0
PROD-11072,2025-11-13,MINE-03,MINE-03-ZONE-B,264.0,260.7,42.97,15.2,0.8,0.1,260.0
PROD-11073,2025-11-13,MINE-03,MINE-03-ZONE-C,264.0,206.0,34.39,13.1,2.9,0.1,260.0
PROD-11074,2025-11-13,MINE-03,MINE-03-ZONE-D,264.0,196.2,34.83,12.2,3.8,0.1,260.0
PROD-11075,2025-11-13,MINE-03,MINE-03-ZONE-E,264.0,190.5,36.37,12.3,3.7,0.1,260.0
PROD-11076,2025-11-13,MINE-04,MINE-04-ZONE-A,264.0,214.7,35.52,13.9,2.1,3.3,260.0
PROD-11077,2025-11-13,MINE-04,MINE-04-ZONE-B,264.0,256.5,34.43,15.1,0.9,3.3,260.0
PROD-11078,2025-11-13,MINE-04,MINE-04-ZONE-C,264.0,228.7,39.43,14.6,1.4,3.3,260.0
PROD-11079,2025-11-13,MINE-04,MINE-04-ZONE-D,264.0,236.1,40.73,14.6,1.4,3.3,260.0
PROD-11080,2025-11-13,MINE-04,MINE-04-ZONE-E,264.0,179.1,41.59,11.7,4.3,3.3,260.0
PROD-11081,2025-11-14,MINE-01,MINE-01-ZONE-A,268.0,221.7,32.19,13.7,2.3,3.4,260.0
PROD-11082,2025-11-14,MINE-01,MINE-01-ZONE-B,268.0,229.1,33.8,13.0,3.0,3.4,260.0
PROD-11083,2025-11-14,MINE-01,MINE-01-ZONE-C,268.0,208.0,35.4,12.0,4.0,3.4,260.0
PROD-11084,2025-11-14,MINE-01,MINE-01-ZONE-D,268.0,193.2,41.32,12.4,3.6,3.4,260.0
PROD-11085,2025-11-14,MINE-01,MINE-01-ZONE-E,268.0,241.9,38.35,14.8,1.2,3.4,260.0
PROD-11086,2025-11-14,MINE-02,MINE-02-ZONE-A,268.0,197.2,38.28,11.5,4.5,2.3,260.0
PROD-11087,2025-11-14,MINE-02,MINE-02-ZONE-B,268.0,224.4,42.02,13.3,2.7,2.3,260.0
PROD-11088,2025-11-14,MINE-02,MINE-02-ZONE-C,268.0,193.1,36.33,12.5,3.5,2.3,260.0
PROD-11089,2025-11-14,MINE-02,MINE-02-ZONE-D,268.0,243.3,38.69,14.6,1.4,2.3,260.0
PROD-11090,2025-11-14,MINE-02,MINE-02-ZONE-E,268.0,203.3,42.68,12.4,3.6,2.3,260.0
PROD-11091,2025-11-14,MINE-03,MINE-03-ZONE-A,268.0,198.4,42.95,11.8,4.2,1.6,260.0
PROD-11092,2025-11-14,MINE-03,MINE-03-ZONE-B,268.0,204.2,43.47,12.4,3.6,1.6,260.0
PROD-11093,2025-11-14,MINE-03,MINE-03-ZONE-C,268.0,202.5,36.99,12.0,4.0,1.6,260.0
PROD-11094,2025-11-14,MINE-03,MINE-03-ZONE-D,268.0,209.5,35.35,12.5,3.5,1.6,260.0
PROD-11095,2025-11-14,MINE-03,MINE-03-ZONE-E,268.0,189.2,40.47,12.0,4.0,1.6,260.0
PROD-11096,2025-11-14,MINE-04,MINE-04-ZONE-A,268.0,238.2,42.72,13.5,2.5,3.6,260.0
PROD-11097,2025-11-14,MINE-04,MINE-04-ZONE-B,268.0,242.6,40.79,14.4,1.6,3.6,260.0
PROD-11098,2025-11-14,MINE-04,MINE-04-ZONE-C,268.0,224.6,42.4,13.8,2.2,3.6,260.0
PROD-11099,2025-11-14,MINE-04,MINE-04-ZONE-D,268.0,214.0,35.46,12.3,3.7,3.6,260.0
PROD-11100,2025-11-14,MINE-04,MINE-04-ZONE-E,268.0,217.8,39.37,13.5,2.5,3.6,260.0
PROD-11101,2025-11-15,MINE-01,MINE-01-ZONE-A,312.0,279.9,40.32,15.0,1.0,0.1,260.0
PROD-11102,2025-11-15,MINE-01,MINE-01-ZONE-B,312.0,211.9,43.19,11.6,4.4,0.1,260.0
PROD-11103,2025-11-15,MINE-01,MINE-01-ZONE-C,312.0,288.3,33.87,15.5,0.5,0.1,260.0
PROD-11104,2025-11-15,MINE-01,MINE-01-ZONE-D,312.0,282.9,39.04,14.3,1.7,0.1,260.0
PROD-11105,2025-11-15,MINE-01,MINE-01-ZONE-E,312.0,221.1,34.84,12.0,4.0,0.1,260.0
PROD-11106,2025-11-15,MINE-02,MINE-02-ZONE-A,312.0,259.4,43.89,12.9,3.1,2.6,260.0
PROD-11107,2025-11-15,MINE-02,MINE-02-ZONE-B,312.0,285.0,35.81,15.0,1.0,2.6,260.0
PROD-11108,2025-11-15,MINE-02,MINE-02-ZONE-C,312.0,279.1,37.77,14.7,1.3,2.6,260.0
PROD-11109,2025-11-15,MINE-02,MINE-02-ZONE-D,312.0,263.3,37.11,13.4,2.6,2.6,260.0
PROD-11110,2025-11-15,MINE-02,MINE-02-ZONE-E,312.0,247.3,35.41,12.5,3.5,2.6,260.0
PROD-11111,2025-11-15,MINE-03,MINE-03-ZONE-A,312.0,279.2,39.4,14.4,1.6,2.6,260.0
PROD-11112,2025-11-15,MINE-03,MINE-03-ZONE-B,312.0,274.5,40.6,14.0,2.0,2.6,260.0
PROD-11113,2025-11-15,MINE-03,MINE-03-ZONE-C,312.0,302.2,40.28,14.9,1.1,2.6,260.0
PROD-11114,2025-11-15,MINE-03,MINE-03-ZONE-D,312.0,226.0,42.79,11.8,4.2,2.6,260.0
PROD-11115,2025-11-15,MINE-03,MINE-03-ZONE-E,312.0,244.6,35.51,12.3,3.7,2.6,260.0
PROD-11116,2025-11-15,MINE-04,MINE-04-ZONE-A,312.0,274.2,33.56,13.8,2.2,2.9,260.0
PROD-11117,2025-11-15,MINE-04,MINE-04-ZONE-B,312.0,248.4,40.44,12.1,3.9,2.9,260.0
PROD-11118,2025-11-15,MINE-04,MINE-04-ZONE-C,312.0,221.7,43.4,11.8,4.2,2.9,260.0
PROD-11119,2025-11-15,MINE-04,MINE-04-ZONE-D,312.0,285.4,41.76,15.2,0.8,2.9,260.0
PROD-11120,2025-11-15,MINE-04,MINE-04-ZONE-E,312.0,254.7,33.27,12.7,3.3,2.9,260.0
PROD-11121,2025-11-16,MINE-01,MINE-01-ZONE-A,232.0,226.0,33.52,15.0,1.0,2.4,260.0
PROD-11122,2025-11-16,MINE-01,MINE-01-ZONE-B,232.0,199.9,39.74,13.1,2.9,2.4,260.0
PROD-11123,2025-11-16,MINE-01,MINE-01-ZONE-C,232.0,190.9,32.71,13.0,3.0,2.4,260.0
PROD-11124,2025-11-16,MINE-01,MINE-01-ZONE-D,232.0,191.5,38.24,12.5,3.5,2.4,260.0
PROD-11125,2025-11-16,MINE-01,MINE-01-ZONE-E,232.0,198.3,34.45,13.8,2.2,2.4,260.0
PROD-11126,2025-11-16,MINE-02,MINE-02-ZONE-A,232.0,186.5,38.39,13.3,2.7,2.9,260.0
PROD-11127,2025-11-16,MINE-02,MINE-02-ZONE-B,232.0,175.4,40.47,12.4,3.6,2.9,260.0
PROD-11128,2025-11-16,MINE-02,MINE-02-ZONE-C,232.0,174.3,34.17,12.8,3.2,2.9,260.0
PROD-11129,2025-11-16,MINE-02,MINE-02-ZONE-D,232.0,201.6,35.12,14.1,1.9,2.9,260.0
PROD-11130,2025-11-16,MINE-02,MINE-02-ZONE-E,232.0,168.6,35.19,11.6,4.4,2.9,260.0
PROD-11131,2025-11-16,MINE-03,MINE-03-ZONE-A,232.0,206.1,38.85,15.0,1.0,1.6,260.0
PROD-11132,2025-11-16,MINE-03,MINE-03-ZONE-B,232.0,211.5,33.08,15.4,0.6,1.6,260.0
PROD-11133,2025-11-16,MINE-03,MINE-03-ZONE-C,232.0,186.7,40.9,12.2,3.8,1.6,260.0
PROD-11134,2025-11-16,MINE-03,MINE-03-ZONE-D,232.0,206.8,34.89,14.0,2.0,1.6,260.0
PROD-11135,2025-11-16,MINE-03,MINE-03-ZONE-E,232.0,204.5,42.43,15.1,0.9,1.6,260.0
PROD-11136,2025-11-16,MINE-04,MINE-04-ZONE-A,232.0,195.7,39.75,12.6,3.4,1.4,260.0
PROD-11137,2025-11-16,MINE-04,MINE-04-ZONE-B,232.0,212.4,34.58,14.8,1.2,1.4,260.0
PROD-11138,2025-11-16,MINE-04,MINE-04-ZONE-C,232.0,204.3,34.61,13.7,2.3,1.4,260.0
PROD-11139,2025-11-16,MINE-04,MINE-04-ZONE-D,232.0,193.1,34.23,13.2,2.8,1.4,260.0
PROD-11140,2025-11-16,MINE-04,MINE-04-ZONE-E,232.0,160.6,34.18,12.1,3.9,1.4,260.0
PROD-11141,2025-11-17,MINE-01,MINE-01-ZONE-A,236.0,232.9,42.92,14.9,1.1,0.8,260.0
PROD-11142,2025-11-17,MINE-01,MINE-01-ZONE-B,236.0,212.2,34.05,14.6,1.4,0.8,260.0
PROD-11143,2025-11-17,MINE-01,MINE-01-ZONE-C,236.0,220.0,35.92,15.1,0.9,0.8,260.0
PROD-11144,2025-11-17,MINE-01,MINE-01-ZONE-D,236.0,165.3,35.64,12.1,3.9,0.8,260.0
PROD-11145,2025-11-17,MINE-01,MINE-01-ZONE-E,236.0,185.0,42.76,13.3,2.7,0.8,260.0
PROD-11146,2025-11-17,MINE-02,MINE-02-ZONE-A,236.0,204.9,43.57,14.2,1.8,0.7,260.0
PROD-11147,2025-11-17,MINE-02,MINE-02-ZONE-B,236.0,191.7,38.48,12.3,3.7,0.7,260.0
PROD-11148,2025-11-17,MINE-02,MINE-02-ZONE-C,236.0,222.2,35.2,14.2,1.8,0.7,260.0
PROD-11149,2025-11-17,MINE-02,MINE-02-ZONE-D,236.0,227.5,37.56,15.0,1.0,0.7,260.0
PROD-11150,2025-11-17,MINE-02,MINE-02-ZONE-E,236.0,183.8,33.94,12.5,3.5,0.7,260.0
PROD-11151,2025-11-17,MINE-03,MINE-03-ZONE-A,236.0,195.1,32.23,13.9,2.1,3.8,260.0
PROD-11152,2025-11-17,MINE-03,MINE-03-ZONE-B,236.0,218.0,38.93,14.2,1.8,3.8,260.0
PROD-11153,2025-11-17,MINE-03,MINE-03-ZONE-C,236.0,170.6,40.59,11.7,4.3,3.8,260.0
PROD-11154,2025-11-17,MINE-03,MINE-03-ZONE-D,236.0,230.5,39.24,15.0,1.0,3.8,260.0
PROD-11155,2025-11-17,MINE-03,MINE-03-ZONE-E,236.0,178.9,32.03,12.1,3.9,3.8,260.0
PROD-11156,2025-11-17,MINE-04,MINE-04-ZONE-A,236.0,190.6,33.95,13.2,2.8,4.0,260.0
PROD-11157,2025-11-17,MINE-04,MINE-04-ZONE-B,236.0,211.9,39.15,14.2,1.8,4.0,260.0
PROD-11158,2025-11-17,MINE-04,MINE-04-ZONE-C,236.0,194.5,40.63,12.5,3.5,4.0,260.0
PROD-11159,2025-11-17,MINE-04,MINE-04-ZONE-D,236.0,219.0,41.81,14.6,1.4,4.0,260.0
PROD-11160,2025-11-17,MINE-04,MINE-04-ZONE-E,236.0,230.7,43.35,14.9,1.1,4.0,260.0
PROD-11161,2025-11-18,MINE-01,MINE-01-ZONE-A,240.0,189.5,32.34,13.4,2.6,0.7,260.0
PROD-11162,2025-11-18,MINE-01,MINE-01-ZONE-B,240.0,205.8,33.62,12.8,3.2,0.7,260.0
PROD-11163,2025-11-18,MINE-01,MINE-01-ZONE-C,240.0,216.4,40.71,14.0,2.0,0.7,260.0
PROD-11164,2025-11-18,MINE-01,MINE-01-ZONE-D,240.0,219.7,32.45,15.3,0.7,0.7,260.0
PROD-11165,2025-11-18,MINE-01,MINE-01-ZONE-E,240.0,236.8,37.87,15.3,0.7,0.7,260.0
PROD-11166,2025-11-18,MINE-02,MINE-02-ZONE-A,240.0,189.3,37.59,12.3,3.7,1.4,260.0
PROD-11167,2025-11-18,MINE-02,MINE-02-ZONE-B,240.0,212.6,37.26,13.5,2.5,1.4,260.0
PROD-11168,2025-11-18,MINE-02,MINE-02-ZONE-C,240.0,197.0,40.66,12.8,3.2,1.4,260.0
PROD-11169,2025-11-18,MINE-02,MINE-02-ZONE-D,240.0,184.3,36.29,12.0,4.0,1.4,260.0
PROD-11170,2025-11-18,MINE-02,MINE-02-ZONE-E,240.0,219.1,43.09,14.6,1.4,1.4,260.0
PROD-11171,2025-11-18,MINE-03,MINE-03-ZONE-A,240.0,196.1,41.48,12.3,3.7,1.9,260.0
PROD-11172,2025-11-18,MINE-03,MINE-03-ZONE-B,240.0,168.2,32.21,12.2,3.8,1.9,260.0
PROD-11173,2025-11-18,MINE-03,MINE-03-ZONE-C,240.0,165.1,36.65,11.6,4.4,1.9,260.0
PROD-11174,2025-11-18,MINE-03,MINE-03-ZONE-D,240.0,228.9,41.53,15.2,0.8,1.9,260.0
PROD-11175,2025-11-18,MINE-03,MINE-03-ZONE-E,240.0,210.6,36.16,14.2,1.8,1.9,260.0
PROD-11176,2025-11-18,MINE-04,MINE-04-ZONE-A,240.0,191.9,42.46,12.0,4.0,3.1,260.0
PROD-11177,2025-11-18,MINE-04,MINE-04-ZONE-B,240.0,209.0,33.12,13.2,2.8,3.1,260.0
PROD-11178,2025-11-18,MINE-04,MINE-04-ZONE-C,240.0,188.6,34.01,12.4,3.6,3.1,260.0
PROD-11179,2025-11-18,MINE-04,MINE-04-ZONE-D,240.0,188.6,40.99,11.8,4.2,3.1,260.0
PROD-11180,2025-11-18,MINE-04,MINE-04-ZONE-E,240.0,178.0,34.39,12.8,3.2,3.1,260.0
PROD-11181,2025-11-19,MINE-01,MINE-01-ZONE-A,244.0,228.3,38.14,14.4,1.6,3.5,260.0
PROD-11182,2025-11-19,MINE-01,MINE-01-ZONE-B,244.0,240.6,42.94,15.3,0.7,3.5,260.0
PROD-11183,2025-11-19,MINE-01,MINE-01-ZONE-C,244.0,214.0,32.99,13.2,2.8,3.5,260.0
PROD-11184,2025-11-19,MINE-01,MINE-01-ZONE-D,244.0,193.1,39.3,12.8,3.2,3.5,260.0
PROD-11185,2025-11-19,MINE-01,MINE-01-ZONE-E,244.0,223.3,39.6,15.0,1.0,3.5,260.0
PROD-11186,2025-11-19,MINE-02,MINE-02-ZONE-A,244.0,178.4,33.89,12.6,3.4,3.8,260.0
PROD-11187,2025-11-19,MINE-02,MINE-02-ZONE-B,244.0,193.6,43.52,12.0,4.0,3.8,260.0
PROD-11188,2025-11-19,MINE-02,MINE-02-ZONE-C,244.0,217.1,33.68,13.9,2.1,3.8,260.0
PROD-11189,2025-11-19,MINE-02,MINE-02-ZONE-D,244.0,234.3,40.08,15.0,1.0,3.8,260.0
PROD-11190,2025-11-19,MINE-02,MINE-02-ZONE-E,244.0,222.6,33.25,15.0,1.0,3.8,260.0
PROD-11191,2025-11-19,MINE-03,MINE-03-ZONE-A,244.0,164.1,39.41,11.8,4.2,3.9,260.0
PROD-11192,2025-11-19,MINE-03,MINE-03-ZONE-B,244.0,221.2,36.12,15.4,0.6,3.9,260.0
PROD-11193,2025-11-19,MINE-03,MINE-03-ZONE-C,244.0,189.3,37.25,12.5,3.5,3.9,260.0
PROD-11194,2025-11-19,MINE-03,MINE-03-ZONE-D,244.0,231.3,40.96,14.5,1.5,3.9,260.0
PROD-11195,2025-11-19,MINE-03,MINE-03-ZONE-E,244.0,213.9,34.31,14.6,1.4,3.9,260.0
PROD-11196,2025-11-19,MINE-04,MINE-04-ZONE-A,244.0,204.5,32.16,14.0,2.0,0.4,260.0
PROD-11197,2025-11-19,MINE-04,MINE-04-ZONE-B,244.0,229.9,39.98,14.8,1.2,0.4,260.0
PROD-11198,2025-11-19,MINE-04,MINE-04-ZONE-C,244.0,218.4,33.8,14.3,1.7,0.4,260.0
PROD-11199,2025-11-19,MINE-04,MINE-04-ZONE-D,244.0,179.2,33.08,12.4,3.6,0.4,260.0
PROD-11200,2025-11-19,MINE-04,MINE-04-ZONE-E,244.0,236.3,36.74,15.4,0.6,0.4,260.0
PROD-11201,2025-11-20,MINE-01,MINE-01-ZONE-A,288.0,253.5,42.32,13.4,2.6,0.5,260.0
PROD-11202,2025-11-20,MINE-01,MINE-01-ZONE-B,288.0,232.0,33.62,13.2,2.8,0.5,260.0
PROD-11203,2025-11-20,MINE-01,MINE-01-ZONE-C,288.0,231.7,32.21,13.1,2.9,0.5,260.0
PROD-11204,2025-11-20,MINE-01,MINE-01-ZONE-D,288.0,210.1,42.16,12.2,3.8,0.5,260.0
PROD-11205,2025-11-20,MINE-01,MINE-01-ZONE-E,288.0,202.2,36.57,11.5,4.5,0.5,260.0
PROD-11206,2025-11-20,MINE-02,MINE-02-ZONE-A,288.0,228.9,40.83,12.3,3.7,2.8,260.0
PROD-11207,2025-11-20,MINE-02,MINE-02-ZONE-B,288.0,289.6,40.59,15.5,0.5,2.8,260.0
PROD-11208,2025-11-20,MINE-02,MINE-02-ZONE-C,288.0,231.0,41.35,13.2,2.8,2.8,260.0
PROD-11209,2025-11-20,MINE-02,MINE-02-ZONE-D,288.0,245.3,41.32,13.2,2.8,2.8,260.0
PROD-11210,2025-11-20,MINE-02,MINE-02-ZONE-E,288.0,259.2,33.7,14.6,1.4,2.8,260.0
PROD-11211,2025-11-20,MINE-03,MINE-03-ZONE-A,288.0,277.2,38.6,14.7,1.3,0.6,260.0
PROD-11212,2025-11-20,MINE-03,MINE-03-ZONE-B,288.0,235.6,41.15,13.3,2.7,0.6,260.0
PROD-11213,2025-11-20,MINE-03,MINE-03-ZONE-C,288.0,279.9,35.11,15.0,1.0,0.6,260.0
PROD-11214,2025-11-20,MINE-03,MINE-03-ZONE-D,288.0,280.4,33.87,15.2,0.8,0.6,260.0
PROD-11215,2025-11-20,MINE-03,MINE-03-ZONE-E,288.0,267.2,32.65,14.9,1.1,0.6,260.0
PROD-11216,2025-11-20,MINE-04,MINE-04-ZONE-A,288.0,272.8,37.75,15.0,1.0,0.8,260.0
PROD-11217,2025-11-20,MINE-04,MINE-04-ZONE-B,288.0,232.2,34.0,13.3,2.7,0.8,260.0
PROD-11218,2025-11-20,MINE-04,MINE-04-ZONE-C,288.0,231.7,40.66,13.0,3.0,0.8,260.0
PROD-11219,2025-11-20,MINE-04,MINE-04-ZONE-D,288.0,270.7,39.09,15.2,0.8,0.8,260.0
PROD-11220,2025-11-20,MINE-04,MINE-04-ZONE-E,288.0,238.5,42.32,13.9,2.1,0.8,260.0
PROD-11221,2025-11-21,MINE-01,MINE-01-ZONE-A,292.0,255.5,33.28,13.4,2.6,3.3,260.0
PROD-11222,2025-11-21,MINE-01,MINE-01-ZONE-B,292.0,270.2,33.9,14.2,1.8,3.3,260.0
PROD-11223,2025-11-21,MINE-01,MINE-01-ZONE-C,292.0,220.8,32.09,12.0,4.0,3.3,260.0
PROD-11224,2025-11-21,MINE-01,MINE-01-ZONE-D,292.0,240.5,32.39,12.7,3.3,3.3,260.0
PROD-11225,2025-11-21,MINE-01,MINE-01-ZONE-E,292.0,262.0,36.36,15.3,0.7,3.3,260.0
PROD-11226,2025-11-21,MINE-02,MINE-02-ZONE-A,292.0,230.2,38.77,11.9,4.1,1.1,260.0
PROD-11227,2025-11-21,MINE-02,MINE-02-ZONE-B,292.0,224.1,37.08,12.4,3.6,1.1,260.0
PROD-11228,2025-11-21,MINE-02,MINE-02-ZONE-C,292.0,229.2,36.45,12.4,3.6,1.1,260.0
PROD-11229,2025-11-21,MINE-02,MINE-02-ZONE-D,292.0,246.6,36.18,13.1,2.9,1.1,260.0
PROD-11230,2025-11-21,MINE-02,MINE-02-ZONE-E,292.0,272.2,43.35,14.4,1.6,1.1,260.0
PROD-11231,2025-11-21,MINE-03,MINE-03-ZONE-A,292.0,274.1,33.64,14.5,1.5,1.0,260.0
PROD-11232,2025-11-21,MINE-03,MINE-03-ZONE-B,292.0,222.7,32.03,12.3,3.7,1.0,260.0
PROD-11233,2025-11-21,MINE-03,MINE-03-ZONE-C,292.0,265.2,33.42,15.3,0.7,1.0,260.0
PROD-11234,2025-11-21,MINE-03,MINE-03-ZONE-D,292.0,214.3,34.49,12.4,3.6,1.0,260.0
PROD-11235,2025-11-21,MINE-03,MINE-03-ZONE-E,292.0,230.9,36.95,12.3,3.7,1.0,260.0
PROD-11236,2025-11-21,MINE-04,MINE-04-ZONE-A,292.0,264.5,35.31,14.6,1.4,0.6,260.0
PROD-11237,2025-11-21,MINE-04,MINE-04-ZONE-B,292.0,212.8,37.09,11.7,4.3,0.6,260.0
PROD-11238,2025-11-21,MINE-04,MINE-04-ZONE-C,292.0,264.1,33.17,15.3,0.7,0.6,260.0
PROD-11239,2025-11-21,MINE-04,MINE-04-ZONE-D,292.0,225.5,33.29,12.6,3.4,0.6,260.0
PROD-11240,2025-11-21,MINE-04,MINE-04-ZONE-E,292.0,249.7,33.3,13.1,2.9,0.6,260.0
PROD-11241,2025-11-22,MINE-01,MINE-01-ZONE-A,296.0,244.7,33.01,14.1,1.9,3.8,260.0
PROD-11242,2025-11-22,MINE-01,MINE-01-ZONE-B,296.0,244.2,33.22,13.5,2.5,3.8,260.0
PROD-11243,2025-11-22,MINE-01,MINE-01-ZONE-C,296.0,286.2,35.99,15.3,0.7,3.8,260.0
PROD-11244,2025-11-22,MINE-01,MINE-01-ZONE-D,296.0,221.5,35.45,11.6,4.4,3.8,260.0
PROD-11245,2025-11-22,MINE-01,MINE-01-ZONE-E,296.0,225.8,37.9,11.6,4.4,3.8,260.0
PROD-11246,2025-11-22,MINE-02,MINE-02-ZONE-A,296.0,267.5,33.37,14.7,1.3,1.8,260.0
PROD-11247,2025-11-22,MINE-02,MINE-02-ZONE-B,296.0,256.0,37.22,14.7,1.3,1.8,260.0
PROD-11248,2025-11-22,MINE-02,MINE-02-ZONE-C,296.0,270.2,40.12,14.1,1.9,1.8,260.0
PROD-11249,2025-11-22,MINE-02,MINE-02-ZONE-D,296.0,258.2,39.15,13.7,2.3,1.8,260.0
PROD-11250,2025-11-22,MINE-02,MINE-02-ZONE-E,296.0,239.5,38.74,13.5,2.5,1.8,260.0
PROD-11251,2025-11-22,MINE-03,MINE-03-ZONE-A,296.0,277.5,41.64,14.2,1.8,0.3,260.0
PROD-11252,2025-11-22,MINE-03,MINE-03-ZONE-B,296.0,232.4,33.88,12.4,3.6,0.3,260.0
PROD-11253,2025-11-22,MINE-03,MINE-03-ZONE-C,296.0,240.5,43.06,12.3,3.7,0.3,260.0
PROD-11254,2025-11-22,MINE-03,MINE-03-ZONE-D,296.0,235.3,37.24,12.1,3.9,0.3,260.0
PROD-11255,2025-11-22,MINE-03,MINE-03-ZONE-E,296.0,271.0,32.77,14.9,1.1,0.3,260.0
PROD-11256,2025-11-22,MINE-04,MINE-04-ZONE-A,296.0,256.0,42.24,14.5,1.5,1.7,260.0
PROD-11257,2025-11-22,MINE-04,MINE-04-ZONE-B,296.0,270.2,35.19,15.4,0.6,1.7,260.0
PROD-11258,2025-11-22,MINE-04,MINE-04-ZONE-C,296.0,242.0,43.58,13.8,2.2,1.7,260.0
PROD-11259,2025-11-22,MINE-04,MINE-04-ZONE-D,296.0,225.0,32.81,13.0,3.0,1.7,260.0
PROD-11260,2025-11-22,MINE-04,MINE-04-ZONE-E,296.0,274.5,37.83,15.0,1.0,1.7,260.0
PROD-11261,2025-11-23,MINE-01,MINE-01-ZONE-A,216.0,195.7,32.45,13.6,2.4,0.6,260.0
PROD-11262,2025-11-23,MINE-01,MINE-01-ZONE-B,216.0,161.3,34.83,12.5,3.5,0.6,260.0
PROD-11263,2025-11-23,MINE-01,MINE-01-ZONE-C,216.0,168.7,41.85,12.4,3.6,0.6,260.0
PROD-11264,2025-11-23,MINE-01,MINE-01-ZONE-D,216.0,183.9,40.49,13.2,2.8,0.6,260.0
PROD-11265,2025-11-23,MINE-01,MINE-01-ZONE-E,216.0,173.4,35.78,12.7,3.3,0.6,260.0
PROD-11266,2025-11-23,MINE-02,MINE-02-ZONE-A,216.0,177.4,35.8,12.8,3.2,3.2,260.0
PROD-11267,2025-11-23,MINE-02,MINE-02-ZONE-B,216.0,190.5,39.31,14.8,1.2,3.2,260.0
PROD-11268,2025-11-23,MINE-02,MINE-02-ZONE-C,216.0,207.3,39.76,15.3,0.7,3.2,260.0
PROD-11269,2025-11-23,MINE-02,MINE-02-ZONE-D,216.0,175.1,42.95,13.1,2.9,3.2,260.0
PROD-11270,2025-11-23,MINE-02,MINE-02-ZONE-E,216.0,166.7,37.91,12.4,3.6,3.2,260.0
PROD-11271,2025-11-23,MINE-03,MINE-03-ZONE-A,216.0,182.0,37.56,14.6,1.4,3.5,260.0
PROD-11272,2025-11-23,MINE-03,MINE-03-ZONE-B,216.0,171.6,36.97,13.7,2.3,3.5,260.0
PROD-11273,2025-11-23,MINE-03,MINE-03-ZONE-C,216.0,182.5,33.22,13.1,2.9,3.5,260.0
PROD-11274,2025-11-23,MINE-03,MINE-03-ZONE-D,216.0,172.6,33.78,11.9,4.1,3.5,260.0
PROD-11275,2025-11-23,MINE-03,MINE-03-ZONE-E,216.0,195.2,37.82,13.6,2.4,3.5,260.0
PROD-11276,2025-11-23,MINE-04,MINE-04-ZONE-A,216.0,170.0,41.97,13.2,2.8,1.3,260.0
PROD-11277,2025-11-23,MINE-04,MINE-04-ZONE-B,216.0,166.2,34.53,12.5,3.5,1.3,260.0
PROD-11278,2025-11-23,MINE-04,MINE-04-ZONE-C,216.0,171.2,39.09,12.7,3.3,1.3,260.0
PROD-11279,2025-11-23,MINE-04,MINE-04-ZONE-D,216.0,194.4,33.37,14.3,1.7,1.3,260.0
PROD-11280,2025-11-23,MINE-04,MINE-04-ZONE-E,216.0,185.4,32.8,13.1,2.9,1.3,260.0
PROD-11281,2025-11-24,MINE-01,MINE-01-ZONE-A,220.0,159.5,42.6,12.2,3.8,2.4,260.0
PROD-11282,2025-11-24,MINE-01,MINE-01-ZONE-B,220.0,178.8,33.67,12.1,3.9,2.4,260.0
PROD-11283,2025-11-24,MINE-01,MINE-01-ZONE-C,220.0,185.8,37.53,14.6,1.4,2.4,260.0
PROD-11284,2025-11-24,MINE-01,MINE-01-ZONE-D,220.0,172.8,33.27,11.9,4.1,2.4,260.0
PROD-11285,2025-11-24,MINE-01,MINE-01-ZONE-E,220.0,200.0,39.93,13.9,2.1,2.4,260.0
PROD-11286,2025-11-24,MINE-02,MINE-02-ZONE-A,220.0,179.4,39.93,12.9,3.1,3.6,260.0
PROD-11287,2025-11-24,MINE-02,MINE-02-ZONE-B,220.0,207.7,42.82,14.5,1.5,3.6,260.0
PROD-11288,2025-11-24,MINE-02,MINE-02-ZONE-C,220.0,195.1,33.0,13.3,2.7,3.6,260.0
PROD-11289,2025-11-24,MINE-02,MINE-02-ZONE-D,220.0,196.5,39.38,14.0,2.0,3.6,260.0
PROD-11290,2025-11-24,MINE-02,MINE-02-ZONE-E,220.0,182.4,43.92,13.4,2.6,3.6,260.0
PROD-11291,2025-11-24,MINE-03,MINE-03-ZONE-A,220.0,192.8,42.77,13.2,2.8,1.4,260.0
PROD-11292,2025-11-24,MINE-03,MINE-03-ZONE-B,220.0,206.5,32.27,15.2,0.8,1.4,260.0
PROD-11293,2025-11-24,MINE-03,MINE-03-ZONE-C,220.0,167.2,39.05,12.2,3.8,1.4,260.0
PROD-11294,2025-11-24,MINE-03,MINE-03-ZONE-D,220.0,200.6,32.37,14.3,1.7,1.4,260.0
PROD-11295,2025-11-24,MINE-03,MINE-03-ZONE-E,220.0,154.2,38.56,12.2,3.8,1.4,260.0
PROD-11296,2025-11-24,MINE-04,MINE-04-ZONE-A,220.0,181.9,38.42,13.9,2.1,3.5,260.0
PROD-11297,2025-11-24,MINE-04,MINE-04-ZONE-B,220.0,191.3,43.36,14.9,1.1,3.5,260.0
PROD-11298,2025-11-24,MINE-04,MINE-04-ZONE-C,220.0,163.9,40.85,12.0,4.0,3.5,260.0
PROD-11299,2025-11-24,MINE-04,MINE-04-ZONE-D,220.0,213.1,43.67,14.6,1.4,3.5,260.0
PROD-11300,2025-11-24,MINE-04,MINE-04-ZONE-E,220.0,203.5,38.47,14.0,2.0,3.5,260.0
PROD-11301,2025-11-25,MINE-01,MINE-01-ZONE-A,264.0,236.0,38.48,15.3,0.7,2.9,260.0
PROD-11302,2025-11-25,MINE-01,MINE-01-ZONE-B,264.0,220.3,40.0,13.8,2.2,2.9,260.0
PROD-11303,2025-11-25,MINE-01,MINE-01-ZONE-C,264.0,189.9,34.27,12.2,3.8,2.9,260.0
PROD-11304,2025-11-25,MINE-01,MINE-01-ZONE-D,264.0,209.9,36.84,13.2,2.8,2.9,260.0
PROD-11305,2025-11-25,MINE-01,MINE-01-ZONE-E,264.0,207.9,43.21,12.4,3.6,2.9,260.0
PROD-11306,2025-11-25,MINE-02,MINE-02-ZONE-A,264.0,222.1,41.81,13.5,2.5,0.9,260.0
PROD-11307,2025-11-25,MINE-02,MINE-02-ZONE-B,264.0,226.9,40.04,14.4,1.6,0.9,260.0
PROD-11308,2025-11-25,MINE-02,MINE-02-ZONE-C,264.0,219.0,37.56,13.3,2.7,0.9,260.0
PROD-11309,2025-11-25,MINE-02,MINE-02-ZONE-D,264.0,208.1,43.99,12.5,3.5,0.9,260.0
PROD-11310,2025-11-25,MINE-02,MINE-02-ZONE-E,264.0,193.5,39.62,11.8,4.2,0.9,260.0
PROD-11311,2025-11-25,MINE-03,MINE-03-ZONE-A,264.0,238.5,34.75,14.4,1.6,2.5,260.0
PROD-11312,2025-11-25,MINE-03,MINE-03-ZONE-B,264.0,257.8,33.06,15.0,1.0,2.5,260.0
PROD-11313,2025-11-25,MINE-03,MINE-03-ZONE-C,264.0,204.5,37.13,13.2,2.8,2.5,260.0
PROD-11314,2025-11-25,MINE-03,MINE-03-ZONE-D,264.0,222.6,34.98,13.5,2.5,2.5,260.0
PROD-11315,2025-11-25,MINE-03,MINE-03-ZONE-E,264.0,226.3,41.7,13.5,2.5,2.5,260.0
PROD-11316,2025-11-25,MINE-04,MINE-04-ZONE-A,264.0,210.5,40.67,13.3,2.7,1.0,260.0
PROD-11317,2025-11-25,MINE-04,MINE-04-ZONE-B,264.0,240.3,37.52,14.1,1.9,1.0,260.0
PROD-11318,2025-11-25,MINE-04,MINE-04-ZONE-C,264.0,211.5,40.04,12.3,3.7,1.0,260.0
PROD-11319,2025-11-25,MINE-04,MINE-04-ZONE-D,264.0,222.4,32.54,13.9,2.1,1.0,260.0
PROD-11320,2025-11-25,MINE-04,MINE-04-ZONE-E,264.0,213.2,39.68,13.1,2.9,1.0,260.0
PROD-11321,2025-11-26,MINE-01,MINE-01-ZONE-A,268.0,199.4,38.56,12.2,3.8,2.0,260.0
PROD-11322,2025-11-26,MINE-01,MINE-01-ZONE-B,268.0,222.9,37.15,12.6,3.4,2.0,260.0
PROD-11323,2025-11-26,MINE-01,MINE-01-ZONE-C,268.0,240.1,33.82,14.4,1.6,2.0,260.0
PROD-11324,2025-11-26,MINE-01,MINE-01-ZONE-D,268.0,217.7,36.06,13.7,2.3,2.0,260.0
PROD-11325,2025-11-26,MINE-01,MINE-01-ZONE-E,268.0,222.9,43.2,14.0,2.0,2.0,260.0
PROD-11326,2025-11-26,MINE-02,MINE-02-ZONE-A,268.0,212.1,39.56,13.2,2.8,2.0,260.0
PROD-11327,2025-11-26,MINE-02,MINE-02-ZONE-B,268.0,241.2,32.0,14.4,1.6,2.0,260.0
PROD-11328,2025-11-26,MINE-02,MINE-02-ZONE-C,268.0,206.9,41.34,11.6,4.4,2.0,260.0
PROD-11329,2025-11-26,MINE-02,MINE-02-ZONE-D,268.0,236.8,40.36,14.4,1.6,2.0,260.0
PROD-11330,2025-11-26,MINE-02,MINE-02-ZONE-E,268.0,229.3,37.23,14.6,1.4,2.0,260.0
PROD-11331,2025-11-26,MINE-03,MINE-03-ZONE-A,268.0,190.1,33.82,11.6,4.4,1.8,260.0
PROD-11332,2025-11-26,MINE-03,MINE-03-ZONE-B,268.0,192.4,39.22,11.5,4.5,1.8,260.0
PROD-11333,2025-11-26,MINE-03,MINE-03-ZONE-C,268.0,238.9,42.0,15.2,0.8,1.8,260.0
PROD-11334,2025-11-26,MINE-03,MINE-03-ZONE-D,268.0,238.8,43.98,15.1,0.9,1.8,260.0
PROD-11335,2025-11-26,MINE-03,MINE-03-ZONE-E,268.0,261.8,43.93,15.0,1.0,1.8,260.0
PROD-11336,2025-11-26,MINE-04,MINE-04-ZONE-A,268.0,247.1,43.85,14.5,1.5,0.9,260.0
PROD-11337,2025-11-26,MINE-04,MINE-04-ZONE-B,268.0,205.4,41.85,12.9,3.1,0.9,260.0
PROD-11338,2025-11-26,MINE-04,MINE-04-ZONE-C,268.0,242.8,34.79,14.7,1.3,0.9,260.0
PROD-11339,2025-11-26,MINE-04,MINE-04-ZONE-D,268.0,224.4,32.01,13.6,2.4,0.9,260.0
PROD-11340,2025-11-26,MINE-04,MINE-04-ZONE-E,268.0,239.7,43.02,14.8,1.2,0.9,260.0
PROD-11341,2025-11-27,MINE-01,MINE-01-ZONE-A,272.0,239.0,36.81,14.2,1.8,3.8,260.0
PROD-11342,2025-11-27,MINE-01,MINE-01-ZONE-B,272.0,214.4,42.92,12.4,3.6,3.8,260.0
PROD-11343,2025-11-27,MINE-01,MINE-01-ZONE-C,272.0,250.7,41.01,14.1,1.9,3.8,260.0
PROD-11344,2025-11-27,MINE-01,MINE-01-ZONE-D,272.0,219.7,39.4,13.5,2.5,3.8,260.0
PROD-11345,2025-11-27,MINE-01,MINE-01-ZONE-E,272.0,236.4,42.48,13.8,2.2,3.8,260.0
PROD-11346,2025-11-27,MINE-02,MINE-02-ZONE-A,272.0,208.3,41.45,12.7,3.3,1.2,260.0
PROD-11347,2025-11-27,MINE-02,MINE-02-ZONE-B,272.0,244.1,37.64,13.8,2.2,1.2,260.0
PROD-11348,2025-11-27,MINE-02,MINE-02-ZONE-C,272.0,223.6,43.18,12.5,3.5,1.2,260.0
PROD-11349,2025-11-27,MINE-02,MINE-02-ZONE-D,272.0,257.9,40.4,15.2,0.8,1.2,260.0
PROD-11350,2025-11-27,MINE-02,MINE-02-ZONE-E,272.0,224.1,38.56,13.1,2.9,1.2,260.0
PROD-11351,2025-11-27,MINE-03,MINE-03-ZONE-A,272.0,260.9,42.89,15.3,0.7,0.6,260.0
PROD-11352,2025-11-27,MINE-03,MINE-03-ZONE-B,272.0,260.0,42.0,15.5,0.5,0.6,260.0
PROD-11353,2025-11-27,MINE-03,MINE-03-ZONE-C,272.0,246.0,37.31,14.9,1.1,0.6,260.0
PROD-11354,2025-11-27,MINE-03,MINE-03-ZONE-D,272.0,244.6,33.26,13.8,2.2,0.6,260.0
PROD-11355,2025-11-27,MINE-03,MINE-03-ZONE-E,272.0,242.5,34.22,14.6,1.4,0.6,260.0
PROD-11356,2025-11-27,MINE-04,MINE-04-ZONE-A,272.0,231.1,35.18,13.9,2.1,2.1,260.0
PROD-11357,2025-11-27,MINE-04,MINE-04-ZONE-B,272.0,238.0,39.41,13.8,2.2,2.1,260.0
PROD-11358,2025-11-27,MINE-04,MINE-04-ZONE-C,272.0,205.3,38.98,11.8,4.2,2.1,260.0
PROD-11359,2025-11-27,MINE-04,MINE-04-ZONE-D,272.0,216.0,35.74,12.7,3.3,2.1,260.0
PROD-11360,2025-11-27,MINE-04,MINE-04-ZONE-E,272.0,230.1,40.26,13.5,2.5,2.1,260.0
PROD-11361,2025-11-28,MINE-01,MINE-01-ZONE-A,276.0,201.4,39.06,12.0,4.0,0.6,260.0
PROD-11362,2025-11-28,MINE-01,MINE-01-ZONE-B,276.0,208.8,32.59,11.6,4.4,0.6,260.0
PROD-11363,2025-11-28,MINE-01,MINE-01-ZONE-C,276.0,247.3,39.19,15.0,1.0,0.6,260.0
PROD-11364,2025-11-28,MINE-01,MINE-01-ZONE-D,276.0,265.2,41.37,14.8,1.2,0.6,260.0
PROD-11365,2025-11-28,MINE-01,MINE-01-ZONE-E,276.0,190.4,43.14,11.5,4.5,0.6,260.0
PROD-11366,2025-11-28,MINE-02,MINE-02-ZONE-A,276.0,190.6,33.36,11.9,4.1,1.7,260.0
PROD-11367,2025-11-28,MINE-02,MINE-02-ZONE-B,276.0,231.1,40.74,13.6,2.4,1.7,260.0
PROD-11368,2025-11-28,MINE-02,MINE-02-ZONE-C,276.0,253.4,41.03,14.6,1.4,1.7,260.0
PROD-11369,2025-11-28,MINE-02,MINE-02-ZONE-D,276.0,225.1,37.05,13.3,2.7,1.7,260.0
PROD-11370,2025-11-28,MINE-02,MINE-02-ZONE-E,276.0,263.1,39.77,14.5,1.5,1.7,260.0
PROD-11371,2025-11-28,MINE-03,MINE-03-ZONE-A,276.0,260.7,35.93,15.1,0.9,2.7,260.0
PROD-11372,2025-11-28,MINE-03,MINE-03-ZONE-B,276.0,220.5,32.09,13.1,2.9,2.7,260.0
PROD-11373,2025-11-28,MINE-03,MINE-03-ZONE-C,276.0,268.2,38.87,15.4,0.6,2.7,260.0
PROD-11374,2025-11-28,MINE-03,MINE-03-ZONE-D,276.0,204.4,43.66,12.3,3.7,2.7,260.0
PROD-11375,2025-11-28,MINE-03,MINE-03-ZONE-E,276.0,234.5,43.05,14.5,1.5,2.7,260.0
PROD-11376,2025-11-28,MINE-04,MINE-04-ZONE-A,276.0,201.8,35.29,11.5,4.5,3.5,260.0
PROD-11377,2025-11-28,MINE-04,MINE-04-ZONE-B,276.0,214.0,39.36,11.9,4.1,3.5,260.0
PROD-11378,2025-11-28,MINE-04,MINE-04-ZONE-C,276.0,232.9,35.92,13.8,2.2,3.5,260.0
PROD-11379,2025-11-28,MINE-04,MINE-04-ZONE-D,276.0,225.4,41.84,13.8,2.2,3.5,260.0
PROD-11380,2025-11-28,MINE-04,MINE-04-ZONE-E,276.0,195.9,42.38,11.8,4.2,3.5,260.0
PROD-11381,2025-11-29,MINE-01,MINE-01-ZONE-A,280.0,232.6,38.45,13.5,2.5,2.8,260.0
PROD-11382,2025-11-29,MINE-01,MINE-01-ZONE-B,280.0,265.8,43.44,15.4,0.6,2.8,260.0
PROD-11383,2025-11-29,MINE-01,MINE-01-ZONE-C,280.0,229.1,34.31,12.4,3.6,2.8,260.0
PROD-11384,2025-11-29,MINE-01,MINE-01-ZONE-D,280.0,237.5,37.1,13.5,2.5,2.8,260.0
PROD-11385,2025-11-29,MINE-01,MINE-01-ZONE-E,280.0,260.1,35.1,14.5,1.5,2.8,260.0
PROD-11386,2025-11-29,MINE-02,MINE-02-ZONE-A,280.0,239.2,33.57,13.9,2.1,0.7,260.0
PROD-11387,2025-11-29,MINE-02,MINE-02-ZONE-B,280.0,235.1,36.04,13.0,3.0,0.7,260.0
PROD-11388,2025-11-29,MINE-02,MINE-02-ZONE-C,280.0,238.0,39.59,14.3,1.7,0.7,260.0
PROD-11389,2025-11-29,MINE-02,MINE-02-ZONE-D,280.0,224.2,43.1,13.1,2.9,0.7,260.0
PROD-11390,2025-11-29,MINE-02,MINE-02-ZONE-E,280.0,283.6,37.11,15.5,0.5,0.7,260.0
PROD-11391,2025-11-29,MINE-03,MINE-03-ZONE-A,280.0,197.8,33.83,12.1,3.9,3.9,260.0
PROD-11392,2025-11-29,MINE-03,MINE-03-ZONE-B,280.0,263.8,37.42,14.8,1.2,3.9,260.0
PROD-11393,2025-11-29,MINE-03,MINE-03-ZONE-C,280.0,200.0,39.88,11.6,4.4,3.9,260.0
PROD-11394,2025-11-29,MINE-03,MINE-03-ZONE-D,280.0,236.4,35.79,14.3,1.7,3.9,260.0
PROD-11395,2025-11-29,MINE-03,MINE-03-ZONE-E,280.0,248.7,32.95,15.2,0.8,3.9,260.0
PROD-11396,2025-11-29,MINE-04,MINE-04-ZONE-A,280.0,265.1,33.11,14.4,1.6,1.8,260.0
PROD-11397,2025-11-29,MINE-04,MINE-04-ZONE-B,280.0,217.7,41.78,11.9,4.1,1.8,260.0
PROD-11398,2025-11-29,MINE-04,MINE-04-ZONE-C,280.0,261.3,39.67,14.5,1.5,1.8,260.0
PROD-11399,2025-11-29,MINE-04,MINE-04-ZONE-D,280.0,185.3,42.85,11.5,4.5,1.8,260.0
PROD-11400,2025-11-29,MINE-04,MINE-04-ZONE-E,280.0,221.5,39.07,13.4,2.6,1.8,260.0
PROD-11401,2025-11-30,MINE-01,MINE-01-ZONE-A,240.0,171.5,37.93,11.6,4.4,3.7,260.0
PROD-11402,2025-11-30,MINE-01,MINE-01-ZONE-B,240.0,188.2,32.95,13.3,2.7,3.7,260.0
PROD-11403,2025-11-30,MINE-01,MINE-01-ZONE-C,240.0,207.3,36.3,13.2,2.8,3.7,260.0
PROD-11404,2025-11-30,MINE-01,MINE-01-ZONE-D,240.0,187.0,43.17,11.8,4.2,3.7,260.0
PROD-11405,2025-11-30,MINE-01,MINE-01-ZONE-E,240.0,202.6,40.62,14.4,1.6,3.7,260.0
PROD-11406,2025-11-30,MINE-02,MINE-02-ZONE-A,240.0,194.3,39.66,12.3,3.7,1.5,260.0
PROD-11407,2025-11-30,MINE-02,MINE-02-ZONE-B,240.0,195.5,33.33,13.8,2.2,1.5,260.0
PROD-11408,2025-11-30,MINE-02,MINE-02-ZONE-C,240.0,212.1,35.01,14.8,1.2,1.5,260.0
PROD-11409,2025-11-30,MINE-02,MINE-02-ZONE-D,240.0,199.7,36.11,12.6,3.4,1.5,260.0
PROD-11410,2025-11-30,MINE-02,MINE-02-ZONE-E,240.0,212.0,40.75,13.8,2.2,1.5,260.0
PROD-11411,2025-11-30,MINE-03,MINE-03-ZONE-A,240.0,180.3,37.53,12.0,4.0,1.2,260.0
PROD-11412,2025-11-30,MINE-03,MINE-03-ZONE-B,240.0,220.3,34.03,14.1,1.9,1.2,260.0
PROD-11413,2025-11-30,MINE-03,MINE-03-ZONE-C,240.0,186.8,34.1,11.6,4.4,1.2,260.0
PROD-11414,2025-11-30,MINE-03,MINE-03-ZONE-D,240.0,229.3,40.34,15.0,1.0,1.2,260.0
PROD-11415,2025-11-30,MINE-03,MINE-03-ZONE-E,240.0,212.9,35.04,14.6,1.4,1.2,260.0
PROD-11416,2025-11-30,MINE-04,MINE-04-ZONE-A,240.0,198.6,35.22,12.3,3.7,0.6,260.0
PROD-11417,2025-11-30,MINE-04,MINE-04-ZONE-B,240.0,243.9,35.05,15.4,0.6,0.6,260.0
PROD-11418,2025-11-30,MINE-04,MINE-04-ZONE-C,240.0,186.7,37.61,12.9,3.1,0.6,260.0
PROD-11419,2025-11-30,MINE-04,MINE-04-ZONE-D,240.0,198.3,42.15,12.5,3.5,0.6,260.0
PROD-11420,2025-11-30,MINE-04,MINE-04-ZONE-E,240.0,216.8,34.32,15.2,0.8,0.6,260.0
PROD-11421,2025-12-01,MINE-01,MINE-01-ZONE-A,244.0,193.8,35.43,11.8,4.2,1.2,260.0
PROD-11422,2025-12-01,MINE-01,MINE-01-ZONE-B,244.0,211.6,40.77,13.4,2.6,1.2,260.0
PROD-11423,2025-12-01,MINE-01,MINE-01-ZONE-C,244.0,218.3,40.8,13.5,2.5,1.2,260.0
PROD-11424,2025-12-01,MINE-01,MINE-01-ZONE-D,244.0,174.8,42.81,11.6,4.4,1.2,260.0
PROD-11425,2025-12-01,MINE-01,MINE-01-ZONE-E,244.0,202.4,39.97,13.9,2.1,1.2,260.0
PROD-11426,2025-12-01,MINE-02,MINE-02-ZONE-A,244.0,202.1,34.0,12.9,3.1,0.0,260.0
PROD-11427,2025-12-01,MINE-02,MINE-02-ZONE-B,244.0,216.4,41.99,14.8,1.2,0.0,260.0
PROD-11428,2025-12-01,MINE-02,MINE-02-ZONE-C,244.0,208.4,41.84,13.3,2.7,0.0,260.0
PROD-11429,2025-12-01,MINE-02,MINE-02-ZONE-D,244.0,177.1,32.15,11.9,4.1,0.0,260.0
PROD-11430,2025-12-01,MINE-02,MINE-02-ZONE-E,244.0,211.9,32.81,13.3,2.7,0.0,260.0
PROD-11431,2025-12-01,MINE-03,MINE-03-ZONE-A,244.0,201.9,41.92,12.4,3.6,1.9,260.0
PROD-11432,2025-12-01,MINE-03,MINE-03-ZONE-B,244.0,226.3,34.33,14.5,1.5,1.9,260.0
PROD-11433,2025-12-01,MINE-03,MINE-03-ZONE-C,244.0,227.1,43.75,14.0,2.0,1.9,260.0
PROD-11434,2025-12-01,MINE-03,MINE-03-ZONE-D,244.0,216.7,41.96,14.2,1.8,1.9,260.0
PROD-11435,2025-12-01,MINE-03,MINE-03-ZONE-E,244.0,230.2,35.97,14.4,1.6,1.9,260.0
PROD-11436,2025-12-01,MINE-04,MINE-04-ZONE-A,244.0,215.8,32.43,14.6,1.4,1.5,260.0
PROD-11437,2025-12-01,MINE-04,MINE-04-ZONE-B,244.0,185.1,39.61,11.8,4.2,1.5,260.0
PROD-11438,2025-12-01,MINE-04,MINE-04-ZONE-C,244.0,216.3,42.47,15.1,0.9,1.5,260.0
PROD-11439,2025-12-01,MINE-04,MINE-04-ZONE-D,244.0,208.1,38.17,13.7,2.3,1.5,260.0
PROD-11440,2025-12-01,MINE-04,MINE-04-ZONE-E,244.0,228.5,43.87,15.2,0.8,1.5,260.0
PROD-11441,2025-12-02,MINE-01,MINE-01-ZONE-A,248.0,215.4,40.04,14.4,1.6,0.6,260.0
PROD-11442,2025-12-02,MINE-01,MINE-01-ZONE-B,248.0,211.0,32.64,14.1,1.9,0.6,260.0
PROD-11443,2025-12-02,MINE-01,MINE-01-ZONE-C,248.0,216.9,42.55,13.4,2.6,0.6,260.0
PROD-11444,2025-12-02,MINE-01,MINE-01-ZONE-D,248.0,195.7,39.43,12.7,3.3,0.6,260.0
PROD-11445,2025-12-02,MINE-01,MINE-01-ZONE-E,248.0,220.5,33.29,13.7,2.3,0.6,260.0
PROD-11446,2025-12-02,MINE-02,MINE-02-ZONE-A,248.0,204.1,42.92,12.9,3.1,0.6,260.0
PROD-11447,2025-12-02,MINE-02,MINE-02-ZONE-B,248.0,189.6,39.72,12.6,3.4,0.6,260.0
PROD-11448,2025-12-02,MINE-02,MINE-02-ZONE-C,248.0,233.2,43.52,15.0,1.0,0.6,260.0
PROD-11449,2025-12-02,MINE-02,MINE-02-ZONE-D,248.0,201.5,38.47,13.5,2.5,0.6,260.0
PROD-11450,2025-12-02,MINE-02,MINE-02-ZONE-E,248.0,220.3,38.95,14.0,2.0,0.6,260.0
PROD-11451,2025-12-02,MINE-03,MINE-03-ZONE-A,248.0,177.7,41.32,11.5,4.5,2.5,260.0
PROD-11452,2025-12-02,MINE-03,MINE-03-ZONE-B,248.0,192.5,39.19,12.0,4.0,2.5,260.0
PROD-11453,2025-12-02,MINE-03,MINE-03-ZONE-C,248.0,234.5,37.77,14.3,1.7,2.5,260.0
PROD-11454,2025-12-02,MINE-03,MINE-03-ZONE-D,248.0,205.5,33.26,12.7,3.3,2.5,260.0
PROD-11455,2025-12-02,MINE-03,MINE-03-ZONE-E,248.0,191.6,35.05,12.1,3.9,2.5,260.0
PROD-11456,2025-12-02,MINE-04,MINE-04-ZONE-A,248.0,235.5,42.34,14.6,1.4,0.2,260.0
PROD-11457,2025-12-02,MINE-04,MINE-04-ZONE-B,248.0,180.9,43.56,11.6,4.4,0.2,260.0
PROD-11458,2025-12-02,MINE-04,MINE-04-ZONE-C,248.0,187.0,33.59,12.7,3.3,0.2,260.0
PROD-11459,2025-12-02,MINE-04,MINE-04-ZONE-D,248.0,229.4,34.72,14.7,1.3,0.2,260.0
PROD-11460,2025-12-02,MINE-04,MINE-04-ZONE-E,248.0,212.9,34.86,13.7,2.3,0.2,260.0
PROD-11461,2025-12-03,MINE-01,MINE-01-ZONE-A,252.0,183.0,33.35,12.3,3.7,0.4,260.0
PROD-11462,2025-12-03,MINE-01,MINE-01-ZONE-B,252.0,204.4,32.36,12.9,3.1,0.4,260.0
PROD-11463,2025-12-03,MINE-01,MINE-01-ZONE-C,252.0,175.3,42.58,11.8,4.2,0.4,260.0
PROD-11464,2025-12-03,MINE-01,MINE-01-ZONE-D,252.0,221.4,42.4,14.7,1.3,0.4,260.0
PROD-11465,2025-12-03,MINE-01,MINE-01-ZONE-E,252.0,192.0,38.68,11.8,4.2,0.4,260.0
PROD-11466,2025-12-03,MINE-02,MINE-02-ZONE-A,252.0,218.7,32.54,14.7,1.3,3.1,260.0
PROD-11467,2025-12-03,MINE-02,MINE-02-ZONE-B,252.0,224.6,34.11,15.0,1.0,3.1,260.0
PROD-11468,2025-12-03,MINE-02,MINE-02-ZONE-C,252.0,228.7,38.26,15.5,0.5,3.1,260.0
PROD-11469,2025-12-03,MINE-02,MINE-02-ZONE-D,252.0,210.2,32.54,13.7,2.3,3.1,260.0
PROD-11470,2025-12-03,MINE-02,MINE-02-ZONE-E,252.0,250.5,39.16,15.4,0.6,3.1,260.0
PROD-11471,2025-12-03,MINE-03,MINE-03-ZONE-A,252.0,201.4,40.12,12.0,4.0,0.3,260.0
PROD-11472,2025-12-03,MINE-03,MINE-03-ZONE-B,252.0,186.9,38.57,12.6,3.4,0.3,260.0
PROD-11473,2025-12-03,MINE-03,MINE-03-ZONE-C,252.0,182.7,36.6,12.2,3.8,0.3,260.0
PROD-11474,2025-12-03,MINE-03,MINE-03-ZONE-D,252.0,224.5,40.69,15.1,0.9,0.3,260.0
PROD-11475,2025-12-03,MINE-03,MINE-03-ZONE-E,252.0,180.9,35.83,11.9,4.1,0.3,260.0
PROD-11476,2025-12-03,MINE-04,MINE-04-ZONE-A,252.0,239.1,39.08,14.5,1.5,3.8,260.0
PROD-11477,2025-12-03,MINE-04,MINE-04-ZONE-B,252.0,203.2,35.32,12.5,3.5,3.8,260.0
PROD-11478,2025-12-03,MINE-04,MINE-04-ZONE-C,252.0,201.1,38.6,12.4,3.6,3.8,260.0
PROD-11479,2025-12-03,MINE-04,MINE-04-ZONE-D,252.0,226.4,36.9,14.9,1.1,3.8,260.0
PROD-11480,2025-12-03,MINE-04,MINE-04-ZONE-E,252.0,175.1,40.12,11.6,4.4,3.8,260.0
PROD-11481,2025-12-04,MINE-01,MINE-01-ZONE-A,256.0,226.6,40.8,15.1,0.9,0.1,260.0
PROD-11482,2025-12-04,MINE-01,MINE-01-ZONE-B,256.0,182.7,41.02,11.5,4.5,0.1,260.0
PROD-11483,2025-12-04,MINE-01,MINE-01-ZONE-C,256.0,173.8,41.81,11.8,4.2,0.1,260.0
PROD-11484,2025-12-04,MINE-01,MINE-01-ZONE-D,256.0,225.2,40.91,14.4,1.6,0.1,260.0
PROD-11485,2025-12-04,MINE-01,MINE-01-ZONE-E,256.0,234.0,35.98,14.0,2.0,0.1,260.0
PROD-11486,2025-12-04,MINE-02,MINE-02-ZONE-A,256.0,176.2,37.19,11.9,4.1,1.1,260.0
PROD-11487,2025-12-04,MINE-02,MINE-02-ZONE-B,256.0,186.5,35.22,11.9,4.1,1.1,260.0
PROD-11488,2025-12-04,MINE-02,MINE-02-ZONE-C,256.0,254.5,36.72,15.2,0.8,1.1,260.0
PROD-11489,2025-12-04,MINE-02,MINE-02-ZONE-D,256.0,234.3,40.51,14.0,2.0,1.1,260.0
PROD-11490,2025-12-04,MINE-02,MINE-02-ZONE-E,256.0,214.3,43.31,12.7,3.3,1.1,260.0
PROD-11491,2025-12-04,MINE-03,MINE-03-ZONE-A,256.0,169.4,37.36,11.6,4.4,2.3,260.0
PROD-11492,2025-12-04,MINE-03,MINE-03-ZONE-B,256.0,222.6,41.82,14.2,1.8,2.3,260.0
PROD-11493,2025-12-04,MINE-03,MINE-03-ZONE-C,256.0,180.6,39.42,11.8,4.2,2.3,260.0
PROD-11494,2025-12-04,MINE-03,MINE-03-ZONE-D,256.0,246.6,36.41,15.3,0.7,2.3,260.0
PROD-11495,2025-12-04,MINE-03,MINE-03-ZONE-E,256.0,202.2,37.04,13.3,2.7,2.3,260.0
PROD-11496,2025-12-04,MINE-04,MINE-04-ZONE-A,256.0,235.1,36.54,14.7,1.3,2.4,260.0
PROD-11497,2025-12-04,MINE-04,MINE-04-ZONE-B,256.0,202.1,36.86,12.6,3.4,2.4,260.0
PROD-11498,2025-12-04,MINE-04,MINE-04-ZONE-C,256.0,219.6,32.19,13.9,2.1,2.4,260.0
PROD-11499,2025-12-04,MINE-04,MINE-04-ZONE-D,256.0,229.9,38.67,14.6,1.4,2.4,260.0
PROD-11500,2025-12-04,MINE-04,MINE-04-ZONE-E,256.0,191.0,37.67,11.9,4.1,2.4,260.0
PROD-11501,2025-12-05,MINE-01,MINE-01-ZONE-A,300.0,220.0,37.82,11.5,4.5,0.7,260.0
PROD-11502,2025-12-05,MINE-01,MINE-01-ZONE-B,300.0,239.2,36.45,13.0,3.0,0.7,260.0
PROD-11503,2025-12-05,MINE-01,MINE-01-ZONE-C,300.0,235.5,37.44,13.1,2.9,0.7,260.0
PROD-11504,2025-12-05,MINE-01,MINE-01-ZONE-D,300.0,283.0,36.52,15.2,0.8,0.7,260.0
PROD-11505,2025-12-05,MINE-01,MINE-01-ZONE-E,300.0,229.7,32.27,12.7,3.3,0.7,260.0
PROD-11506,2025-12-05,MINE-02,MINE-02-ZONE-A,300.0,282.6,40.42,15.2,0.8,0.4,260.0
PROD-11507,2025-12-05,MINE-02,MINE-02-ZONE-B,300.0,214.0,43.56,11.5,4.5,0.4,260.0
PROD-11508,2025-12-05,MINE-02,MINE-02-ZONE-C,300.0,252.7,42.47,13.4,2.6,0.4,260.0
PROD-11509,2025-12-05,MINE-02,MINE-02-ZONE-D,300.0,256.3,32.94,14.0,2.0,0.4,260.0
PROD-11510,2025-12-05,MINE-02,MINE-02-ZONE-E,300.0,234.4,43.76,12.1,3.9,0.4,260.0
PROD-11511,2025-12-05,MINE-03,MINE-03-ZONE-A,300.0,260.0,43.29,13.2,2.8,0.7,260.0
PROD-11512,2025-12-05,MINE-03,MINE-03-ZONE-B,300.0,227.8,38.13,12.4,3.6,0.7,260.0
PROD-11513,2025-12-05,MINE-03,MINE-03-ZONE-C,300.0,205.6,37.84,11.6,4.4,0.7,260.0
PROD-11514,2025-12-05,MINE-03,MINE-03-ZONE-D,300.0,255.3,40.98,14.3,1.7,0.7,260.0
PROD-11515,2025-12-05,MINE-03,MINE-03-ZONE-E,300.0,249.1,34.22,13.5,2.5,0.7,260.0
PROD-11516,2025-12-05,MINE-04,MINE-04-ZONE-A,300.0,283.9,41.57,15.2,0.8,2.7,260.0
PROD-11517,2025-12-05,MINE-04,MINE-04-ZONE-B,300.0,229.3,33.1,12.9,3.1,2.7,260.0
PROD-11518,2025-12-05,MINE-04,MINE-04-ZONE-C,300.0,231.4,33.65,12.6,3.4,2.7,260.0
PROD-11519,2025-12-05,MINE-04,MINE-04-ZONE-D,300.0,257.7,39.24,14.4,1.6,2.7,260.0
PROD-11520,2025-12-05,MINE-04,MINE-04-ZONE-E,300.0,253.3,32.89,13.6,2.4,2.7,260.0
PROD-11521,2025-12-06,MINE-01,MINE-01-ZONE-A,304.0,294.4,43.95,15.3,0.7,2.9,260.0
PROD-11522,2025-12-06,MINE-01,MINE-01-ZONE-B,304.0,232.6,36.4,12.0,4.0,2.9,260.0
PROD-11523,2025-12-06,MINE-01,MINE-01-ZONE-C,304.0,210.4,38.64,11.8,4.2,2.9,260.0
PROD-11524,2025-12-06,MINE-01,MINE-01-ZONE-D,304.0,237.3,42.0,12.8,3.2,2.9,260.0
PROD-11525,2025-12-06,MINE-01,MINE-01-ZONE-E,304.0,286.2,38.07,15.3,0.7,2.9,260.0
PROD-11526,2025-12-06,MINE-02,MINE-02-ZONE-A,304.0,293.7,33.52,15.5,0.5,3.6,260.0
PROD-11527,2025-12-06,MINE-02,MINE-02-ZONE-B,304.0,225.4,32.0,12.0,4.0,3.6,260.0
PROD-11528,2025-12-06,MINE-02,MINE-02-ZONE-C,304.0,261.2,32.6,13.2,2.8,3.6,260.0
PROD-11529,2025-12-06,MINE-02,MINE-02-ZONE-D,304.0,235.9,40.45,13.0,3.0,3.6,260.0
PROD-11530,2025-12-06,MINE-02,MINE-02-ZONE-E,304.0,258.3,32.63,14.1,1.9,3.6,260.0
PROD-11531,2025-12-06,MINE-03,MINE-03-ZONE-A,304.0,290.8,35.34,14.8,1.2,0.2,260.0
PROD-11532,2025-12-06,MINE-03,MINE-03-ZONE-B,304.0,242.6,38.04,12.0,4.0,0.2,260.0
PROD-11533,2025-12-06,MINE-03,MINE-03-ZONE-C,304.0,227.4,42.65,11.8,4.2,0.2,260.0
PROD-11534,2025-12-06,MINE-03,MINE-03-ZONE-D,304.0,221.3,32.7,12.0,4.0,0.2,260.0
PROD-11535,2025-12-06,MINE-03,MINE-03-ZONE-E,304.0,262.8,42.95,13.6,2.4,0.2,260.0
PROD-11536,2025-12-06,MINE-04,MINE-04-ZONE-A,304.0,242.9,35.14,13.4,2.6,2.0,260.0
PROD-11537,2025-12-06,MINE-04,MINE-04-ZONE-B,304.0,246.4,43.92,13.7,2.3,2.0,260.0
PROD-11538,2025-12-06,MINE-04,MINE-04-ZONE-C,304.0,300.3,38.51,15.2,0.8,2.0,260.0
PROD-11539,2025-12-06,MINE-04,MINE-04-ZONE-D,304.0,231.0,32.07,11.8,4.2,2.0,260.0
PROD-11540,2025-12-06,MINE-04,MINE-04-ZONE-E,304.0,295.7,43.32,15.2,0.8,2.0,260.0
PROD-11541,2025-12-07,MINE-01,MINE-01-ZONE-A,224.0,187.5,32.71,12.9,3.1,1.3,260.0
PROD-11542,2025-12-07,MINE-01,MINE-01-ZONE-B,224.0,205.3,32.01,15.0,1.0,1.3,260.0
PROD-11543,2025-12-07,MINE-01,MINE-01-ZONE-C,224.0,205.3,41.69,14.8,1.2,1.3,260.0
PROD-11544,2025-12-07,MINE-01,MINE-01-ZONE-D,224.0,166.5,35.78,11.6,4.4,1.3,260.0
PROD-11545,2025-12-07,MINE-01,MINE-01-ZONE-E,224.0,199.9,32.52,13.8,2.2,1.3,260.0
PROD-11546,2025-12-07,MINE-02,MINE-02-ZONE-A,224.0,207.9,42.35,14.0,2.0,2.5,260.0
PROD-11547,2025-12-07,MINE-02,MINE-02-ZONE-B,224.0,200.0,33.63,13.7,2.3,2.5,260.0
PROD-11548,2025-12-07,MINE-02,MINE-02-ZONE-C,224.0,211.5,41.72,15.3,0.7,2.5,260.0
PROD-11549,2025-12-07,MINE-02,MINE-02-ZONE-D,224.0,187.4,32.06,13.1,2.9,2.5,260.0
PROD-11550,2025-12-07,MINE-02,MINE-02-ZONE-E,224.0,201.2,41.96,13.6,2.4,2.5,260.0
PROD-11551,2025-12-07,MINE-03,MINE-03-ZONE-A,224.0,190.7,38.89,12.9,3.1,2.3,260.0
PROD-11552,2025-12-07,MINE-03,MINE-03-ZONE-B,224.0,205.2,40.39,14.3,1.7,2.3,260.0
PROD-11553,2025-12-07,MINE-03,MINE-03-ZONE-C,224.0,207.4,41.57,14.6,1.4,2.3,260.0
PROD-11554,2025-12-07,MINE-03,MINE-03-ZONE-D,224.0,183.7,38.66,13.4,2.6,2.3,260.0
PROD-11555,2025-12-07,MINE-03,MINE-03-ZONE-E,224.0,213.7,36.14,14.6,1.4,2.3,260.0
PROD-11556,2025-12-07,MINE-04,MINE-04-ZONE-A,224.0,176.5,37.67,13.1,2.9,0.5,260.0
PROD-11557,2025-12-07,MINE-04,MINE-04-ZONE-B,224.0,219.8,33.06,15.0,1.0,0.5,260.0
PROD-11558,2025-12-07,MINE-04,MINE-04-ZONE-C,224.0,188.4,43.11,13.0,3.0,0.5,260.0
PROD-11559,2025-12-07,MINE-04,MINE-04-ZONE-D,224.0,153.2,35.73,11.6,4.4,0.5,260.0
PROD-11560,2025-12-07,MINE-04,MINE-04-ZONE-E,224.0,177.3,41.25,13.3,2.7,0.5,260.0
PROD-11561,2025-12-08,MINE-01,MINE-01-ZONE-A,228.0,161.7,35.99,12.4,3.6,2.0,260.0
PROD-11562,2025-12-08,MINE-01,MINE-01-ZONE-B,228.0,219.3,39.97,14.9,1.1,2.0,260.0
PROD-11563,2025-12-08,MINE-01,MINE-01-ZONE-C,228.0,202.4,32.82,13.9,2.1,2.0,260.0
PROD-11564,2025-12-08,MINE-01,MINE-01-ZONE-D,228.0,160.0,42.58,11.9,4.1,2.0,260.0
PROD-11565,2025-12-08,MINE-01,MINE-01-ZONE-E,228.0,170.0,35.07,12.3,3.7,2.0,260.0
PROD-11566,2025-12-08,MINE-02,MINE-02-ZONE-A,228.0,186.0,36.05,12.4,3.6,0.7,260.0
PROD-11567,2025-12-08,MINE-02,MINE-02-ZONE-B,228.0,165.4,32.73,11.8,4.2,0.7,260.0
PROD-11568,2025-12-08,MINE-02,MINE-02-ZONE-C,228.0,186.4,37.23,12.1,3.9,0.7,260.0
PROD-11569,2025-12-08,MINE-02,MINE-02-ZONE-D,228.0,176.2,39.06,12.5,3.5,0.7,260.0
PROD-11570,2025-12-08,MINE-02,MINE-02-ZONE-E,228.0,214.1,35.02,14.6,1.4,0.7,260.0
PROD-11571,2025-12-08,MINE-03,MINE-03-ZONE-A,228.0,203.7,34.34,14.3,1.7,2.2,260.0
PROD-11572,2025-12-08,MINE-03,MINE-03-ZONE-B,228.0,192.7,41.6,14.3,1.7,2.2,260.0
PROD-11573,2025-12-08,MINE-03,MINE-03-ZONE-C,228.0,212.6,42.89,14.0,2.0,2.2,260.0
PROD-11574,2025-12-08,MINE-03,MINE-03-ZONE-D,228.0,158.1,42.98,11.6,4.4,2.2,260.0
PROD-11575,2025-12-08,MINE-03,MINE-03-ZONE-E,228.0,183.2,32.64,13.3,2.7,2.2,260.0
PROD-11576,2025-12-08,MINE-04,MINE-04-ZONE-A,228.0,185.4,40.46,12.2,3.8,2.5,260.0
PROD-11577,2025-12-08,MINE-04,MINE-04-ZONE-B,228.0,195.1,36.03,13.9,2.1,2.5,260.0
PROD-11578,2025-12-08,MINE-04,MINE-04-ZONE-C,228.0,228.8,33.91,15.2,0.8,2.5,260.0
PROD-11579,2025-12-08,MINE-04,MINE-04-ZONE-D,228.0,193.6,32.12,13.2,2.8,2.5,260.0
PROD-11580,2025-12-08,MINE-04,MINE-04-ZONE-E,228.0,230.9,42.83,15.4,0.6,2.5,260.0
PROD-11581,2025-12-09,MINE-01,MINE-01-ZONE-A,232.0,189.9,39.55,14.2,1.8,3.7,260.0
PROD-11582,2025-12-09,MINE-01,MINE-01-ZONE-B,232.0,190.9,43.88,14.3,1.7,3.7,260.0
PROD-11583,2025-12-09,MINE-01,MINE-01-ZONE-C,232.0,208.5,43.41,15.1,0.9,3.7,260.0
PROD-11584,2025-12-09,MINE-01,MINE-01-ZONE-D,232.0,163.8,38.09,11.5,4.5,3.7,260.0
PROD-11585,2025-12-09,MINE-01,MINE-01-ZONE-E,232.0,202.3,40.24,13.9,2.1,3.7,260.0
PROD-11586,2025-12-09,MINE-02,MINE-02-ZONE-A,232.0,222.6,40.45,14.9,1.1,4.0,260.0
PROD-11587,2025-12-09,MINE-02,MINE-02-ZONE-B,232.0,192.9,40.24,13.7,2.3,4.0,260.0
PROD-11588,2025-12-09,MINE-02,MINE-02-ZONE-C,232.0,216.0,36.87,14.8,1.2,4.0,260.0
PROD-11589,2025-12-09,MINE-02,MINE-02-ZONE-D,232.0,198.8,35.78,13.0,3.0,4.0,260.0
PROD-11590,2025-12-09,MINE-02,MINE-02-ZONE-E,232.0,162.1,43.29,11.8,4.2,4.0,260.0
PROD-11591,2025-12-09,MINE-03,MINE-03-ZONE-A,232.0,199.9,42.72,12.8,3.2,1.1,260.0
PROD-11592,2025-12-09,MINE-03,MINE-03-ZONE-B,232.0,175.5,42.81,12.8,3.2,1.1,260.0
PROD-11593,2025-12-09,MINE-03,MINE-03-ZONE-C,232.0,191.2,36.29,12.4,3.6,1.1,260.0
PROD-11594,2025-12-09,MINE-03,MINE-03-ZONE-D,232.0,154.4,42.32,11.7,4.3,1.1,260.0
PROD-11595,2025-12-09,MINE-03,MINE-03-ZONE-E,232.0,186.6,32.61,12.5,3.5,1.1,260.0
PROD-11596,2025-12-09,MINE-04,MINE-04-ZONE-A,232.0,200.8,42.35,14.2,1.8,0.4,260.0
PROD-11597,2025-12-09,MINE-04,MINE-04-ZONE-B,232.0,183.1,36.16,11.8,4.2,0.4,260.0
PROD-11598,2025-12-09,MINE-04,MINE-04-ZONE-C,232.0,183.7,39.06,12.3,3.7,0.4,260.0
PROD-11599,2025-12-09,MINE-04,MINE-04-ZONE-D,232.0,210.1,36.08,13.7,2.3,0.4,260.0
PROD-11600,2025-12-09,MINE-04,MINE-04-ZONE-E,232.0,184.7,42.02,13.7,2.3,0.4,260.0
PROD-11601,2025-12-10,MINE-01,MINE-01-ZONE-A,276.0,255.6,34.3,15.1,0.9,4.0,260.0
PROD-11602,2025-12-10,MINE-01,MINE-01-ZONE-B,276.0,258.5,32.59,15.0,1.0,4.0,260.0
PROD-11603,2025-12-10,MINE-01,MINE-01-ZONE-C,276.0,247.6,40.09,14.1,1.9,4.0,260.0
PROD-11604,2025-12-10,MINE-01,MINE-01-ZONE-D,276.0,232.3,40.0,12.9,3.1,4.0,260.0
PROD-11605,2025-12-10,MINE-01,MINE-01-ZONE-E,276.0,194.4,43.79,12.2,3.8,4.0,260.0
PROD-11606,2025-12-10,MINE-02,MINE-02-ZONE-A,276.0,249.6,34.59,14.3,1.7,3.2,260.0
PROD-11607,2025-12-10,MINE-02,MINE-02-ZONE-B,276.0,250.9,34.44,14.3,1.7,3.2,260.0
PROD-11608,2025-12-10,MINE-02,MINE-02-ZONE-C,276.0,191.9,35.33,11.9,4.1,3.2,260.0
PROD-11609,2025-12-10,MINE-02,MINE-02-ZONE-D,276.0,242.2,34.57,15.0,1.0,3.2,260.0
PROD-11610,2025-12-10,MINE-02,MINE-02-ZONE-E,276.0,264.7,43.67,15.3,0.7,3.2,260.0
PROD-11611,2025-12-10,MINE-03,MINE-03-ZONE-A,276.0,232.7,35.6,14.4,1.6,3.9,260.0
PROD-11612,2025-12-10,MINE-03,MINE-03-ZONE-B,276.0,209.4,34.66,13.0,3.0,3.9,260.0
PROD-11613,2025-12-10,MINE-03,MINE-03-ZONE-C,276.0,231.3,39.4,12.9,3.1,3.9,260.0
PROD-11614,2025-12-10,MINE-03,MINE-03-ZONE-D,276.0,253.7,36.15,14.8,1.2,3.9,260.0
PROD-11615,2025-12-10,MINE-03,MINE-03-ZONE-E,276.0,225.4,40.23,12.5,3.5,3.9,260.0
PROD-11616,2025-12-10,MINE-04,MINE-04-ZONE-A,276.0,228.6,36.66,14.1,1.9,1.3,260.0
PROD-11617,2025-12-10,MINE-04,MINE-04-ZONE-B,276.0,261.8,37.84,15.4,0.6,1.3,260.0
PROD-11618,2025-12-10,MINE-04,MINE-04-ZONE-C,276.0,186.4,32.23,11.7,4.3,1.3,260.0
PROD-11619,2025-12-10,MINE-04,MINE-04-ZONE-D,276.0,240.1,42.91,13.2,2.8,1.3,260.0
PROD-11620,2025-12-10,MINE-04,MINE-04-ZONE-E,276.0,215.7,36.64,13.3,2.7,1.3,260.0
PROD-11621,2025-12-11,MINE-01,MINE-01-ZONE-A,280.0,230.0,41.34,13.7,2.3,3.7,260.0
PROD-11622,2025-12-11,MINE-01,MINE-01-ZONE-B,280.0,220.8,38.01,11.9,4.1,3.7,260.0
PROD-11623,2025-12-11,MINE-01,MINE-01-ZONE-C,280.0,208.5,42.68,12.7,3.3,3.7,260.0
PROD-11624,2025-12-11,MINE-01,MINE-01-ZONE-D,280.0,243.5,42.18,14.6,1.4,3.7,260.0
PROD-11625,2025-12-11,MINE-01,MINE-01-ZONE-E,280.0,253.4,43.84,14.3,1.7,3.7,260.0
PROD-11626,2025-12-11,MINE-02,MINE-02-ZONE-A,280.0,197.4,36.71,12.1,3.9,0.0,260.0
PROD-11627,2025-12-11,MINE-02,MINE-02-ZONE-B,280.0,247.5,42.16,13.7,2.3,0.0,260.0
PROD-11628,2025-12-11,MINE-02,MINE-02-ZONE-C,280.0,233.7,33.93,14.2,1.8,0.0,260.0
PROD-11629,2025-12-11,MINE-02,MINE-02-ZONE-D,280.0,232.1,37.92,14.1,1.9,0.0,260.0
PROD-11630,2025-12-11,MINE-02,MINE-02-ZONE-E,280.0,197.4,33.56,11.6,4.4,0.0,260.0
PROD-11631,2025-12-11,MINE-03,MINE-03-ZONE-A,280.0,234.8,37.51,13.9,2.1,2.8,260.0
PROD-11632,2025-12-11,MINE-03,MINE-03-ZONE-B,280.0,254.1,39.53,14.5,1.5,2.8,260.0
PROD-11633,2025-12-11,MINE-03,MINE-03-ZONE-C,280.0,226.0,41.35,12.9,3.1,2.8,260.0
PROD-11634,2025-12-11,MINE-03,MINE-03-ZONE-D,280.0,245.0,35.97,14.6,1.4,2.8,260.0
PROD-11635,2025-12-11,MINE-03,MINE-03-ZONE-E,280.0,247.5,41.45,15.1,0.9,2.8,260.0
PROD-11636,2025-12-11,MINE-04,MINE-04-ZONE-A,280.0,232.9,42.71,13.2,2.8,3.5,260.0
PROD-11637,2025-12-11,MINE-04,MINE-04-ZONE-B,280.0,195.9,34.93,12.1,3.9,3.5,260.0
PROD-11638,2025-12-11,MINE-04,MINE-04-ZONE-C,280.0,238.9,38.67,13.0,3.0,3.5,260.0
PROD-11639,2025-12-11,MINE-04,MINE-04-ZONE-D,280.0,231.6,32.17,13.8,2.2,3.5,260.0
PROD-11640,2025-12-11,MINE-04,MINE-04-ZONE-E,280.0,196.3,36.61,12.0,4.0,3.5,260.0
PROD-11641,2025-12-12,MINE-01,MINE-01-ZONE-A,284.0,249.6,39.4,13.7,2.3,3.3,260.0
PROD-11642,2025-12-12,MINE-01,MINE-01-ZONE-B,284.0,284.3,36.01,15.5,0.5,3.3,260.0
PROD-11643,2025-12-12,MINE-01,MINE-01-ZONE-C,284.0,216.2,36.01,11.6,4.4,3.3,260.0
PROD-11644,2025-12-12,MINE-01,MINE-01-ZONE-D,284.0,212.8,41.48,12.0,4.0,3.3,260.0
PROD-11645,2025-12-12,MINE-01,MINE-01-ZONE-E,284.0,228.4,38.79,13.3,2.7,3.3,260.0
PROD-11646,2025-12-12,MINE-02,MINE-02-ZONE-A,284.0,251.6,40.84,14.8,1.2,1.5,260.0
PROD-11647,2025-12-12,MINE-02,MINE-02-ZONE-B,284.0,213.5,36.74,12.4,3.6,1.5,260.0
PROD-11648,2025-12-12,MINE-02,MINE-02-ZONE-C,284.0,268.3,37.03,14.6,1.4,1.5,260.0
PROD-11649,2025-12-12,MINE-02,MINE-02-ZONE-D,284.0,207.7,32.1,12.3,3.7,1.5,260.0
PROD-11650,2025-12-12,MINE-02,MINE-02-ZONE-E,284.0,223.1,36.24,12.7,3.3,1.5,260.0
PROD-11651,2025-12-12,MINE-03,MINE-03-ZONE-A,284.0,252.9,43.8,14.8,1.2,3.2,260.0
PROD-11652,2025-12-12,MINE-03,MINE-03-ZONE-B,284.0,215.0,33.51,11.9,4.1,3.2,260.0
PROD-11653,2025-12-12,MINE-03,MINE-03-ZONE-C,284.0,197.6,41.61,11.9,4.1,3.2,260.0
PROD-11654,2025-12-12,MINE-03,MINE-03-ZONE-D,284.0,204.5,41.02,12.1,3.9,3.2,260.0
PROD-11655,2025-12-12,MINE-03,MINE-03-ZONE-E,284.0,263.2,40.41,15.5,0.5,3.2,260.0
PROD-11656,2025-12-12,MINE-04,MINE-04-ZONE-A,284.0,266.5,39.3,14.8,1.2,0.8,260.0
PROD-11657,2025-12-12,MINE-04,MINE-04-ZONE-B,284.0,215.5,42.88,12.9,3.1,0.8,260.0
PROD-11658,2025-12-12,MINE-04,MINE-04-ZONE-C,284.0,226.0,38.87,13.4,2.6,0.8,260.0
PROD-11659,2025-12-12,MINE-04,MINE-04-ZONE-D,284.0,224.2,36.39,13.5,2.5,0.8,260.0
PROD-11660,2025-12-12,MINE-04,MINE-04-ZONE-E,284.0,255.6,33.34,15.1,0.9,0.8,260.0
PROD-11661,2025-12-13,MINE-01,MINE-01-ZONE-A,288.0,247.5,35.99,13.8,2.2,2.7,260.0
PROD-11662,2025-12-13,MINE-01,MINE-01-ZONE-B,288.0,244.4,42.57,13.3,2.7,2.7,260.0
PROD-11663,2025-12-13,MINE-01,MINE-01-ZONE-C,288.0,234.6,43.67,13.2,2.8,2.7,260.0
PROD-11664,2025-12-13,MINE-01,MINE-01-ZONE-D,288.0,270.0,36.58,14.8,1.2,2.7,260.0
PROD-11665,2025-12-13,MINE-01,MINE-01-ZONE-E,288.0,245.5,41.0,13.4,2.6,2.7,260.0
PROD-11666,2025-12-13,MINE-02,MINE-02-ZONE-A,288.0,234.0,37.75,12.4,3.6,2.5,260.0
PROD-11667,2025-12-13,MINE-02,MINE-02-ZONE-B,288.0,227.5,42.3,12.4,3.6,2.5,260.0
PROD-11668,2025-12-13,MINE-02,MINE-02-ZONE-C,288.0,285.9,39.3,15.2,0.8,2.5,260.0
PROD-11669,2025-12-13,MINE-02,MINE-02-ZONE-D,288.0,278.4,37.76,14.9,1.1,2.5,260.0
PROD-11670,2025-12-13,MINE-02,MINE-02-ZONE-E,288.0,264.7,35.98,14.8,1.2,2.5,260.0
PROD-11671,2025-12-13,MINE-03,MINE-03-ZONE-A,288.0,224.5,39.89,12.0,4.0,3.9,260.0
PROD-11672,2025-12-13,MINE-03,MINE-03-ZONE-B,288.0,193.7,40.67,11.5,4.5,3.9,260.0
PROD-11673,2025-12-13,MINE-03,MINE-03-ZONE-C,288.0,227.0,34.13,13.6,2.4,3.9,260.0
PROD-11674,2025-12-13,MINE-03,MINE-03-ZONE-D,288.0,253.6,33.53,14.6,1.4,3.9,260.0
PROD-11675,2025-12-13,MINE-03,MINE-03-ZONE-E,288.0,224.3,33.62,11.8,4.2,3.9,260.0
PROD-11676,2025-12-13,MINE-04,MINE-04-ZONE-A,288.0,195.9,33.06,11.7,4.3,2.4,260.0
PROD-11677,2025-12-13,MINE-04,MINE-04-ZONE-B,288.0,272.0,39.86,14.4,1.6,2.4,260.0
PROD-11678,2025-12-13,MINE-04,MINE-04-ZONE-C,288.0,237.9,42.32,12.6,3.4,2.4,260.0
PROD-11679,2025-12-13,MINE-04,MINE-04-ZONE-D,288.0,210.4,43.69,12.5,3.5,2.4,260.0
PROD-11680,2025-12-13,MINE-04,MINE-04-ZONE-E,288.0,211.4,40.53,11.7,4.3,2.4,260.0
PROD-11681,2025-12-14,MINE-01,MINE-01-ZONE-A,208.0,170.1,40.83,12.7,3.3,0.4,260.0
PROD-11682,2025-12-14,MINE-01,MINE-01-ZONE-B,208.0,152.4,39.61,12.6,3.4,0.4,260.0
PROD-11683,2025-12-14,MINE-01,MINE-01-ZONE-C,208.0,143.9,40.57,11.6,4.4,0.4,260.0
PROD-11684,2025-12-14,MINE-01,MINE-01-ZONE-D,208.0,204.0,33.57,14.9,1.1,0.4,260.0
PROD-11685,2025-12-14,MINE-01,MINE-01-ZONE-E,208.0,173.7,43.16,13.7,2.3,0.4,260.0
PROD-11686,2025-12-14,MINE-02,MINE-02-ZONE-A,208.0,152.8,36.48,12.7,3.3,0.8,260.0
PROD-11687,2025-12-14,MINE-02,MINE-02-ZONE-B,208.0,202.6,41.11,14.7,1.3,0.8,260.0
PROD-11688,2025-12-14,MINE-02,MINE-02-ZONE-C,208.0,172.6,42.64,13.5,2.5,0.8,260.0
PROD-11689,2025-12-14,MINE-02,MINE-02-ZONE-D,208.0,177.1,32.03,13.9,2.1,0.8,260.0
PROD-11690,2025-12-14,MINE-02,MINE-02-ZONE-E,208.0,137.2,40.58,11.6,4.4,0.8,260.0
PROD-11691,2025-12-14,MINE-03,MINE-03-ZONE-A,208.0,183.0,37.28,13.1,2.9,0.7,260.0
PROD-11692,2025-12-14,MINE-03,MINE-03-ZONE-B,208.0,174.7,39.01,13.7,2.3,0.7,260.0
PROD-11693,2025-12-14,MINE-03,MINE-03-ZONE-C,208.0,161.7,41.21,13.1,2.9,0.7,260.0
PROD-11694,2025-12-14,MINE-03,MINE-03-ZONE-D,208.0,170.6,43.89,12.8,3.2,0.7,260.0
PROD-11695,2025-12-14,MINE-03,MINE-03-ZONE-E,208.0,201.4,41.76,15.1,0.9,0.7,260.0
PROD-11696,2025-12-14,MINE-04,MINE-04-ZONE-A,208.0,136.3,35.58,11.6,4.4,3.7,260.0
PROD-11697,2025-12-14,MINE-04,MINE-04-ZONE-B,208.0,140.5,43.34,12.0,4.0,3.7,260.0
PROD-11698,2025-12-14,MINE-04,MINE-04-ZONE-C,208.0,183.4,34.62,13.2,2.8,3.7,260.0
PROD-11699,2025-12-14,MINE-04,MINE-04-ZONE-D,208.0,136.3,34.98,11.7,4.3,3.7,260.0
PROD-11700,2025-12-14,MINE-04,MINE-04-ZONE-E,208.0,150.4,35.31,11.6,4.4,3.7,260.0
PROD-11701,2025-12-15,MINE-01,MINE-01-ZONE-A,252.0,200.8,33.81,13.0,3.0,1.1,260.0
PROD-11702,2025-12-15,MINE-01,MINE-01-ZONE-B,252.0,249.7,43.27,15.2,0.8,1.1,260.0
PROD-11703,2025-12-15,MINE-01,MINE-01-ZONE-C,252.0,202.1,32.67,13.8,2.2,1.1,260.0
PROD-11704,2025-12-15,MINE-01,MINE-01-ZONE-D,252.0,229.7,43.63,13.9,2.1,1.1,260.0
PROD-11705,2025-12-15,MINE-01,MINE-01-ZONE-E,252.0,230.7,36.72,13.8,2.2,1.1,260.0
PROD-11706,2025-12-15,MINE-02,MINE-02-ZONE-A,252.0,194.1,32.49,11.7,4.3,2.7,260.0
PROD-11707,2025-12-15,MINE-02,MINE-02-ZONE-B,252.0,224.9,33.84,14.6,1.4,2.7,260.0
PROD-11708,2025-12-15,MINE-02,MINE-02-ZONE-C,252.0,215.3,36.34,13.2,2.8,2.7,260.0
PROD-11709,2025-12-15,MINE-02,MINE-02-ZONE-D,252.0,241.5,41.35,15.3,0.7,2.7,260.0
PROD-11710,2025-12-15,MINE-02,MINE-02-ZONE-E,252.0,187.7,32.43,12.4,3.6,2.7,260.0
PROD-11711,2025-12-15,MINE-03,MINE-03-ZONE-A,252.0,179.4,34.36,11.6,4.4,0.0,260.0
PROD-11712,2025-12-15,MINE-03,MINE-03-ZONE-B,252.0,233.3,40.61,14.3,1.7,0.0,260.0
PROD-11713,2025-12-15,MINE-03,MINE-03-ZONE-C,252.0,203.2,35.63,13.2,2.8,0.0,260.0
PROD-11714,2025-12-15,MINE-03,MINE-03-ZONE-D,252.0,196.3,34.28,13.1,2.9,0.0,260.0
PROD-11715,2025-12-15,MINE-03,MINE-03-ZONE-E,252.0,187.1,37.21,12.1,3.9,0.0,260.0
PROD-11716,2025-12-15,MINE-04,MINE-04-ZONE-A,252.0,177.8,43.62,12.2,3.8,3.4,260.0
PROD-11717,2025-12-15,MINE-04,MINE-04-ZONE-B,252.0,234.6,39.99,14.5,1.5,3.4,260.0
PROD-11718,2025-12-15,MINE-04,MINE-04-ZONE-C,252.0,191.1,43.29,11.8,4.2,3.4,260.0
PROD-11719,2025-12-15,MINE-04,MINE-04-ZONE-D,252.0,202.0,40.08,13.3,2.7,3.4,260.0
PROD-11720,2025-12-15,MINE-04,MINE-04-ZONE-E,252.0,235.8,38.16,15.1,0.9,3.4,260.0
PROD-11721,2025-12-16,MINE-01,MINE-01-ZONE-A,256.0,177.9,40.82,12.0,4.0,0.5,260.0
PROD-11722,2025-12-16,MINE-01,MINE-01-ZONE-B,256.0,189.7,40.25,11.7,4.3,0.5,260.0
PROD-11723,2025-12-16,MINE-01,MINE-01-ZONE-C,256.0,244.9,36.89,15.1,0.9,0.5,260.0
PROD-11724,2025-12-16,MINE-01,MINE-01-ZONE-D,256.0,212.8,42.89,12.9,3.1,0.5,260.0
PROD-11725,2025-12-16,MINE-01,MINE-01-ZONE-E,256.0,207.6,38.85,12.7,3.3,0.5,260.0
PROD-11726,2025-12-16,MINE-02,MINE-02-ZONE-A,256.0,215.5,38.72,14.0,2.0,0.2,260.0
PROD-11727,2025-12-16,MINE-02,MINE-02-ZONE-B,256.0,208.3,40.64,12.3,3.7,0.2,260.0
PROD-11728,2025-12-16,MINE-02,MINE-02-ZONE-C,256.0,180.5,37.53,11.7,4.3,0.2,260.0
PROD-11729,2025-12-16,MINE-02,MINE-02-ZONE-D,256.0,198.8,40.0,11.7,4.3,0.2,260.0
PROD-11730,2025-12-16,MINE-02,MINE-02-ZONE-E,256.0,215.9,34.95,14.0,2.0,0.2,260.0
PROD-11731,2025-12-16,MINE-03,MINE-03-ZONE-A,256.0,199.5,32.42,11.7,4.3,2.1,260.0
PROD-11732,2025-12-16,MINE-03,MINE-03-ZONE-B,256.0,189.2,40.48,12.7,3.3,2.1,260.0
PROD-11733,2025-12-16,MINE-03,MINE-03-ZONE-C,256.0,227.6,37.99,14.0,2.0,2.1,260.0
PROD-11734,2025-12-16,MINE-03,MINE-03-ZONE-D,256.0,259.3,35.2,15.4,0.6,2.1,260.0
PROD-11735,2025-12-16,MINE-03,MINE-03-ZONE-E,256.0,199.1,36.68,12.0,4.0,2.1,260.0
PROD-11736,2025-12-16,MINE-04,MINE-04-ZONE-A,256.0,206.3,37.99,12.7,3.3,3.5,260.0
PROD-11737,2025-12-16,MINE-04,MINE-04-ZONE-B,256.0,191.8,40.55,12.3,3.7,3.5,260.0
PROD-11738,2025-12-16,MINE-04,MINE-04-ZONE-C,256.0,214.2,40.66,12.6,3.4,3.5,260.0
PROD-11739,2025-12-16,MINE-04,MINE-04-ZONE-D,256.0,197.7,36.03,11.7,4.3,3.5,260.0
PROD-11740,2025-12-16,MINE-04,MINE-04-ZONE-E,256.0,246.7,37.24,14.7,1.3,3.5,260.0
PROD-11741,2025-12-17,MINE-01,MINE-01-ZONE-A,260.0,227.4,35.25,13.2,2.8,2.8,260.0
PROD-11742,2025-12-17,MINE-01,MINE-01-ZONE-B,260.0,232.4,41.32,14.0,2.0,2.8,260.0
PROD-11743,2025-12-17,MINE-01,MINE-01-ZONE-C,260.0,234.8,37.17,14.0,2.0,2.8,260.0
PROD-11744,2025-12-17,MINE-01,MINE-01-ZONE-D,260.0,180.5,34.12,11.9,4.1,2.8,260.0
PROD-11745,2025-12-17,MINE-01,MINE-01-ZONE-E,260.0,217.7,40.37,14.4,1.6,2.8,260.0
PROD-11746,2025-12-17,MINE-02,MINE-02-ZONE-A,260.0,245.9,42.07,15.5,0.5,1.3,260.0
PROD-11747,2025-12-17,MINE-02,MINE-02-ZONE-B,260.0,223.6,38.1,13.0,3.0,1.3,260.0
PROD-11748,2025-12-17,MINE-02,MINE-02-ZONE-C,260.0,188.0,36.79,12.2,3.8,1.3,260.0
PROD-11749,2025-12-17,MINE-02,MINE-02-ZONE-D,260.0,249.8,36.45,14.9,1.1,1.3,260.0
PROD-11750,2025-12-17,MINE-02,MINE-02-ZONE-E,260.0,220.7,37.36,14.0,2.0,1.3,260.0
PROD-11751,2025-12-17,MINE-03,MINE-03-ZONE-A,260.0,255.2,32.16,15.0,1.0,1.7,260.0
PROD-11752,2025-12-17,MINE-03,MINE-03-ZONE-B,260.0,187.3,34.88,12.0,4.0,1.7,260.0
PROD-11753,2025-12-17,MINE-03,MINE-03-ZONE-C,260.0,203.1,33.42,12.4,3.6,1.7,260.0
PROD-11754,2025-12-17,MINE-03,MINE-03-ZONE-D,260.0,227.9,41.76,14.8,1.2,1.7,260.0
PROD-11755,2025-12-17,MINE-03,MINE-03-ZONE-E,260.0,252.4,35.18,15.3,0.7,1.7,260.0
PROD-11756,2025-12-17,MINE-04,MINE-04-ZONE-A,260.0,204.8,41.51,13.3,2.7,3.4,260.0
PROD-11757,2025-12-17,MINE-04,MINE-04-ZONE-B,260.0,237.1,33.4,14.9,1.1,3.4,260.0
PROD-11758,2025-12-17,MINE-04,MINE-04-ZONE-C,260.0,211.0,34.56,12.4,3.6,3.4,260.0
PROD-11759,2025-12-17,MINE-04,MINE-04-ZONE-D,260.0,196.4,36.95,12.3,3.7,3.4,260.0
PROD-11760,2025-12-17,MINE-04,MINE-04-ZONE-E,260.0,206.2,33.25,12.9,3.1,3.4,260.0
PROD-11761,2025-12-18,MINE-01,MINE-01-ZONE-A,264.0,206.5,32.36,11.9,4.1,3.3,260.0
PROD-11762,2025-12-18,MINE-01,MINE-01-ZONE-B,264.0,217.7,37.95,12.9,3.1,3.3,260.0
PROD-11763,2025-12-18,MINE-01,MINE-01-ZONE-C,264.0,214.6,34.0,13.4,2.6,3.3,260.0
PROD-11764,2025-12-18,MINE-01,MINE-01-ZONE-D,264.0,180.2,40.76,11.8,4.2,3.3,260.0
PROD-11765,2025-12-18,MINE-01,MINE-01-ZONE-E,264.0,236.3,38.68,13.7,2.3,3.3,260.0
PROD-11766,2025-12-18,MINE-02,MINE-02-ZONE-A,264.0,225.4,41.79,14.2,1.8,0.3,260.0
PROD-11767,2025-12-18,MINE-02,MINE-02-ZONE-B,264.0,219.8,34.11,12.9,3.1,0.3,260.0
PROD-11768,2025-12-18,MINE-02,MINE-02-ZONE-C,264.0,196.3,37.53,11.9,4.1,0.3,260.0
PROD-11769,2025-12-18,MINE-02,MINE-02-ZONE-D,264.0,242.8,42.68,14.4,1.6,0.3,260.0
PROD-11770,2025-12-18,MINE-02,MINE-02-ZONE-E,264.0,210.9,34.33,13.5,2.5,0.3,260.0
PROD-11771,2025-12-18,MINE-03,MINE-03-ZONE-A,264.0,201.5,43.21,11.6,4.4,1.8,260.0
PROD-11772,2025-12-18,MINE-03,MINE-03-ZONE-B,264.0,215.8,36.93,12.8,3.2,1.8,260.0
PROD-11773,2025-12-18,MINE-03,MINE-03-ZONE-C,264.0,238.7,33.77,14.1,1.9,1.8,260.0
PROD-11774,2025-12-18,MINE-03,MINE-03-ZONE-D,264.0,194.2,33.58,11.9,4.1,1.8,260.0
PROD-11775,2025-12-18,MINE-03,MINE-03-ZONE-E,264.0,231.9,36.88,13.8,2.2,1.8,260.0
PROD-11776,2025-12-18,MINE-04,MINE-04-ZONE-A,264.0,226.6,35.34,14.7,1.3,1.5,260.0
PROD-11777,2025-12-18,MINE-04,MINE-04-ZONE-B,264.0,261.1,43.1,15.3,0.7,1.5,260.0
PROD-11778,2025-12-18,MINE-04,MINE-04-ZONE-C,264.0,209.2,33.83,13.0,3.0,1.5,260.0
PROD-11779,2025-12-18,MINE-04,MINE-04-ZONE-D,264.0,226.1,32.3,13.7,2.3,1.5,260.0
PROD-11780,2025-12-18,MINE-04,MINE-04-ZONE-E,264.0,188.6,38.23,11.8,4.2,1.5,260.0
PROD-11781,2025-12-19,MINE-01,MINE-01-ZONE-A,268.0,180.3,43.05,11.6,4.4,0.2,260.0
PROD-11782,2025-12-19,MINE-01,MINE-01-ZONE-B,268.0,233.1,40.75,13.6,2.4,0.2,260.0
PROD-11783,2025-12-19,MINE-01,MINE-01-ZONE-C,268.0,245.0,37.56,15.2,0.8,0.2,260.0
PROD-11784,2025-12-19,MINE-01,MINE-01-ZONE-D,268.0,193.4,37.11,12.1,3.9,0.2,260.0
PROD-11785,2025-12-19,MINE-01,MINE-01-ZONE-E,268.0,211.1,38.88,13.1,2.9,0.2,260.0
PROD-11786,2025-12-19,MINE-02,MINE-02-ZONE-A,268.0,213.1,34.61,12.3,3.7,1.7,260.0
PROD-11787,2025-12-19,MINE-02,MINE-02-ZONE-B,268.0,240.8,40.33,13.9,2.1,1.7,260.0
PROD-11788,2025-12-19,MINE-02,MINE-02-ZONE-C,268.0,214.9,32.42,13.5,2.5,1.7,260.0
PROD-11789,2025-12-19,MINE-02,MINE-02-ZONE-D,268.0,246.3,36.15,15.0,1.0,1.7,260.0
PROD-11790,2025-12-19,MINE-02,MINE-02-ZONE-E,268.0,212.2,36.69,12.7,3.3,1.7,260.0
PROD-11791,2025-12-19,MINE-03,MINE-03-ZONE-A,268.0,183.1,39.74,11.9,4.1,3.4,260.0
PROD-11792,2025-12-19,MINE-03,MINE-03-ZONE-B,268.0,222.8,37.82,13.2,2.8,3.4,260.0
PROD-11793,2025-12-19,MINE-03,MINE-03-ZONE-C,268.0,229.2,36.48,14.5,1.5,3.4,260.0
PROD-11794,2025-12-19,MINE-03,MINE-03-ZONE-D,268.0,225.3,42.32,13.0,3.0,3.4,260.0
PROD-11795,2025-12-19,MINE-03,MINE-03-ZONE-E,268.0,224.5,33.78,12.8,3.2,3.4,260.0
PROD-11796,2025-12-19,MINE-04,MINE-04-ZONE-A,268.0,252.8,41.78,14.9,1.1,3.5,260.0
PROD-11797,2025-12-19,MINE-04,MINE-04-ZONE-B,268.0,245.5,42.72,14.6,1.4,3.5,260.0
PROD-11798,2025-12-19,MINE-04,MINE-04-ZONE-C,268.0,207.4,35.45,13.1,2.9,3.5,260.0
PROD-11799,2025-12-19,MINE-04,MINE-04-ZONE-D,268.0,206.3,41.94,12.1,3.9,3.5,260.0
PROD-11800,2025-12-19,MINE-04,MINE-04-ZONE-E,268.0,197.2,36.25,12.4,3.6,3.5,260.0
PROD-11801,2025-12-20,MINE-01,MINE-01-ZONE-A,312.0,288.5,33.05,15.0,1.0,1.9,260.0
PROD-11802,2025-12-20,MINE-01,MINE-01-ZONE-B,312.0,259.4,36.77,14.1,1.9,1.9,260.0
PROD-11803,2025-12-20,MINE-01,MINE-01-ZONE-C,312.0,232.3,37.51,11.9,4.1,1.9,260.0
PROD-11804,2025-12-20,MINE-01,MINE-01-ZONE-D,312.0,258.4,37.97,13.5,2.5,1.9,260.0
PROD-11805,2025-12-20,MINE-01,MINE-01-ZONE-E,312.0,234.8,41.68,11.7,4.3,1.9,260.0
PROD-11806,2025-12-20,MINE-02,MINE-02-ZONE-A,312.0,227.0,32.46,12.2,3.8,2.6,260.0
PROD-11807,2025-12-20,MINE-02,MINE-02-ZONE-B,312.0,286.7,36.76,15.4,0.6,2.6,260.0
PROD-11808,2025-12-20,MINE-02,MINE-02-ZONE-C,312.0,283.2,41.88,14.1,1.9,2.6,260.0
PROD-11809,2025-12-20,MINE-02,MINE-02-ZONE-D,312.0,269.1,38.7,13.3,2.7,2.6,260.0
PROD-11810,2025-12-20,MINE-02,MINE-02-ZONE-E,312.0,271.2,40.47,13.3,2.7,2.6,260.0
PROD-11811,2025-12-20,MINE-03,MINE-03-ZONE-A,312.0,224.4,41.53,11.6,4.4,2.4,260.0
PROD-11812,2025-12-20,MINE-03,MINE-03-ZONE-B,312.0,264.4,41.14,13.0,3.0,2.4,260.0
PROD-11813,2025-12-20,MINE-03,MINE-03-ZONE-C,312.0,252.2,36.83,13.4,2.6,2.4,260.0
PROD-11814,2025-12-20,MINE-03,MINE-03-ZONE-D,312.0,282.9,35.15,14.7,1.3,2.4,260.0
PROD-11815,2025-12-20,MINE-03,MINE-03-ZONE-E,312.0,302.8,43.57,14.9,1.1,2.4,260.0
PROD-11816,2025-12-20,MINE-04,MINE-04-ZONE-A,312.0,239.0,33.7,11.6,4.4,2.4,260.0
PROD-11817,2025-12-20,MINE-04,MINE-04-ZONE-B,312.0,294.8,32.2,14.9,1.1,2.4,260.0
PROD-11818,2025-12-20,MINE-04,MINE-04-ZONE-C,312.0,295.6,35.05,15.1,0.9,2.4,260.0
PROD-11819,2025-12-20,MINE-04,MINE-04-ZONE-D,312.0,290.3,40.04,14.9,1.1,2.4,260.0
PROD-11820,2025-12-20,MINE-04,MINE-04-ZONE-E,312.0,231.6,41.79,12.5,3.5,2.4,260.0
PROD-11821,2025-12-21,MINE-01,MINE-01-ZONE-A,232.0,169.7,34.21,11.5,4.5,2.0,260.0
PROD-11822,2025-12-21,MINE-01,MINE-01-ZONE-B,232.0,177.2,32.69,12.6,3.4,2.0,260.0
PROD-11823,2025-12-21,MINE-01,MINE-01-ZONE-C,232.0,225.0,43.91,14.8,1.2,2.0,260.0
PROD-11824,2025-12-21,MINE-01,MINE-01-ZONE-D,232.0,199.4,32.59,14.1,1.9,2.0,260.0
PROD-11825,2025-12-21,MINE-01,MINE-01-ZONE-E,232.0,210.3,39.63,13.9,2.1,2.0,260.0
PROD-11826,2025-12-21,MINE-02,MINE-02-ZONE-A,232.0,193.3,34.94,12.6,3.4,0.7,260.0
PROD-11827,2025-12-21,MINE-02,MINE-02-ZONE-B,232.0,163.5,32.67,12.1,3.9,0.7,260.0
PROD-11828,2025-12-21,MINE-02,MINE-02-ZONE-C,232.0,209.9,35.31,13.9,2.1,0.7,260.0
PROD-11829,2025-12-21,MINE-02,MINE-02-ZONE-D,232.0,161.7,40.03,12.2,3.8,0.7,260.0
PROD-11830,2025-12-21,MINE-02,MINE-02-ZONE-E,232.0,213.0,35.66,14.6,1.4,0.7,260.0
PROD-11831,2025-12-21,MINE-03,MINE-03-ZONE-A,232.0,217.8,33.78,15.0,1.0,2.3,260.0
PROD-11832,2025-12-21,MINE-03,MINE-03-ZONE-B,232.0,158.5,41.3,11.9,4.1,2.3,260.0
PROD-11833,2025-12-21,MINE-03,MINE-03-ZONE-C,232.0,218.0,38.1,14.8,1.2,2.3,260.0
PROD-11834,2025-12-21,MINE-03,MINE-03-ZONE-D,232.0,204.3,38.85,14.4,1.6,2.3,260.0
PROD-11835,2025-12-21,MINE-03,MINE-03-ZONE-E,232.0,186.1,36.63,12.6,3.4,2.3,260.0
PROD-11836,2025-12-21,MINE-04,MINE-04-ZONE-A,232.0,197.8,37.71,14.2,1.8,2.3,260.0
PROD-11837,2025-12-21,MINE-04,MINE-04-ZONE-B,232.0,195.6,32.87,14.1,1.9,2.3,260.0
PROD-11838,2025-12-21,MINE-04,MINE-04-ZONE-C,232.0,216.9,32.81,14.8,1.2,2.3,260.0
PROD-11839,2025-12-21,MINE-04,MINE-04-ZONE-D,232.0,233.2,35.21,15.2,0.8,2.3,260.0
PROD-11840,2025-12-21,MINE-04,MINE-04-ZONE-E,232.0,226.9,40.08,15.2,0.8,2.3,260.0
PROD-11841,2025-12-22,MINE-01,MINE-01-ZONE-A,236.0,201.1,38.83,14.2,1.8,2.4,260.0
PROD-11842,2025-12-22,MINE-01,MINE-01-ZONE-B,236.0,189.7,36.51,12.8,3.2,2.4,260.0
PROD-11843,2025-12-22,MINE-01,MINE-01-ZONE-C,236.0,172.6,37.41,11.6,4.4,2.4,260.0
PROD-11844,2025-12-22,MINE-01,MINE-01-ZONE-D,236.0,206.8,32.72,13.5,2.5,2.4,260.0
PROD-11845,2025-12-22,MINE-01,MINE-01-ZONE-E,236.0,189.5,32.22,12.3,3.7,2.4,260.0
PROD-11846,2025-12-22,MINE-02,MINE-02-ZONE-A,236.0,230.9,40.0,14.8,1.2,2.6,260.0
PROD-11847,2025-12-22,MINE-02,MINE-02-ZONE-B,236.0,233.5,37.95,15.2,0.8,2.6,260.0
PROD-11848,2025-12-22,MINE-02,MINE-02-ZONE-C,236.0,224.4,33.8,15.0,1.0,2.6,260.0
PROD-11849,2025-12-22,MINE-02,MINE-02-ZONE-D,236.0,213.5,34.92,15.2,0.8,2.6,260.0
PROD-11850,2025-12-22,MINE-02,MINE-02-ZONE-E,236.0,196.6,39.44,12.6,3.4,2.6,260.0
PROD-11851,2025-12-22,MINE-03,MINE-03-ZONE-A,236.0,201.3,37.45,13.6,2.4,2.2,260.0
PROD-11852,2025-12-22,MINE-03,MINE-03-ZONE-B,236.0,239.3,37.69,15.4,0.6,2.2,260.0
PROD-11853,2025-12-22,MINE-03,MINE-03-ZONE-C,236.0,220.5,42.72,15.2,0.8,2.2,260.0
PROD-11854,2025-12-22,MINE-03,MINE-03-ZONE-D,236.0,222.9,43.82,14.6,1.4,2.2,260.0
PROD-11855,2025-12-22,MINE-03,MINE-03-ZONE-E,236.0,215.0,36.67,14.8,1.2,2.2,260.0
PROD-11856,2025-12-22,MINE-04,MINE-04-ZONE-A,236.0,180.3,36.07,12.4,3.6,2.6,260.0
PROD-11857,2025-12-22,MINE-04,MINE-04-ZONE-B,236.0,194.1,39.46,13.2,2.8,2.6,260.0
PROD-11858,2025-12-22,MINE-04,MINE-04-ZONE-C,236.0,186.4,34.85,12.9,3.1,2.6,260.0
PROD-11859,2025-12-22,MINE-04,MINE-04-ZONE-D,236.0,181.5,39.57,13.0,3.0,2.6,260.0
PROD-11860,2025-12-22,MINE-04,MINE-04-ZONE-E,236.0,205.7,40.32,13.2,2.8,2.6,260.0
PROD-11861,2025-12-23,MINE-01,MINE-01-ZONE-A,240.0,222.3,39.56,14.7,1.3,1.9,260.0
PROD-11862,2025-12-23,MINE-01,MINE-01-ZONE-B,240.0,203.1,32.37,14.0,2.0,1.9,260.0
PROD-11863,2025-12-23,MINE-01,MINE-01-ZONE-C,240.0,208.1,38.94,13.5,2.5,1.9,260.0
PROD-11864,2025-12-23,MINE-01,MINE-01-ZONE-D,240.0,203.8,33.74,14.2,1.8,1.9,260.0
PROD-11865,2025-12-23,MINE-01,MINE-01-ZONE-E,240.0,224.8,36.22,14.9,1.1,1.9,260.0
PROD-11866,2025-12-23,MINE-02,MINE-02-ZONE-A,240.0,224.1,41.69,15.4,0.6,3.4,260.0
PROD-11867,2025-12-23,MINE-02,MINE-02-ZONE-B,240.0,207.3,39.68,14.4,1.6,3.4,260.0
PROD-11868,2025-12-23,MINE-02,MINE-02-ZONE-C,240.0,176.1,32.08,12.3,3.7,3.4,260.0
PROD-11869,2025-12-23,MINE-02,MINE-02-ZONE-D,240.0,216.4,43.62,15.3,0.7,3.4,260.0
PROD-11870,2025-12-23,MINE-02,MINE-02-ZONE-E,240.0,196.1,38.54,13.6,2.4,3.4,260.0
PROD-11871,2025-12-23,MINE-03,MINE-03-ZONE-A,240.0,185.2,35.57,12.4,3.6,1.3,260.0
PROD-11872,2025-12-23,MINE-03,MINE-03-ZONE-B,240.0,203.2,35.71,13.7,2.3,1.3,260.0
PROD-11873,2025-12-23,MINE-03,MINE-03-ZONE-C,240.0,172.4,34.42,11.7,4.3,1.3,260.0
PROD-11874,2025-12-23,MINE-03,MINE-03-ZONE-D,240.0,175.6,43.89,11.9,4.1,1.3,260.0
PROD-11875,2025-12-23,MINE-03,MINE-03-ZONE-E,240.0,211.6,32.28,14.5,1.5,1.3,260.0
PROD-11876,2025-12-23,MINE-04,MINE-04-ZONE-A,240.0,210.6,34.65,14.5,1.5,2.0,260.0
PROD-11877,2025-12-23,MINE-04,MINE-04-ZONE-B,240.0,221.8,36.63,14.7,1.3,2.0,260.0
PROD-11878,2025-12-23,MINE-04,MINE-04-ZONE-C,240.0,212.5,34.24,14.4,1.6,2.0,260.0
PROD-11879,2025-12-23,MINE-04,MINE-04-ZONE-D,240.0,190.1,42.59,13.6,2.4,2.0,260.0
PROD-11880,2025-12-23,MINE-04,MINE-04-ZONE-E,240.0,192.6,38.83,13.2,2.8,2.0,260.0
PROD-11881,2025-12-24,MINE-01,MINE-01-ZONE-A,244.0,206.9,32.59,14.0,2.0,1.9,260.0
PROD-11882,2025-12-24,MINE-01,MINE-01-ZONE-B,244.0,211.3,32.1,14.0,2.0,1.9,260.0
PROD-11883,2025-12-24,MINE-01,MINE-01-ZONE-C,244.0,200.6,38.35,14.0,2.0,1.9,260.0
PROD-11884,2025-12-24,MINE-01,MINE-01-ZONE-D,244.0,211.5,37.12,13.6,2.4,1.9,260.0
PROD-11885,2025-12-24,MINE-01,MINE-01-ZONE-E,244.0,208.7,35.77,14.6,1.4,1.9,260.0
PROD-11886,2025-12-24,MINE-02,MINE-02-ZONE-A,244.0,216.7,42.2,14.3,1.7,3.3,260.0
PROD-11887,2025-12-24,MINE-02,MINE-02-ZONE-B,244.0,190.6,39.34,12.1,3.9,3.3,260.0
PROD-11888,2025-12-24,MINE-02,MINE-02-ZONE-C,244.0,206.3,39.89,14.1,1.9,3.3,260.0
PROD-11889,2025-12-24,MINE-02,MINE-02-ZONE-D,244.0,233.1,41.04,14.5,1.5,3.3,260.0
PROD-11890,2025-12-24,MINE-02,MINE-02-ZONE-E,244.0,194.5,35.51,12.0,4.0,3.3,260.0
PROD-11891,2025-12-24,MINE-03,MINE-03-ZONE-A,244.0,226.7,41.43,14.6,1.4,3.3,260.0
PROD-11892,2025-12-24,MINE-03,MINE-03-ZONE-B,244.0,179.9,33.46,12.3,3.7,3.3,260.0
PROD-11893,2025-12-24,MINE-03,MINE-03-ZONE-C,244.0,202.4,34.94,13.2,2.8,3.3,260.0
PROD-11894,2025-12-24,MINE-03,MINE-03-ZONE-D,244.0,207.8,43.34,13.1,2.9,3.3,260.0
PROD-11895,2025-12-24,MINE-03,MINE-03-ZONE-E,244.0,221.3,35.42,14.5,1.5,3.3,260.0
PROD-11896,2025-12-24,MINE-04,MINE-04-ZONE-A,244.0,193.1,36.92,13.2,2.8,2.2,260.0
PROD-11897,2025-12-24,MINE-04,MINE-04-ZONE-B,244.0,241.1,42.04,15.4,0.6,2.2,260.0
PROD-11898,2025-12-24,MINE-04,MINE-04-ZONE-C,244.0,182.5,34.69,12.7,3.3,2.2,260.0
PROD-11899,2025-12-24,MINE-04,MINE-04-ZONE-D,244.0,198.5,33.54,13.1,2.9,2.2,260.0
PROD-11900,2025-12-24,MINE-04,MINE-04-ZONE-E,244.0,197.6,34.62,12.6,3.4,2.2,260.0
PROD-11901,2025-12-25,MINE-01,MINE-01-ZONE-A,288.0,244.5,39.71,13.2,2.8,3.7,260.0
PROD-11902,2025-12-25,MINE-01,MINE-01-ZONE-B,288.0,216.1,43.21,12.0,4.0,3.7,260.0
PROD-11903,2025-12-25,MINE-01,MINE-01-ZONE-C,288.0,258.5,43.61,15.1,0.9,3.7,260.0
PROD-11904,2025-12-25,MINE-01,MINE-01-ZONE-D,288.0,212.5,37.35,11.5,4.5,3.7,260.0
PROD-11905,2025-12-25,MINE-01,MINE-01-ZONE-E,288.0,262.5,42.33,15.3,0.7,3.7,260.0
PROD-11906,2025-12-25,MINE-02,MINE-02-ZONE-A,288.0,223.6,35.62,12.5,3.5,1.1,260.0
PROD-11907,2025-12-25,MINE-02,MINE-02-ZONE-B,288.0,212.5,35.44,12.1,3.9,1.1,260.0
PROD-11908,2025-12-25,MINE-02,MINE-02-ZONE-C,288.0,225.2,36.04,12.7,3.3,1.1,260.0
PROD-11909,2025-12-25,MINE-02,MINE-02-ZONE-D,288.0,209.6,41.33,12.3,3.7,1.1,260.0
PROD-11910,2025-12-25,MINE-02,MINE-02-ZONE-E,288.0,261.6,35.62,15.4,0.6,1.1,260.0
PROD-11911,2025-12-25,MINE-03,MINE-03-ZONE-A,288.0,245.6,36.58,13.2,2.8,3.4,260.0
PROD-11912,2025-12-25,MINE-03,MINE-03-ZONE-B,288.0,277.5,34.68,15.2,0.8,3.4,260.0
PROD-11913,2025-12-25,MINE-03,MINE-03-ZONE-C,288.0,258.4,42.77,15.3,0.7,3.4,260.0
PROD-11914,2025-12-25,MINE-03,MINE-03-ZONE-D,288.0,202.0,41.35,12.0,4.0,3.4,260.0
PROD-11915,2025-12-25,MINE-03,MINE-03-ZONE-E,288.0,272.8,36.0,14.7,1.3,3.4,260.0
PROD-11916,2025-12-25,MINE-04,MINE-04-ZONE-A,288.0,245.1,40.48,13.9,2.1,1.0,260.0
PROD-11917,2025-12-25,MINE-04,MINE-04-ZONE-B,288.0,244.4,36.05,13.9,2.1,1.0,260.0
PROD-11918,2025-12-25,MINE-04,MINE-04-ZONE-C,288.0,228.8,32.03,12.8,3.2,1.0,260.0
PROD-11919,2025-12-25,MINE-04,MINE-04-ZONE-D,288.0,224.1,32.95,11.7,4.3,1.0,260.0
PROD-11920,2025-12-25,MINE-04,MINE-04-ZONE-E,288.0,228.4,32.83,13.2,2.8,1.0,260.0
PROD-11921,2025-12-26,MINE-01,MINE-01-ZONE-A,292.0,231.5,34.27,12.7,3.3,2.6,260.0
PROD-11922,2025-12-26,MINE-01,MINE-01-ZONE-B,292.0,226.9,34.66,12.7,3.3,2.6,260.0
PROD-11923,2025-12-26,MINE-01,MINE-01-ZONE-C,292.0,288.3,38.61,15.2,0.8,2.6,260.0
PROD-11924,2025-12-26,MINE-01,MINE-01-ZONE-D,292.0,268.2,42.68,15.3,0.7,2.6,260.0
PROD-11925,2025-12-26,MINE-01,MINE-01-ZONE-E,292.0,263.4,43.19,14.7,1.3,2.6,260.0
PROD-11926,2025-12-26,MINE-02,MINE-02-ZONE-A,292.0,212.9,34.98,12.5,3.5,1.8,260.0
PROD-11927,2025-12-26,MINE-02,MINE-02-ZONE-B,292.0,253.3,35.18,14.3,1.7,1.8,260.0
PROD-11928,2025-12-26,MINE-02,MINE-02-ZONE-C,292.0,255.1,35.62,14.7,1.3,1.8,260.0
PROD-11929,2025-12-26,MINE-02,MINE-02-ZONE-D,292.0,238.8,36.99,12.8,3.2,1.8,260.0
PROD-11930,2025-12-26,MINE-02,MINE-02-ZONE-E,292.0,232.1,39.9,12.5,3.5,1.8,260.0
PROD-11931,2025-12-26,MINE-03,MINE-03-ZONE-A,292.0,226.1,32.34,12.4,3.6,2.1,260.0
PROD-11932,2025-12-26,MINE-03,MINE-03-ZONE-B,292.0,253.2,43.39,13.3,2.7,2.1,260.0
PROD-11933,2025-12-26,MINE-03,MINE-03-ZONE-C,292.0,263.8,33.69,14.2,1.8,2.1,260.0
PROD-11934,2025-12-26,MINE-03,MINE-03-ZONE-D,292.0,215.9,38.99,12.1,3.9,2.1,260.0
PROD-11935,2025-12-26,MINE-03,MINE-03-ZONE-E,292.0,289.0,39.85,15.3,0.7,2.1,260.0
PROD-11936,2025-12-26,MINE-04,MINE-04-ZONE-A,292.0,247.6,37.26,12.9,3.1,2.8,260.0
PROD-11937,2025-12-26,MINE-04,MINE-04-ZONE-B,292.0,259.6,34.26,14.4,1.6,2.8,260.0
PROD-11938,2025-12-26,MINE-04,MINE-04-ZONE-C,292.0,268.1,35.82,15.3,0.7,2.8,260.0
PROD-11939,2025-12-26,MINE-04,MINE-04-ZONE-D,292.0,270.7,41.5,14.9,1.1,2.8,260.0
PROD-11940,2025-12-26,MINE-04,MINE-04-ZONE-E,292.0,239.8,33.94,14.0,2.0,2.8,260.0
PROD-11941,2025-12-27,MINE-01,MINE-01-ZONE-A,296.0,258.8,37.07,13.3,2.7,0.8,260.0
PROD-11942,2025-12-27,MINE-01,MINE-01-ZONE-B,296.0,258.7,36.04,14.1,1.9,0.8,260.0
PROD-11943,2025-12-27,MINE-01,MINE-01-ZONE-C,296.0,234.1,33.91,12.0,4.0,0.8,260.0
PROD-11944,2025-12-27,MINE-01,MINE-01-ZONE-D,296.0,271.9,33.84,14.7,1.3,0.8,260.0
PROD-11945,2025-12-27,MINE-01,MINE-01-ZONE-E,296.0,212.3,32.19,12.3,3.7,0.8,260.0
PROD-11946,2025-12-27,MINE-02,MINE-02-ZONE-A,296.0,263.6,33.29,14.2,1.8,1.7,260.0
PROD-11947,2025-12-27,MINE-02,MINE-02-ZONE-B,296.0,255.9,32.26,14.7,1.3,1.7,260.0
PROD-11948,2025-12-27,MINE-02,MINE-02-ZONE-C,296.0,267.8,37.29,14.7,1.3,1.7,260.0
PROD-11949,2025-12-27,MINE-02,MINE-02-ZONE-D,296.0,220.6,42.81,12.6,3.4,1.7,260.0
PROD-11950,2025-12-27,MINE-02,MINE-02-ZONE-E,296.0,224.2,41.79,12.4,3.6,1.7,260.0
PROD-11951,2025-12-27,MINE-03,MINE-03-ZONE-A,296.0,249.5,41.31,13.7,2.3,2.3,260.0
PROD-11952,2025-12-27,MINE-03,MINE-03-ZONE-B,296.0,236.1,41.77,13.1,2.9,2.3,260.0
PROD-11953,2025-12-27,MINE-03,MINE-03-ZONE-C,296.0,273.9,34.08,14.5,1.5,2.3,260.0
PROD-11954,2025-12-27,MINE-03,MINE-03-ZONE-D,296.0,228.3,32.94,12.9,3.1,2.3,260.0
PROD-11955,2025-12-27,MINE-03,MINE-03-ZONE-E,296.0,230.9,40.82,11.9,4.1,2.3,260.0
PROD-11956,2025-12-27,MINE-04,MINE-04-ZONE-A,296.0,238.1,37.85,13.3,2.7,1.0,260.0
PROD-11957,2025-12-27,MINE-04,MINE-04-ZONE-B,296.0,260.8,40.6,14.6,1.4,1.0,260.0
PROD-11958,2025-12-27,MINE-04,MINE-04-ZONE-C,296.0,204.8,33.52,11.7,4.3,1.0,260.0
PROD-11959,2025-12-27,MINE-04,MINE-04-ZONE-D,296.0,250.8,43.67,14.3,1.7,1.0,260.0
PROD-11960,2025-12-27,MINE-04,MINE-04-ZONE-E,296.0,250.7,43.99,13.2,2.8,1.0,260.0
PROD-11961,2025-12-28,MINE-01,MINE-01-ZONE-A,216.0,154.1,40.61,12.4,3.6,2.0,260.0
PROD-11962,2025-12-28,MINE-01,MINE-01-ZONE-B,216.0,161.9,33.59,11.7,4.3,2.0,260.0
PROD-11963,2025-12-28,MINE-01,MINE-01-ZONE-C,216.0,201.5,37.27,15.3,0.7,2.0,260.0
PROD-11964,2025-12-28,MINE-01,MINE-01-ZONE-D,216.0,158.4,41.98,12.0,4.0,2.0,260.0
PROD-11965,2025-12-28,MINE-01,MINE-01-ZONE-E,216.0,174.5,40.76,12.9,3.1,2.0,260.0
PROD-11966,2025-12-28,MINE-02,MINE-02-ZONE-A,216.0,166.4,37.72,11.7,4.3,3.1,260.0
PROD-11967,2025-12-28,MINE-02,MINE-02-ZONE-B,216.0,173.7,41.9,13.0,3.0,3.1,260.0
PROD-11968,2025-12-28,MINE-02,MINE-02-ZONE-C,216.0,188.2,41.99,13.8,2.2,3.1,260.0
PROD-11969,2025-12-28,MINE-02,MINE-02-ZONE-D,216.0,148.3,35.16,11.8,4.2,3.1,260.0
PROD-11970,2025-12-28,MINE-02,MINE-02-ZONE-E,216.0,191.4,34.73,14.0,2.0,3.1,260.0
PROD-11971,2025-12-28,MINE-03,MINE-03-ZONE-A,216.0,159.4,41.46,12.0,4.0,1.6,260.0
PROD-11972,2025-12-28,MINE-03,MINE-03-ZONE-B,216.0,172.2,38.07,13.6,2.4,1.6,260.0
PROD-11973,2025-12-28,MINE-03,MINE-03-ZONE-C,216.0,148.9,35.8,11.8,4.2,1.6,260.0
PROD-11974,2025-12-28,MINE-03,MINE-03-ZONE-D,216.0,219.2,41.38,15.3,0.7,1.6,260.0
PROD-11975,2025-12-28,MINE-03,MINE-03-ZONE-E,216.0,186.3,38.41,14.1,1.9,1.6,260.0
PROD-11976,2025-12-28,MINE-04,MINE-04-ZONE-A,216.0,181.5,40.7,12.6,3.4,2.1,260.0
PROD-11977,2025-12-28,MINE-04,MINE-04-ZONE-B,216.0,192.3,34.99,14.9,1.1,2.1,260.0
PROD-11978,2025-12-28,MINE-04,MINE-04-ZONE-C,216.0,199.4,43.29,14.7,1.3,2.1,260.0
PROD-11979,2025-12-28,MINE-04,MINE-04-ZONE-D,216.0,153.0,33.01,12.3,3.7,2.1,260.0
PROD-11980,2025-12-28,MINE-04,MINE-04-ZONE-E,216.0,144.2,37.49,11.6,4.4,2.1,260.0
PROD-11981,2025-12-29,MINE-01,MINE-01-ZONE-A,220.0,175.3,36.16,13.4,2.6,1.9,260.0
PROD-11982,2025-12-29,MINE-01,MINE-01-ZONE-B,220.0,171.1,43.02,12.7,3.3,1.9,260.0
PROD-11983,2025-12-29,MINE-01,MINE-01-ZONE-C,220.0,182.8,42.69,13.0,3.0,1.9,260.0
PROD-11984,2025-12-29,MINE-01,MINE-01-ZONE-D,220.0,161.3,32.59,11.9,4.1,1.9,260.0
PROD-11985,2025-12-29,MINE-01,MINE-01-ZONE-E,220.0,160.5,32.43,12.2,3.8,1.9,260.0
PROD-11986,2025-12-29,MINE-02,MINE-02-ZONE-A,220.0,169.1,33.81,13.0,3.0,2.6,260.0
PROD-11987,2025-12-29,MINE-02,MINE-02-ZONE-B,220.0,220.2,39.41,15.1,0.9,2.6,260.0
PROD-11988,2025-12-29,MINE-02,MINE-02-ZONE-C,220.0,163.6,35.82,12.7,3.3,2.6,260.0
PROD-11989,2025-12-29,MINE-02,MINE-02-ZONE-D,220.0,171.6,37.93,12.0,4.0,2.6,260.0
PROD-11990,2025-12-29,MINE-02,MINE-02-ZONE-E,220.0,191.2,37.91,14.8,1.2,2.6,260.0
PROD-11991,2025-12-29,MINE-03,MINE-03-ZONE-A,220.0,181.7,34.64,13.9,2.1,3.6,260.0
PROD-11992,2025-12-29,MINE-03,MINE-03-ZONE-B,220.0,176.2,36.33,13.7,2.3,3.6,260.0
PROD-11993,2025-12-29,MINE-03,MINE-03-ZONE-C,220.0,183.8,36.51,14.3,1.7,3.6,260.0
PROD-11994,2025-12-29,MINE-03,MINE-03-ZONE-D,220.0,185.0,41.73,14.0,2.0,3.6,260.0
PROD-11995,2025-12-29,MINE-03,MINE-03-ZONE-E,220.0,182.6,42.2,13.1,2.9,3.6,260.0
PROD-11996,2025-12-29,MINE-04,MINE-04-ZONE-A,220.0,192.0,40.83,14.7,1.3,1.7,260.0
PROD-11997,2025-12-29,MINE-04,MINE-04-ZONE-B,220.0,183.2,34.43,12.7,3.3,1.7,260.0
PROD-11998,2025-12-29,MINE-04,MINE-04-ZONE-C,220.0,189.7,42.53,14.3,1.7,1.7,260.0
PROD-11999,2025-12-29,MINE-04,MINE-04-ZONE-D,220.0,161.0,42.09,12.2,3.8,1.7,260.0
PROD-12000,2025-12-29,MINE-04,MINE-04-ZONE-E,220.0,187.7,43.07,13.5,2.5,1.7,260.0
PROD-12001,2025-12-30,MINE-01,MINE-01-ZONE-A,264.0,253.9,41.65,15.5,0.5,1.0,260.0
PROD-12002,2025-12-30,MINE-01,MINE-01-ZONE-B,264.0,251.2,40.2,15.5,0.5,1.0,260.0
PROD-12003,2025-12-30,MINE-01,MINE-01-ZONE-C,264.0,209.5,32.86,12.4,3.6,1.0,260.0
PROD-12004,2025-12-30,MINE-01,MINE-01-ZONE-D,264.0,198.4,41.46,12.4,3.6,1.0,260.0
PROD-12005,2025-12-30,MINE-01,MINE-01-ZONE-E,264.0,218.1,40.42,13.7,2.3,1.0,260.0
PROD-12006,2025-12-30,MINE-02,MINE-02-ZONE-A,264.0,240.5,39.9,14.8,1.2,2.1,260.0
PROD-12007,2025-12-30,MINE-02,MINE-02-ZONE-B,264.0,255.6,40.89,14.9,1.1,2.1,260.0
PROD-12008,2025-12-30,MINE-02,MINE-02-ZONE-C,264.0,219.3,37.43,13.8,2.2,2.1,260.0
PROD-12009,2025-12-30,MINE-02,MINE-02-ZONE-D,264.0,215.9,34.05,13.5,2.5,2.1,260.0
PROD-12010,2025-12-30,MINE-02,MINE-02-ZONE-E,264.0,197.1,32.21,11.9,4.1,2.1,260.0
PROD-12011,2025-12-30,MINE-03,MINE-03-ZONE-A,264.0,246.8,38.51,15.2,0.8,1.3,260.0
PROD-12012,2025-12-30,MINE-03,MINE-03-ZONE-B,264.0,248.0,32.33,14.9,1.1,1.3,260.0
PROD-12013,2025-12-30,MINE-03,MINE-03-ZONE-C,264.0,236.9,33.89,14.0,2.0,1.3,260.0
PROD-12014,2025-12-30,MINE-03,MINE-03-ZONE-D,264.0,203.8,35.87,13.1,2.9,1.3,260.0
PROD-12015,2025-12-30,MINE-03,MINE-03-ZONE-E,264.0,210.1,36.93,12.0,4.0,1.3,260.0
PROD-12016,2025-12-30,MINE-04,MINE-04-ZONE-A,264.0,253.7,35.79,15.3,0.7,2.0,260.0
PROD-12017,2025-12-30,MINE-04,MINE-04-ZONE-B,264.0,212.4,34.79,12.8,3.2,2.0,260.0
PROD-12018,2025-12-30,MINE-04,MINE-04-ZONE-C,264.0,242.9,41.75,14.5,1.5,2.0,260.0
PROD-12019,2025-12-30,MINE-04,MINE-04-ZONE-D,264.0,201.7,39.47,12.9,3.1,2.0,260.0
PROD-12020,2025-12-30,MINE-04,MINE-04-ZONE-E,264.0,242.5,34.16,14.3,1.7,2.0,260.0
PROD-12021,2025-12-31,MINE-01,MINE-01-ZONE-A,268.0,217.7,39.96,13.8,2.2,1.1,260.0
PROD-12022,2025-12-31,MINE-01,MINE-01-ZONE-B,268.0,202.8,40.03,13.0,3.0,1.1,260.0
PROD-12023,2025-12-31,MINE-01,MINE-01-ZONE-C,268.0,226.2,40.69,14.1,1.9,1.1,260.0
PROD-12024,2025-12-31,MINE-01,MINE-01-ZONE-D,268.0,244.9,42.22,14.6,1.4,1.1,260.0
PROD-12025,2025-12-31,MINE-01,MINE-01-ZONE-E,268.0,257.6,42.22,15.3,0.7,1.1,260.0
PROD-12026,2025-12-31,MINE-02,MINE-02-ZONE-A,268.0,253.7,32.77,14.6,1.4,2.0,260.0
PROD-12027,2025-12-31,MINE-02,MINE-02-ZONE-B,268.0,205.1,33.82,12.9,3.1,2.0,260.0
PROD-12028,2025-12-31,MINE-02,MINE-02-ZONE-C,268.0,185.0,32.92,11.7,4.3,2.0,260.0
PROD-12029,2025-12-31,MINE-02,MINE-02-ZONE-D,268.0,208.5,42.94,12.5,3.5,2.0,260.0
PROD-12030,2025-12-31,MINE-02,MINE-02-ZONE-E,268.0,245.9,33.84,15.0,1.0,2.0,260.0
PROD-12031,2025-12-31,MINE-03,MINE-03-ZONE-A,268.0,228.0,37.99,13.8,2.2,0.9,260.0
PROD-12032,2025-12-31,MINE-03,MINE-03-ZONE-B,268.0,244.0,33.25,13.9,2.1,0.9,260.0
PROD-12033,2025-12-31,MINE-03,MINE-03-ZONE-C,268.0,221.4,35.15,13.2,2.8,0.9,260.0
PROD-12034,2025-12-31,MINE-03,MINE-03-ZONE-D,268.0,220.5,43.87,13.4,2.6,0.9,260.0
PROD-12035,2025-12-31,MINE-03,MINE-03-ZONE-E,268.0,218.9,40.08,12.5,3.5,0.9,260.0
PROD-12036,2025-12-31,MINE-04,MINE-04-ZONE-A,268.0,251.9,38.84,15.3,0.7,1.3,260.0
PROD-12037,2025-12-31,MINE-04,MINE-04-ZONE-B,268.0,238.2,37.31,13.5,2.5,1.3,260.0
PROD-12038,2025-12-31,MINE-04,MINE-04-ZONE-C,268.0,215.9,35.76,13.4,2.6,1.3,260.0
PROD-12039,2025-12-31,MINE-04,MINE-04-ZONE-D,268.0,244.0,36.65,14.2,1.8,1.3,260.0
PROD-12040,2025-12-31,MINE-04,MINE-04-ZONE-E,268.0,245.3,36.79,13.9,2.1,1.3,260.0
PROD-12041,2026-01-01,MINE-01,MINE-01-ZONE-A,272.0,248.2,39.15,14.3,1.7,3.1,260.0
PROD-12042,2026-01-01,MINE-01,MINE-01-ZONE-B,272.0,203.7,39.9,12.6,3.4,3.1,260.0
PROD-12043,2026-01-01,MINE-01,MINE-01-ZONE-C,272.0,243.5,43.16,15.1,0.9,3.1,260.0
PROD-12044,2026-01-01,MINE-01,MINE-01-ZONE-D,272.0,197.5,34.32,12.3,3.7,3.1,260.0
PROD-12045,2026-01-01,MINE-01,MINE-01-ZONE-E,272.0,265.1,32.55,15.4,0.6,3.1,260.0
PROD-12046,2026-01-01,MINE-02,MINE-02-ZONE-A,272.0,243.7,34.6,14.8,1.2,0.6,260.0
PROD-12047,2026-01-01,MINE-02,MINE-02-ZONE-B,272.0,190.3,37.83,11.6,4.4,0.6,260.0
PROD-12048,2026-01-01,MINE-02,MINE-02-ZONE-C,272.0,240.5,41.27,13.5,2.5,0.6,260.0
PROD-12049,2026-01-01,MINE-02,MINE-02-ZONE-D,272.0,203.9,37.65,12.7,3.3,0.6,260.0
PROD-12050,2026-01-01,MINE-02,MINE-02-ZONE-E,272.0,210.2,41.12,13.0,3.0,0.6,260.0
PROD-12051,2026-01-01,MINE-03,MINE-03-ZONE-A,272.0,224.9,39.36,13.1,2.9,1.0,260.0
PROD-12052,2026-01-01,MINE-03,MINE-03-ZONE-B,272.0,224.5,39.82,13.2,2.8,1.0,260.0
PROD-12053,2026-01-01,MINE-03,MINE-03-ZONE-C,272.0,218.1,40.82,13.4,2.6,1.0,260.0
PROD-12054,2026-01-01,MINE-03,MINE-03-ZONE-D,272.0,252.6,37.18,15.4,0.6,1.0,260.0
PROD-12055,2026-01-01,MINE-03,MINE-03-ZONE-E,272.0,242.7,40.94,13.9,2.1,1.0,260.0
PROD-12056,2026-01-01,MINE-04,MINE-04-ZONE-A,272.0,200.2,36.17,12.7,3.3,4.0,260.0
PROD-12057,2026-01-01,MINE-04,MINE-04-ZONE-B,272.0,236.7,36.04,14.7,1.3,4.0,260.0
PROD-12058,2026-01-01,MINE-04,MINE-04-ZONE-C,272.0,214.0,33.16,13.3,2.7,4.0,260.0
PROD-12059,2026-01-01,MINE-04,MINE-04-ZONE-D,272.0,224.9,41.72,14.2,1.8,4.0,260.0
PROD-12060,2026-01-01,MINE-04,MINE-04-ZONE-E,272.0,253.5,42.79,14.4,1.6,4.0,260.0
PROD-12061,2026-01-02,MINE-01,MINE-01-ZONE-A,276.0,214.5,36.26,13.3,2.7,0.0,260.0
PROD-12062,2026-01-02,MINE-01,MINE-01-ZONE-B,276.0,231.8,42.11,12.7,3.3,0.0,260.0
PROD-12063,2026-01-02,MINE-01,MINE-01-ZONE-C,276.0,229.0,38.77,13.0,3.0,0.0,260.0
PROD-12064,2026-01-02,MINE-01,MINE-01-ZONE-D,276.0,212.8,36.78,13.1,2.9,0.0,260.0
PROD-12065,2026-01-02,MINE-01,MINE-01-ZONE-E,276.0,209.0,37.49,12.7,3.3,0.0,260.0
PROD-12066,2026-01-02,MINE-02,MINE-02-ZONE-A,276.0,227.9,34.73,13.8,2.2,3.5,260.0
PROD-12067,2026-01-02,MINE-02,MINE-02-ZONE-B,276.0,221.3,34.48,12.1,3.9,3.5,260.0
PROD-12068,2026-01-02,MINE-02,MINE-02-ZONE-C,276.0,208.1,36.62,12.0,4.0,3.5,260.0
PROD-12069,2026-01-02,MINE-02,MINE-02-ZONE-D,276.0,223.7,34.57,12.3,3.7,3.5,260.0
PROD-12070,2026-01-02,MINE-02,MINE-02-ZONE-E,276.0,244.1,33.0,13.6,2.4,3.5,260.0
PROD-12071,2026-01-02,MINE-03,MINE-03-ZONE-A,276.0,232.7,39.57,14.2,1.8,0.9,260.0
PROD-12072,2026-01-02,MINE-03,MINE-03-ZONE-B,276.0,238.1,41.93,13.3,2.7,0.9,260.0
PROD-12073,2026-01-02,MINE-03,MINE-03-ZONE-C,276.0,236.1,33.26,13.9,2.1,0.9,260.0
PROD-12074,2026-01-02,MINE-03,MINE-03-ZONE-D,276.0,231.5,41.32,13.8,2.2,0.9,260.0
PROD-12075,2026-01-02,MINE-03,MINE-03-ZONE-E,276.0,253.9,33.86,15.5,0.5,0.9,260.0
PROD-12076,2026-01-02,MINE-04,MINE-04-ZONE-A,276.0,220.3,42.8,13.5,2.5,3.3,260.0
PROD-12077,2026-01-02,MINE-04,MINE-04-ZONE-B,276.0,204.8,40.08,12.6,3.4,3.3,260.0
PROD-12078,2026-01-02,MINE-04,MINE-04-ZONE-C,276.0,213.6,34.69,12.1,3.9,3.3,260.0
PROD-12079,2026-01-02,MINE-04,MINE-04-ZONE-D,276.0,202.1,39.2,11.9,4.1,3.3,260.0
PROD-12080,2026-01-02,MINE-04,MINE-04-ZONE-E,276.0,207.5,35.9,12.1,3.9,3.3,260.0
PROD-12081,2026-01-03,MINE-01,MINE-01-ZONE-A,280.0,210.8,40.4,11.7,4.3,1.7,260.0
PROD-12082,2026-01-03,MINE-01,MINE-01-ZONE-B,280.0,253.9,37.92,13.9,2.1,1.7,260.0
PROD-12083,2026-01-03,MINE-01,MINE-01-ZONE-C,280.0,249.2,41.07,15.1,0.9,1.7,260.0
PROD-12084,2026-01-03,MINE-01,MINE-01-ZONE-D,280.0,229.1,34.0,12.6,3.4,1.7,260.0
PROD-12085,2026-01-03,MINE-01,MINE-01-ZONE-E,280.0,239.4,38.27,13.0,3.0,1.7,260.0
PROD-12086,2026-01-03,MINE-02,MINE-02-ZONE-A,280.0,219.0,34.97,12.1,3.9,3.4,260.0
PROD-12087,2026-01-03,MINE-02,MINE-02-ZONE-B,280.0,252.1,39.28,15.2,0.8,3.4,260.0
PROD-12088,2026-01-03,MINE-02,MINE-02-ZONE-C,280.0,191.2,43.02,11.7,4.3,3.4,260.0
PROD-12089,2026-01-03,MINE-02,MINE-02-ZONE-D,280.0,215.6,39.12,12.7,3.3,3.4,260.0
PROD-12090,2026-01-03,MINE-02,MINE-02-ZONE-E,280.0,229.6,34.96,13.2,2.8,3.4,260.0
PROD-12091,2026-01-03,MINE-03,MINE-03-ZONE-A,280.0,216.9,37.97,12.7,3.3,1.2,260.0
PROD-12092,2026-01-03,MINE-03,MINE-03-ZONE-B,280.0,205.2,40.59,12.6,3.4,1.2,260.0
PROD-12093,2026-01-03,MINE-03,MINE-03-ZONE-C,280.0,225.8,36.52,12.6,3.4,1.2,260.0
PROD-12094,2026-01-03,MINE-03,MINE-03-ZONE-D,280.0,231.1,38.41,12.7,3.3,1.2,260.0
PROD-12095,2026-01-03,MINE-03,MINE-03-ZONE-E,280.0,219.6,36.25,12.4,3.6,1.2,260.0
PROD-12096,2026-01-03,MINE-04,MINE-04-ZONE-A,280.0,201.8,37.38,12.2,3.8,1.4,260.0
PROD-12097,2026-01-03,MINE-04,MINE-04-ZONE-B,280.0,249.4,38.79,14.3,1.7,1.4,260.0
PROD-12098,2026-01-03,MINE-04,MINE-04-ZONE-C,280.0,199.2,34.68,11.7,4.3,1.4,260.0
PROD-12099,2026-01-03,MINE-04,MINE-04-ZONE-D,280.0,249.0,39.64,14.4,1.6,1.4,260.0
PROD-12100,2026-01-03,MINE-04,MINE-04-ZONE-E,280.0,223.2,42.64,12.4,3.6,1.4,260.0
PROD-12101,2026-01-04,MINE-01,MINE-01-ZONE-A,240.0,199.4,37.34,13.2,2.8,3.1,260.0
PROD-12102,2026-01-04,MINE-01,MINE-01-ZONE-B,240.0,182.5,39.41,13.0,3.0,3.1,260.0
PROD-12103,2026-01-04,MINE-01,MINE-01-ZONE-C,240.0,219.7,35.65,13.8,2.2,3.1,260.0
PROD-12104,2026-01-04,MINE-01,MINE-01-ZONE-D,240.0,186.5,36.76,12.4,3.6,3.1,260.0
PROD-12105,2026-01-04,MINE-01,MINE-01-ZONE-E,240.0,214.0,41.38,15.4,0.6,3.1,260.0
PROD-12106,2026-01-04,MINE-02,MINE-02-ZONE-A,240.0,209.7,37.98,13.7,2.3,2.3,260.0
PROD-12107,2026-01-04,MINE-02,MINE-02-ZONE-B,240.0,203.7,42.21,13.3,2.7,2.3,260.0
PROD-12108,2026-01-04,MINE-02,MINE-02-ZONE-C,240.0,207.8,43.44,14.4,1.6,2.3,260.0
PROD-12109,2026-01-04,MINE-02,MINE-02-ZONE-D,240.0,222.2,38.05,14.7,1.3,2.3,260.0
PROD-12110,2026-01-04,MINE-02,MINE-02-ZONE-E,240.0,210.3,34.91,14.3,1.7,2.3,260.0
PROD-12111,2026-01-04,MINE-03,MINE-03-ZONE-A,240.0,179.9,39.56,12.1,3.9,4.0,260.0
PROD-12112,2026-01-04,MINE-03,MINE-03-ZONE-B,240.0,224.8,38.44,14.7,1.3,4.0,260.0
PROD-12113,2026-01-04,MINE-03,MINE-03-ZONE-C,240.0,213.5,35.52,13.4,2.6,4.0,260.0
PROD-12114,2026-01-04,MINE-03,MINE-03-ZONE-D,240.0,181.5,35.48,13.2,2.8,4.0,260.0
PROD-12115,2026-01-04,MINE-03,MINE-03-ZONE-E,240.0,232.9,39.95,15.5,0.5,4.0,260.0
PROD-12116,2026-01-04,MINE-04,MINE-04-ZONE-A,240.0,196.4,32.12,13.4,2.6,2.3,260.0
PROD-12117,2026-01-04,MINE-04,MINE-04-ZONE-B,240.0,161.3,42.65,11.6,4.4,2.3,260.0
PROD-12118,2026-01-04,MINE-04,MINE-04-ZONE-C,240.0,226.4,43.53,15.4,0.6,2.3,260.0
PROD-12119,2026-01-04,MINE-04,MINE-04-ZONE-D,240.0,224.9,38.63,15.3,0.7,2.3,260.0
PROD-12120,2026-01-04,MINE-04,MINE-04-ZONE-E,240.0,162.8,38.53,11.9,4.1,2.3,260.0
PROD-12121,2026-01-05,MINE-01,MINE-01-ZONE-A,244.0,229.4,36.3,14.4,1.6,0.3,260.0
PROD-12122,2026-01-05,MINE-01,MINE-01-ZONE-B,244.0,221.7,38.68,15.1,0.9,0.3,260.0
PROD-12123,2026-01-05,MINE-01,MINE-01-ZONE-C,244.0,204.3,42.5,13.3,2.7,0.3,260.0
PROD-12124,2026-01-05,MINE-01,MINE-01-ZONE-D,244.0,182.3,35.66,12.3,3.7,0.3,260.0
PROD-12125,2026-01-05,MINE-01,MINE-01-ZONE-E,244.0,187.4,39.43,12.2,3.8,0.3,260.0
PROD-12126,2026-01-05,MINE-02,MINE-02-ZONE-A,244.0,182.8,42.26,12.6,3.4,3.8,260.0
PROD-12127,2026-01-05,MINE-02,MINE-02-ZONE-B,244.0,175.0,36.99,11.5,4.5,3.8,260.0
PROD-12128,2026-01-05,MINE-02,MINE-02-ZONE-C,244.0,166.4,43.11,12.0,4.0,3.8,260.0
PROD-12129,2026-01-05,MINE-02,MINE-02-ZONE-D,244.0,202.7,32.15,13.7,2.3,3.8,260.0
PROD-12130,2026-01-05,MINE-02,MINE-02-ZONE-E,244.0,220.1,36.14,15.5,0.5,3.8,260.0
PROD-12131,2026-01-05,MINE-03,MINE-03-ZONE-A,244.0,215.6,33.22,13.9,2.1,2.7,260.0
PROD-12132,2026-01-05,MINE-03,MINE-03-ZONE-B,244.0,188.4,36.27,11.9,4.1,2.7,260.0
PROD-12133,2026-01-05,MINE-03,MINE-03-ZONE-C,244.0,234.7,43.4,14.7,1.3,2.7,260.0
PROD-12134,2026-01-05,MINE-03,MINE-03-ZONE-D,244.0,199.7,35.13,14.0,2.0,2.7,260.0
PROD-12135,2026-01-05,MINE-03,MINE-03-ZONE-E,244.0,209.4,43.74,13.2,2.8,2.7,260.0
PROD-12136,2026-01-05,MINE-04,MINE-04-ZONE-A,244.0,207.1,35.53,12.8,3.2,0.1,260.0
PROD-12137,2026-01-05,MINE-04,MINE-04-ZONE-B,244.0,195.4,41.13,13.7,2.3,0.1,260.0
PROD-12138,2026-01-05,MINE-04,MINE-04-ZONE-C,244.0,192.3,39.84,11.8,4.2,0.1,260.0
PROD-12139,2026-01-05,MINE-04,MINE-04-ZONE-D,244.0,194.1,42.54,13.4,2.6,0.1,260.0
PROD-12140,2026-01-05,MINE-04,MINE-04-ZONE-E,244.0,173.5,39.57,12.3,3.7,0.1,260.0
PROD-12141,2026-01-06,MINE-01,MINE-01-ZONE-A,248.0,223.5,40.26,14.7,1.3,0.8,260.0
PROD-12142,2026-01-06,MINE-01,MINE-01-ZONE-B,248.0,229.7,35.55,15.3,0.7,0.8,260.0
PROD-12143,2026-01-06,MINE-01,MINE-01-ZONE-C,248.0,173.5,39.22,11.7,4.3,0.8,260.0
PROD-12144,2026-01-06,MINE-01,MINE-01-ZONE-D,248.0,177.7,35.29,11.7,4.3,0.8,260.0
PROD-12145,2026-01-06,MINE-01,MINE-01-ZONE-E,248.0,215.7,42.83,14.1,1.9,0.8,260.0
PROD-12146,2026-01-06,MINE-02,MINE-02-ZONE-A,248.0,227.0,33.98,13.9,2.1,1.5,260.0
PROD-12147,2026-01-06,MINE-02,MINE-02-ZONE-B,248.0,176.9,41.45,11.7,4.3,1.5,260.0
PROD-12148,2026-01-06,MINE-02,MINE-02-ZONE-C,248.0,226.2,36.13,15.0,1.0,1.5,260.0
PROD-12149,2026-01-06,MINE-02,MINE-02-ZONE-D,248.0,213.3,33.64,13.1,2.9,1.5,260.0
PROD-12150,2026-01-06,MINE-02,MINE-02-ZONE-E,248.0,190.1,34.21,11.8,4.2,1.5,260.0
PROD-12151,2026-01-06,MINE-03,MINE-03-ZONE-A,248.0,175.4,32.09,12.1,3.9,1.6,260.0
PROD-12152,2026-01-06,MINE-03,MINE-03-ZONE-B,248.0,238.2,39.77,14.6,1.4,1.6,260.0
PROD-12153,2026-01-06,MINE-03,MINE-03-ZONE-C,248.0,229.4,35.1,14.3,1.7,1.6,260.0
PROD-12154,2026-01-06,MINE-03,MINE-03-ZONE-D,248.0,232.6,35.64,14.3,1.7,1.6,260.0
PROD-12155,2026-01-06,MINE-03,MINE-03-ZONE-E,248.0,229.2,36.47,14.3,1.7,1.6,260.0
PROD-12156,2026-01-06,MINE-04,MINE-04-ZONE-A,248.0,222.4,34.05,14.6,1.4,3.0,260.0
PROD-12157,2026-01-06,MINE-04,MINE-04-ZONE-B,248.0,195.4,38.41,12.1,3.9,3.0,260.0
PROD-12158,2026-01-06,MINE-04,MINE-04-ZONE-C,248.0,217.8,32.98,14.2,1.8,3.0,260.0
PROD-12159,2026-01-06,MINE-04,MINE-04-ZONE-D,248.0,225.4,36.17,15.0,1.0,3.0,260.0
PROD-12160,2026-01-06,MINE-04,MINE-04-ZONE-E,248.0,238.0,42.34,15.1,0.9,3.0,260.0
PROD-12161,2026-01-07,MINE-01,MINE-01-ZONE-A,252.0,189.3,34.99,13.1,2.9,3.5,260.0
PROD-12162,2026-01-07,MINE-01,MINE-01-ZONE-B,252.0,224.3,33.1,15.0,1.0,3.5,260.0
PROD-12163,2026-01-07,MINE-01,MINE-01-ZONE-C,252.0,199.9,41.35,12.0,4.0,3.5,260.0
PROD-12164,2026-01-07,MINE-01,MINE-01-ZONE-D,252.0,235.9,33.72,14.6,1.4,3.5,260.0
PROD-12165,2026-01-07,MINE-01,MINE-01-ZONE-E,252.0,180.6,37.11,11.6,4.4,3.5,260.0
PROD-12166,2026-01-07,MINE-02,MINE-02-ZONE-A,252.0,230.7,40.78,14.4,1.6,0.6,260.0
PROD-12167,2026-01-07,MINE-02,MINE-02-ZONE-B,252.0,206.1,40.55,13.0,3.0,0.6,260.0
PROD-12168,2026-01-07,MINE-02,MINE-02-ZONE-C,252.0,218.0,34.17,14.2,1.8,0.6,260.0
PROD-12169,2026-01-07,MINE-02,MINE-02-ZONE-D,252.0,191.3,42.1,12.8,3.2,0.6,260.0
PROD-12170,2026-01-07,MINE-02,MINE-02-ZONE-E,252.0,245.0,33.22,14.9,1.1,0.6,260.0
PROD-12171,2026-01-07,MINE-03,MINE-03-ZONE-A,252.0,234.3,37.87,15.0,1.0,2.9,260.0
PROD-12172,2026-01-07,MINE-03,MINE-03-ZONE-B,252.0,201.4,32.66,13.0,3.0,2.9,260.0
PROD-12173,2026-01-07,MINE-03,MINE-03-ZONE-C,252.0,185.1,39.64,11.8,4.2,2.9,260.0
PROD-12174,2026-01-07,MINE-03,MINE-03-ZONE-D,252.0,221.6,35.1,14.0,2.0,2.9,260.0
PROD-12175,2026-01-07,MINE-03,MINE-03-ZONE-E,252.0,207.0,34.76,13.7,2.3,2.9,260.0
PROD-12176,2026-01-07,MINE-04,MINE-04-ZONE-A,252.0,210.8,41.27,14.0,2.0,1.8,260.0
PROD-12177,2026-01-07,MINE-04,MINE-04-ZONE-B,252.0,235.2,40.78,14.3,1.7,1.8,260.0
PROD-12178,2026-01-07,MINE-04,MINE-04-ZONE-C,252.0,183.4,42.0,12.1,3.9,1.8,260.0
PROD-12179,2026-01-07,MINE-04,MINE-04-ZONE-D,252.0,178.1,38.97,12.1,3.9,1.8,260.0
PROD-12180,2026-01-07,MINE-04,MINE-04-ZONE-E,252.0,213.3,37.51,12.7,3.3,1.8,260.0
PROD-12181,2026-01-08,MINE-01,MINE-01-ZONE-A,256.0,241.5,39.24,14.5,1.5,1.3,260.0
PROD-12182,2026-01-08,MINE-01,MINE-01-ZONE-B,256.0,237.4,38.13,15.4,0.6,1.3,260.0
PROD-12183,2026-01-08,MINE-01,MINE-01-ZONE-C,256.0,236.3,38.36,15.4,0.6,1.3,260.0
PROD-12184,2026-01-08,MINE-01,MINE-01-ZONE-D,256.0,231.2,32.82,13.8,2.2,1.3,260.0
PROD-12185,2026-01-08,MINE-01,MINE-01-ZONE-E,256.0,244.0,38.25,14.7,1.3,1.3,260.0
PROD-12186,2026-01-08,MINE-02,MINE-02-ZONE-A,256.0,199.9,43.24,13.1,2.9,0.2,260.0
PROD-12187,2026-01-08,MINE-02,MINE-02-ZONE-B,256.0,214.5,42.68,13.4,2.6,0.2,260.0
PROD-12188,2026-01-08,MINE-02,MINE-02-ZONE-C,256.0,198.4,36.23,12.3,3.7,0.2,260.0
PROD-12189,2026-01-08,MINE-02,MINE-02-ZONE-D,256.0,238.0,34.36,14.8,1.2,0.2,260.0
PROD-12190,2026-01-08,MINE-02,MINE-02-ZONE-E,256.0,231.9,34.21,14.4,1.6,0.2,260.0
PROD-12191,2026-01-08,MINE-03,MINE-03-ZONE-A,256.0,198.3,33.47,12.8,3.2,1.4,260.0
PROD-12192,2026-01-08,MINE-03,MINE-03-ZONE-B,256.0,199.6,41.98,12.7,3.3,1.4,260.0
PROD-12193,2026-01-08,MINE-03,MINE-03-ZONE-C,256.0,227.4,34.72,14.6,1.4,1.4,260.0
PROD-12194,2026-01-08,MINE-03,MINE-03-ZONE-D,256.0,204.5,32.6,12.3,3.7,1.4,260.0
PROD-12195,2026-01-08,MINE-03,MINE-03-ZONE-E,256.0,226.0,36.27,13.5,2.5,1.4,260.0
PROD-12196,2026-01-08,MINE-04,MINE-04-ZONE-A,256.0,193.4,35.35,12.8,3.2,3.3,260.0
PROD-12197,2026-01-08,MINE-04,MINE-04-ZONE-B,256.0,209.4,37.75,14.0,2.0,3.3,260.0
PROD-12198,2026-01-08,MINE-04,MINE-04-ZONE-C,256.0,211.0,39.11,12.5,3.5,3.3,260.0
PROD-12199,2026-01-08,MINE-04,MINE-04-ZONE-D,256.0,233.2,43.84,13.9,2.1,3.3,260.0
PROD-12200,2026-01-08,MINE-04,MINE-04-ZONE-E,256.0,240.7,33.64,14.6,1.4,3.3,260.0
PROD-12201,2026-01-09,MINE-01,MINE-01-ZONE-A,300.0,236.5,36.51,13.1,2.9,2.5,260.0
PROD-12202,2026-01-09,MINE-01,MINE-01-ZONE-B,300.0,221.8,42.87,12.3,3.7,2.5,260.0
PROD-12203,2026-01-09,MINE-01,MINE-01-ZONE-C,300.0,287.3,39.03,15.3,0.7,2.5,260.0
PROD-12204,2026-01-09,MINE-01,MINE-01-ZONE-D,300.0,272.7,32.58,15.4,0.6,2.5,260.0
PROD-12205,2026-01-09,MINE-01,MINE-01-ZONE-E,300.0,239.0,34.73,13.1,2.9,2.5,260.0
PROD-12206,2026-01-09,MINE-02,MINE-02-ZONE-A,300.0,298.5,41.99,15.4,0.6,2.8,260.0
PROD-12207,2026-01-09,MINE-02,MINE-02-ZONE-B,300.0,233.2,33.14,12.8,3.2,2.8,260.0
PROD-12208,2026-01-09,MINE-02,MINE-02-ZONE-C,300.0,285.4,39.96,15.2,0.8,2.8,260.0
PROD-12209,2026-01-09,MINE-02,MINE-02-ZONE-D,300.0,259.5,39.81,14.3,1.7,2.8,260.0
PROD-12210,2026-01-09,MINE-02,MINE-02-ZONE-E,300.0,265.5,38.18,13.9,2.1,2.8,260.0
PROD-12211,2026-01-09,MINE-03,MINE-03-ZONE-A,300.0,252.2,43.27,13.4,2.6,3.5,260.0
PROD-12212,2026-01-09,MINE-03,MINE-03-ZONE-B,300.0,227.9,37.49,12.1,3.9,3.5,260.0
PROD-12213,2026-01-09,MINE-03,MINE-03-ZONE-C,300.0,249.9,42.93,14.0,2.0,3.5,260.0
PROD-12214,2026-01-09,MINE-03,MINE-03-ZONE-D,300.0,268.0,37.88,14.0,2.0,3.5,260.0
PROD-12215,2026-01-09,MINE-03,MINE-03-ZONE-E,300.0,243.3,41.05,13.0,3.0,3.5,260.0
PROD-12216,2026-01-09,MINE-04,MINE-04-ZONE-A,300.0,279.5,33.33,15.0,1.0,2.7,260.0
PROD-12217,2026-01-09,MINE-04,MINE-04-ZONE-B,300.0,234.0,32.86,13.1,2.9,2.7,260.0
PROD-12218,2026-01-09,MINE-04,MINE-04-ZONE-C,300.0,231.4,38.47,12.5,3.5,2.7,260.0
PROD-12219,2026-01-09,MINE-04,MINE-04-ZONE-D,300.0,244.8,39.57,12.9,3.1,2.7,260.0
PROD-12220,2026-01-09,MINE-04,MINE-04-ZONE-E,300.0,271.8,38.35,15.2,0.8,2.7,260.0
PROD-12221,2026-01-10,MINE-01,MINE-01-ZONE-A,304.0,279.5,42.32,14.7,1.3,3.6,260.0
PROD-12222,2026-01-10,MINE-01,MINE-01-ZONE-B,304.0,222.5,43.11,11.9,4.1,3.6,260.0
PROD-12223,2026-01-10,MINE-01,MINE-01-ZONE-C,304.0,235.8,42.99,12.5,3.5,3.6,260.0
PROD-12224,2026-01-10,MINE-01,MINE-01-ZONE-D,304.0,265.5,33.19,14.4,1.6,3.6,260.0
PROD-12225,2026-01-10,MINE-01,MINE-01-ZONE-E,304.0,283.4,37.11,14.4,1.6,3.6,260.0
PROD-12226,2026-01-10,MINE-02,MINE-02-ZONE-A,304.0,226.2,43.94,12.5,3.5,1.5,260.0
PROD-12227,2026-01-10,MINE-02,MINE-02-ZONE-B,304.0,207.6,34.19,11.6,4.4,1.5,260.0
PROD-12228,2026-01-10,MINE-02,MINE-02-ZONE-C,304.0,262.0,38.34,14.6,1.4,1.5,260.0
PROD-12229,2026-01-10,MINE-02,MINE-02-ZONE-D,304.0,264.7,38.44,14.1,1.9,1.5,260.0
PROD-12230,2026-01-10,MINE-02,MINE-02-ZONE-E,304.0,236.9,39.32,12.4,3.6,1.5,260.0
PROD-12231,2026-01-10,MINE-03,MINE-03-ZONE-A,304.0,229.4,32.96,11.6,4.4,1.6,260.0
PROD-12232,2026-01-10,MINE-03,MINE-03-ZONE-B,304.0,216.3,32.14,11.7,4.3,1.6,260.0
PROD-12233,2026-01-10,MINE-03,MINE-03-ZONE-C,304.0,237.8,39.41,12.2,3.8,1.6,260.0
PROD-12234,2026-01-10,MINE-03,MINE-03-ZONE-D,304.0,237.1,40.64,11.8,4.2,1.6,260.0
PROD-12235,2026-01-10,MINE-03,MINE-03-ZONE-E,304.0,235.8,33.26,13.0,3.0,1.6,260.0
PROD-12236,2026-01-10,MINE-04,MINE-04-ZONE-A,304.0,244.7,35.79,13.6,2.4,0.1,260.0
PROD-12237,2026-01-10,MINE-04,MINE-04-ZONE-B,304.0,250.4,37.08,13.3,2.7,0.1,260.0
PROD-12238,2026-01-10,MINE-04,MINE-04-ZONE-C,304.0,288.9,36.48,14.7,1.3,0.1,260.0
PROD-12239,2026-01-10,MINE-04,MINE-04-ZONE-D,304.0,251.6,40.93,13.0,3.0,0.1,260.0
PROD-12240,2026-01-10,MINE-04,MINE-04-ZONE-E,304.0,238.2,40.66,13.3,2.7,0.1,260.0
PROD-12241,2026-01-11,MINE-01,MINE-01-ZONE-A,224.0,148.5,42.03,11.7,4.3,1.4,260.0
PROD-12242,2026-01-11,MINE-01,MINE-01-ZONE-B,224.0,186.8,36.73,14.2,1.8,1.4,260.0
PROD-12243,2026-01-11,MINE-01,MINE-01-ZONE-C,224.0,162.9,38.91,12.5,3.5,1.4,260.0
PROD-12244,2026-01-11,MINE-01,MINE-01-ZONE-D,224.0,160.3,34.98,12.4,3.6,1.4,260.0
PROD-12245,2026-01-11,MINE-01,MINE-01-ZONE-E,224.0,157.5,38.88,12.1,3.9,1.4,260.0
PROD-12246,2026-01-11,MINE-02,MINE-02-ZONE-A,224.0,178.9,42.39,13.6,2.4,1.0,260.0
PROD-12247,2026-01-11,MINE-02,MINE-02-ZONE-B,224.0,189.1,37.12,14.1,1.9,1.0,260.0
PROD-12248,2026-01-11,MINE-02,MINE-02-ZONE-C,224.0,189.9,35.94,13.2,2.8,1.0,260.0
PROD-12249,2026-01-11,MINE-02,MINE-02-ZONE-D,224.0,175.1,38.03,13.4,2.6,1.0,260.0
PROD-12250,2026-01-11,MINE-02,MINE-02-ZONE-E,224.0,202.9,32.73,15.0,1.0,1.0,260.0
PROD-12251,2026-01-11,MINE-03,MINE-03-ZONE-A,224.0,200.2,37.53,15.0,1.0,1.9,260.0
PROD-12252,2026-01-11,MINE-03,MINE-03-ZONE-B,224.0,205.7,43.19,13.9,2.1,1.9,260.0
PROD-12253,2026-01-11,MINE-03,MINE-03-ZONE-C,224.0,172.1,34.47,12.3,3.7,1.9,260.0
PROD-12254,2026-01-11,MINE-03,MINE-03-ZONE-D,224.0,163.2,37.28,12.5,3.5,1.9,260.0
PROD-12255,2026-01-11,MINE-03,MINE-03-ZONE-E,224.0,198.7,40.65,14.6,1.4,1.9,260.0
PROD-12256,2026-01-11,MINE-04,MINE-04-ZONE-A,224.0,185.3,36.24,13.9,2.1,2.9,260.0
PROD-12257,2026-01-11,MINE-04,MINE-04-ZONE-B,224.0,157.5,32.09,12.3,3.7,2.9,260.0
PROD-12258,2026-01-11,MINE-04,MINE-04-ZONE-C,224.0,191.7,42.49,14.2,1.8,2.9,260.0
PROD-12259,2026-01-11,MINE-04,MINE-04-ZONE-D,224.0,187.6,33.08,12.5,3.5,2.9,260.0
PROD-12260,2026-01-11,MINE-04,MINE-04-ZONE-E,224.0,174.2,39.99,13.0,3.0,2.9,260.0
PROD-12261,2026-01-12,MINE-01,MINE-01-ZONE-A,228.0,211.2,36.63,15.2,0.8,0.6,260.0
PROD-12262,2026-01-12,MINE-01,MINE-01-ZONE-B,228.0,201.7,38.82,14.0,2.0,0.6,260.0
PROD-12263,2026-01-12,MINE-01,MINE-01-ZONE-C,228.0,209.3,33.39,14.1,1.9,0.6,260.0
PROD-12264,2026-01-12,MINE-01,MINE-01-ZONE-D,228.0,191.5,43.48,14.0,2.0,0.6,260.0
PROD-12265,2026-01-12,MINE-01,MINE-01-ZONE-E,228.0,189.7,42.06,13.0,3.0,0.6,260.0
PROD-12266,2026-01-12,MINE-02,MINE-02-ZONE-A,228.0,168.5,34.18,11.9,4.1,0.5,260.0
PROD-12267,2026-01-12,MINE-02,MINE-02-ZONE-B,228.0,208.9,39.13,15.4,0.6,0.5,260.0
PROD-12268,2026-01-12,MINE-02,MINE-02-ZONE-C,228.0,168.1,36.92,11.5,4.5,0.5,260.0
PROD-12269,2026-01-12,MINE-02,MINE-02-ZONE-D,228.0,193.1,34.13,14.1,1.9,0.5,260.0
PROD-12270,2026-01-12,MINE-02,MINE-02-ZONE-E,228.0,225.5,35.08,15.2,0.8,0.5,260.0
PROD-12271,2026-01-12,MINE-03,MINE-03-ZONE-A,228.0,179.3,32.92,12.2,3.8,0.0,260.0
PROD-12272,2026-01-12,MINE-03,MINE-03-ZONE-B,228.0,173.3,40.36,11.9,4.1,0.0,260.0
PROD-12273,2026-01-12,MINE-03,MINE-03-ZONE-C,228.0,161.4,42.7,11.7,4.3,0.0,260.0
PROD-12274,2026-01-12,MINE-03,MINE-03-ZONE-D,228.0,213.5,39.62,14.2,1.8,0.0,260.0
PROD-12275,2026-01-12,MINE-03,MINE-03-ZONE-E,228.0,213.6,32.51,14.3,1.7,0.0,260.0
PROD-12276,2026-01-12,MINE-04,MINE-04-ZONE-A,228.0,186.5,34.27,14.0,2.0,2.9,260.0
PROD-12277,2026-01-12,MINE-04,MINE-04-ZONE-B,228.0,172.9,37.88,13.3,2.7,2.9,260.0
PROD-12278,2026-01-12,MINE-04,MINE-04-ZONE-C,228.0,199.2,37.84,14.6,1.4,2.9,260.0
PROD-12279,2026-01-12,MINE-04,MINE-04-ZONE-D,228.0,196.7,42.29,14.7,1.3,2.9,260.0
PROD-12280,2026-01-12,MINE-04,MINE-04-ZONE-E,228.0,162.4,35.11,12.0,4.0,2.9,260.0
PROD-12281,2026-01-13,MINE-01,MINE-01-ZONE-A,232.0,197.2,41.06,14.4,1.6,0.2,260.0
PROD-12282,2026-01-13,MINE-01,MINE-01-ZONE-B,232.0,206.1,34.54,14.6,1.4,0.2,260.0
PROD-12283,2026-01-13,MINE-01,MINE-01-ZONE-C,232.0,220.5,41.57,15.4,0.6,0.2,260.0
PROD-12284,2026-01-13,MINE-01,MINE-01-ZONE-D,232.0,197.0,40.34,13.8,2.2,0.2,260.0
PROD-12285,2026-01-13,MINE-01,MINE-01-ZONE-E,232.0,180.1,39.28,12.1,3.9,0.2,260.0
PROD-12286,2026-01-13,MINE-02,MINE-02-ZONE-A,232.0,179.5,38.84,11.6,4.4,2.6,260.0
PROD-12287,2026-01-13,MINE-02,MINE-02-ZONE-B,232.0,214.0,42.3,14.8,1.2,2.6,260.0
PROD-12288,2026-01-13,MINE-02,MINE-02-ZONE-C,232.0,168.6,41.18,11.7,4.3,2.6,260.0
PROD-12289,2026-01-13,MINE-02,MINE-02-ZONE-D,232.0,180.3,36.21,12.0,4.0,2.6,260.0
PROD-12290,2026-01-13,MINE-02,MINE-02-ZONE-E,232.0,166.2,41.98,12.1,3.9,2.6,260.0
PROD-12291,2026-01-13,MINE-03,MINE-03-ZONE-A,232.0,211.9,37.44,14.2,1.8,2.4,260.0
PROD-12292,2026-01-13,MINE-03,MINE-03-ZONE-B,232.0,162.9,35.19,12.1,3.9,2.4,260.0
PROD-12293,2026-01-13,MINE-03,MINE-03-ZONE-C,232.0,215.9,37.1,14.7,1.3,2.4,260.0
PROD-12294,2026-01-13,MINE-03,MINE-03-ZONE-D,232.0,193.3,33.44,13.3,2.7,2.4,260.0
PROD-12295,2026-01-13,MINE-03,MINE-03-ZONE-E,232.0,213.9,41.99,15.1,0.9,2.4,260.0
PROD-12296,2026-01-13,MINE-04,MINE-04-ZONE-A,232.0,214.8,41.95,14.4,1.6,1.0,260.0
PROD-12297,2026-01-13,MINE-04,MINE-04-ZONE-B,232.0,225.9,39.09,14.7,1.3,1.0,260.0
PROD-12298,2026-01-13,MINE-04,MINE-04-ZONE-C,232.0,192.7,38.09,12.5,3.5,1.0,260.0
PROD-12299,2026-01-13,MINE-04,MINE-04-ZONE-D,232.0,211.6,39.82,14.7,1.3,1.0,260.0
PROD-12300,2026-01-13,MINE-04,MINE-04-ZONE-E,232.0,204.2,40.79,14.1,1.9,1.0,260.0
PROD-12301,2026-01-14,MINE-01,MINE-01-ZONE-A,276.0,245.3,37.7,14.6,1.4,0.1,260.0
PROD-12302,2026-01-14,MINE-01,MINE-01-ZONE-B,276.0,258.1,34.79,15.4,0.6,0.1,260.0
PROD-12303,2026-01-14,MINE-01,MINE-01-ZONE-C,276.0,252.7,42.96,15.5,0.5,0.1,260.0
PROD-12304,2026-01-14,MINE-01,MINE-01-ZONE-D,276.0,197.2,38.15,11.7,4.3,0.1,260.0
PROD-12305,2026-01-14,MINE-01,MINE-01-ZONE-E,276.0,221.8,32.28,13.0,3.0,0.1,260.0
PROD-12306,2026-01-14,MINE-02,MINE-02-ZONE-A,276.0,226.1,36.18,13.3,2.7,0.3,260.0
PROD-12307,2026-01-14,MINE-02,MINE-02-ZONE-B,276.0,226.1,43.09,12.3,3.7,0.3,260.0
PROD-12308,2026-01-14,MINE-02,MINE-02-ZONE-C,276.0,272.4,42.35,15.2,0.8,0.3,260.0
PROD-12309,2026-01-14,MINE-02,MINE-02-ZONE-D,276.0,239.2,32.42,14.6,1.4,0.3,260.0
PROD-12310,2026-01-14,MINE-02,MINE-02-ZONE-E,276.0,220.8,33.61,12.9,3.1,0.3,260.0
PROD-12311,2026-01-14,MINE-03,MINE-03-ZONE-A,276.0,239.8,32.24,14.4,1.6,2.7,260.0
PROD-12312,2026-01-14,MINE-03,MINE-03-ZONE-B,276.0,217.1,39.1,12.7,3.3,2.7,260.0
PROD-12313,2026-01-14,MINE-03,MINE-03-ZONE-C,276.0,205.3,34.58,12.7,3.3,2.7,260.0
PROD-12314,2026-01-14,MINE-03,MINE-03-ZONE-D,276.0,261.3,34.88,14.4,1.6,2.7,260.0
PROD-12315,2026-01-14,MINE-03,MINE-03-ZONE-E,276.0,214.8,39.46,13.3,2.7,2.7,260.0
PROD-12316,2026-01-14,MINE-04,MINE-04-ZONE-A,276.0,209.5,43.46,12.6,3.4,3.3,260.0
PROD-12317,2026-01-14,MINE-04,MINE-04-ZONE-B,276.0,190.9,35.32,11.8,4.2,3.3,260.0
PROD-12318,2026-01-14,MINE-04,MINE-04-ZONE-C,276.0,185.7,40.76,11.7,4.3,3.3,260.0
PROD-12319,2026-01-14,MINE-04,MINE-04-ZONE-D,276.0,216.7,36.68,13.3,2.7,3.3,260.0
PROD-12320,2026-01-14,MINE-04,MINE-04-ZONE-E,276.0,260.6,36.88,14.5,1.5,3.3,260.0
PROD-12321,2026-01-15,MINE-01,MINE-01-ZONE-A,280.0,252.3,43.9,14.8,1.2,3.7,260.0
PROD-12322,2026-01-15,MINE-01,MINE-01-ZONE-B,280.0,218.2,34.23,12.1,3.9,3.7,260.0
PROD-12323,2026-01-15,MINE-01,MINE-01-ZONE-C,280.0,276.5,40.33,15.4,0.6,3.7,260.0
PROD-12324,2026-01-15,MINE-01,MINE-01-ZONE-D,280.0,211.7,33.2,12.8,3.2,3.7,260.0
PROD-12325,2026-01-15,MINE-01,MINE-01-ZONE-E,280.0,235.6,32.43,13.4,2.6,3.7,260.0
PROD-12326,2026-01-15,MINE-02,MINE-02-ZONE-A,280.0,250.7,33.19,14.3,1.7,0.4,260.0
PROD-12327,2026-01-15,MINE-02,MINE-02-ZONE-B,280.0,231.2,32.14,14.0,2.0,0.4,260.0
PROD-12328,2026-01-15,MINE-02,MINE-02-ZONE-C,280.0,230.9,39.83,13.3,2.7,0.4,260.0
PROD-12329,2026-01-15,MINE-02,MINE-02-ZONE-D,280.0,280.3,41.35,15.3,0.7,0.4,260.0
PROD-12330,2026-01-15,MINE-02,MINE-02-ZONE-E,280.0,264.2,41.51,15.4,0.6,0.4,260.0
PROD-12331,2026-01-15,MINE-03,MINE-03-ZONE-A,280.0,252.3,40.66,13.9,2.1,0.0,260.0
PROD-12332,2026-01-15,MINE-03,MINE-03-ZONE-B,280.0,261.8,36.91,15.2,0.8,0.0,260.0
PROD-12333,2026-01-15,MINE-03,MINE-03-ZONE-C,280.0,218.7,36.07,13.3,2.7,0.0,260.0
PROD-12334,2026-01-15,MINE-03,MINE-03-ZONE-D,280.0,232.4,32.72,13.6,2.4,0.0,260.0
PROD-12335,2026-01-15,MINE-03,MINE-03-ZONE-E,280.0,225.3,43.46,13.5,2.5,0.0,260.0
PROD-12336,2026-01-15,MINE-04,MINE-04-ZONE-A,280.0,215.6,41.58,13.2,2.8,1.1,260.0
PROD-12337,2026-01-15,MINE-04,MINE-04-ZONE-B,280.0,253.5,34.27,14.6,1.4,1.1,260.0
PROD-12338,2026-01-15,MINE-04,MINE-04-ZONE-C,280.0,220.9,34.06,12.4,3.6,1.1,260.0
PROD-12339,2026-01-15,MINE-04,MINE-04-ZONE-D,280.0,254.5,41.76,15.1,0.9,1.1,260.0
PROD-12340,2026-01-15,MINE-04,MINE-04-ZONE-E,280.0,237.5,37.67,13.2,2.8,1.1,260.0
PROD-12341,2026-01-16,MINE-01,MINE-01-ZONE-A,284.0,265.2,33.71,15.2,0.8,1.6,260.0
PROD-12342,2026-01-16,MINE-01,MINE-01-ZONE-B,284.0,274.1,35.05,15.0,1.0,1.6,260.0
PROD-12343,2026-01-16,MINE-01,MINE-01-ZONE-C,284.0,218.3,35.35,12.0,4.0,1.6,260.0
PROD-12344,2026-01-16,MINE-01,MINE-01-ZONE-D,284.0,233.9,37.95,13.9,2.1,1.6,260.0
PROD-12345,2026-01-16,MINE-01,MINE-01-ZONE-E,284.0,234.6,43.91,13.2,2.8,1.6,260.0
PROD-12346,2026-01-16,MINE-02,MINE-02-ZONE-A,284.0,277.5,37.46,15.2,0.8,2.9,260.0
PROD-12347,2026-01-16,MINE-02,MINE-02-ZONE-B,284.0,248.8,43.8,14.3,1.7,2.9,260.0
PROD-12348,2026-01-16,MINE-02,MINE-02-ZONE-C,284.0,253.9,35.62,14.9,1.1,2.9,260.0
PROD-12349,2026-01-16,MINE-02,MINE-02-ZONE-D,284.0,225.8,33.58,12.1,3.9,2.9,260.0
PROD-12350,2026-01-16,MINE-02,MINE-02-ZONE-E,284.0,235.9,36.77,14.1,1.9,2.9,260.0
PROD-12351,2026-01-16,MINE-03,MINE-03-ZONE-A,284.0,254.1,42.94,14.9,1.1,1.0,260.0
PROD-12352,2026-01-16,MINE-03,MINE-03-ZONE-B,284.0,242.3,43.45,14.4,1.6,1.0,260.0
PROD-12353,2026-01-16,MINE-03,MINE-03-ZONE-C,284.0,213.8,32.2,11.8,4.2,1.0,260.0
PROD-12354,2026-01-16,MINE-03,MINE-03-ZONE-D,284.0,262.1,37.35,14.4,1.6,1.0,260.0
PROD-12355,2026-01-16,MINE-03,MINE-03-ZONE-E,284.0,225.6,36.51,12.1,3.9,1.0,260.0
PROD-12356,2026-01-16,MINE-04,MINE-04-ZONE-A,284.0,277.3,37.05,15.4,0.6,1.6,260.0
PROD-12357,2026-01-16,MINE-04,MINE-04-ZONE-B,284.0,224.1,34.7,13.0,3.0,1.6,260.0
PROD-12358,2026-01-16,MINE-04,MINE-04-ZONE-C,284.0,262.2,39.82,15.0,1.0,1.6,260.0
PROD-12359,2026-01-16,MINE-04,MINE-04-ZONE-D,284.0,225.4,38.69,13.1,2.9,1.6,260.0
PROD-12360,2026-01-16,MINE-04,MINE-04-ZONE-E,284.0,210.2,35.24,11.6,4.4,1.6,260.0
PROD-12361,2026-01-17,MINE-01,MINE-01-ZONE-A,288.0,259.0,39.01,14.1,1.9,0.7,260.0
PROD-12362,2026-01-17,MINE-01,MINE-01-ZONE-B,288.0,249.7,33.58,14.1,1.9,0.7,260.0
PROD-12363,2026-01-17,MINE-01,MINE-01-ZONE-C,288.0,276.3,35.84,15.1,0.9,0.7,260.0
PROD-12364,2026-01-17,MINE-01,MINE-01-ZONE-D,288.0,214.4,42.1,11.8,4.2,0.7,260.0
PROD-12365,2026-01-17,MINE-01,MINE-01-ZONE-E,288.0,263.7,42.57,14.8,1.2,0.7,260.0
PROD-12366,2026-01-17,MINE-02,MINE-02-ZONE-A,288.0,211.4,40.79,11.5,4.5,2.7,260.0
PROD-12367,2026-01-17,MINE-02,MINE-02-ZONE-B,288.0,231.2,35.06,12.3,3.7,2.7,260.0
PROD-12368,2026-01-17,MINE-02,MINE-02-ZONE-C,288.0,246.2,42.9,13.3,2.7,2.7,260.0
PROD-12369,2026-01-17,MINE-02,MINE-02-ZONE-D,288.0,236.9,34.57,13.4,2.6,2.7,260.0
PROD-12370,2026-01-17,MINE-02,MINE-02-ZONE-E,288.0,236.7,32.12,14.0,2.0,2.7,260.0
PROD-12371,2026-01-17,MINE-03,MINE-03-ZONE-A,288.0,234.3,35.11,13.4,2.6,1.8,260.0
PROD-12372,2026-01-17,MINE-03,MINE-03-ZONE-B,288.0,233.6,41.85,13.5,2.5,1.8,260.0
PROD-12373,2026-01-17,MINE-03,MINE-03-ZONE-C,288.0,225.8,38.77,13.3,2.7,1.8,260.0
PROD-12374,2026-01-17,MINE-03,MINE-03-ZONE-D,288.0,236.0,39.44,13.2,2.8,1.8,260.0
PROD-12375,2026-01-17,MINE-03,MINE-03-ZONE-E,288.0,223.9,35.61,13.2,2.8,1.8,260.0
PROD-12376,2026-01-17,MINE-04,MINE-04-ZONE-A,288.0,275.2,40.71,15.3,0.7,2.8,260.0
PROD-12377,2026-01-17,MINE-04,MINE-04-ZONE-B,288.0,248.9,42.72,13.4,2.6,2.8,260.0
PROD-12378,2026-01-17,MINE-04,MINE-04-ZONE-C,288.0,203.8,43.54,11.6,4.4,2.8,260.0
PROD-12379,2026-01-17,MINE-04,MINE-04-ZONE-D,288.0,242.0,41.43,13.0,3.0,2.8,260.0
PROD-12380,2026-01-17,MINE-04,MINE-04-ZONE-E,288.0,200.4,35.23,11.6,4.4,2.8,260.0
PROD-12381,2026-01-18,MINE-01,MINE-01-ZONE-A,208.0,177.6,43.41,13.8,2.2,0.5,260.0
PROD-12382,2026-01-18,MINE-01,MINE-01-ZONE-B,208.0,163.8,38.89,13.5,2.5,0.5,260.0
PROD-12383,2026-01-18,MINE-01,MINE-01-ZONE-C,208.0,168.5,37.18,13.4,2.6,0.5,260.0
PROD-12384,2026-01-18,MINE-01,MINE-01-ZONE-D,208.0,204.1,34.02,14.9,1.1,0.5,260.0
PROD-12385,2026-01-18,MINE-01,MINE-01-ZONE-E,208.0,140.3,40.72,11.5,4.5,0.5,260.0
PROD-12386,2026-01-18,MINE-02,MINE-02-ZONE-A,208.0,173.5,42.39,12.8,3.2,0.3,260.0
PROD-12387,2026-01-18,MINE-02,MINE-02-ZONE-B,208.0,178.0,42.54,14.1,1.9,0.3,260.0
PROD-12388,2026-01-18,MINE-02,MINE-02-ZONE-C,208.0,147.4,32.25,12.5,3.5,0.3,260.0
PROD-12389,2026-01-18,MINE-02,MINE-02-ZONE-D,208.0,169.1,41.52,13.3,2.7,0.3,260.0
PROD-12390,2026-01-18,MINE-02,MINE-02-ZONE-E,208.0,177.2,37.44,12.5,3.5,0.3,260.0
PROD-12391,2026-01-18,MINE-03,MINE-03-ZONE-A,208.0,172.9,32.04,13.1,2.9,1.5,260.0
PROD-12392,2026-01-18,MINE-03,MINE-03-ZONE-B,208.0,181.5,38.82,13.4,2.6,1.5,260.0
PROD-12393,2026-01-18,MINE-03,MINE-03-ZONE-C,208.0,188.0,36.87,15.1,0.9,1.5,260.0
PROD-12394,2026-01-18,MINE-03,MINE-03-ZONE-D,208.0,203.0,42.27,15.5,0.5,1.5,260.0
PROD-12395,2026-01-18,MINE-03,MINE-03-ZONE-E,208.0,197.4,40.9,15.1,0.9,1.5,260.0
PROD-12396,2026-01-18,MINE-04,MINE-04-ZONE-A,208.0,183.4,40.23,14.9,1.1,4.0,260.0
PROD-12397,2026-01-18,MINE-04,MINE-04-ZONE-B,208.0,187.5,41.98,14.7,1.3,4.0,260.0
PROD-12398,2026-01-18,MINE-04,MINE-04-ZONE-C,208.0,177.8,38.93,12.8,3.2,4.0,260.0
PROD-12399,2026-01-18,MINE-04,MINE-04-ZONE-D,208.0,182.5,32.54,13.7,2.3,4.0,260.0
PROD-12400,2026-01-18,MINE-04,MINE-04-ZONE-E,208.0,207.9,36.04,15.5,0.5,4.0,260.0
PROD-12401,2026-01-19,MINE-01,MINE-01-ZONE-A,252.0,218.9,32.99,13.3,2.7,1.3,260.0
PROD-12402,2026-01-19,MINE-01,MINE-01-ZONE-B,252.0,202.1,37.1,12.1,3.9,1.3,260.0
PROD-12403,2026-01-19,MINE-01,MINE-01-ZONE-C,252.0,177.1,32.49,11.5,4.5,1.3,260.0
PROD-12404,2026-01-19,MINE-01,MINE-01-ZONE-D,252.0,244.5,42.09,15.4,0.6,1.3,260.0
PROD-12405,2026-01-19,MINE-01,MINE-01-ZONE-E,252.0,198.8,34.63,13.1,2.9,1.3,260.0
PROD-12406,2026-01-19,MINE-02,MINE-02-ZONE-A,252.0,228.0,40.68,13.8,2.2,1.7,260.0
PROD-12407,2026-01-19,MINE-02,MINE-02-ZONE-B,252.0,225.6,43.15,14.5,1.5,1.7,260.0
PROD-12408,2026-01-19,MINE-02,MINE-02-ZONE-C,252.0,197.5,33.11,13.4,2.6,1.7,260.0
PROD-12409,2026-01-19,MINE-02,MINE-02-ZONE-D,252.0,209.6,40.33,13.1,2.9,1.7,260.0
PROD-12410,2026-01-19,MINE-02,MINE-02-ZONE-E,252.0,211.8,38.88,14.2,1.8,1.7,260.0
PROD-12411,2026-01-19,MINE-03,MINE-03-ZONE-A,252.0,181.5,32.22,12.3,3.7,2.9,260.0
PROD-12412,2026-01-19,MINE-03,MINE-03-ZONE-B,252.0,212.1,39.98,13.0,3.0,2.9,260.0
PROD-12413,2026-01-19,MINE-03,MINE-03-ZONE-C,252.0,228.4,41.15,15.2,0.8,2.9,260.0
PROD-12414,2026-01-19,MINE-03,MINE-03-ZONE-D,252.0,222.2,37.36,14.4,1.6,2.9,260.0
PROD-12415,2026-01-19,MINE-03,MINE-03-ZONE-E,252.0,220.8,39.17,14.0,2.0,2.9,260.0
PROD-12416,2026-01-19,MINE-04,MINE-04-ZONE-A,252.0,236.0,35.28,14.4,1.6,3.7,260.0
PROD-12417,2026-01-19,MINE-04,MINE-04-ZONE-B,252.0,214.7,40.59,13.9,2.1,3.7,260.0
PROD-12418,2026-01-19,MINE-04,MINE-04-ZONE-C,252.0,236.7,35.2,15.1,0.9,3.7,260.0
PROD-12419,2026-01-19,MINE-04,MINE-04-ZONE-D,252.0,186.4,33.67,12.9,3.1,3.7,260.0
PROD-12420,2026-01-19,MINE-04,MINE-04-ZONE-E,252.0,205.4,40.26,12.4,3.6,3.7,260.0
PROD-12421,2026-01-20,MINE-01,MINE-01-ZONE-A,256.0,226.9,34.67,14.9,1.1,0.9,260.0
PROD-12422,2026-01-20,MINE-01,MINE-01-ZONE-B,256.0,231.3,35.47,13.7,2.3,0.9,260.0
PROD-12423,2026-01-20,MINE-01,MINE-01-ZONE-C,256.0,261.2,36.69,15.5,0.5,0.9,260.0
PROD-12424,2026-01-20,MINE-01,MINE-01-ZONE-D,256.0,241.1,42.65,15.4,0.6,0.9,260.0
PROD-12425,2026-01-20,MINE-01,MINE-01-ZONE-E,256.0,221.1,42.86,13.5,2.5,0.9,260.0
PROD-12426,2026-01-20,MINE-02,MINE-02-ZONE-A,256.0,224.7,36.3,13.6,2.4,2.5,260.0
PROD-12427,2026-01-20,MINE-02,MINE-02-ZONE-B,256.0,181.6,33.92,11.6,4.4,2.5,260.0
PROD-12428,2026-01-20,MINE-02,MINE-02-ZONE-C,256.0,182.7,37.45,11.8,4.2,2.5,260.0
PROD-12429,2026-01-20,MINE-02,MINE-02-ZONE-D,256.0,233.8,39.44,15.5,0.5,2.5,260.0
PROD-12430,2026-01-20,MINE-02,MINE-02-ZONE-E,256.0,184.4,33.67,11.5,4.5,2.5,260.0
PROD-12431,2026-01-20,MINE-03,MINE-03-ZONE-A,256.0,191.3,33.39,12.7,3.3,0.2,260.0
PROD-12432,2026-01-20,MINE-03,MINE-03-ZONE-B,256.0,207.8,34.12,13.8,2.2,0.2,260.0
PROD-12433,2026-01-20,MINE-03,MINE-03-ZONE-C,256.0,202.7,38.77,13.0,3.0,0.2,260.0
PROD-12434,2026-01-20,MINE-03,MINE-03-ZONE-D,256.0,241.3,36.77,14.4,1.6,0.2,260.0
PROD-12435,2026-01-20,MINE-03,MINE-03-ZONE-E,256.0,178.7,39.22,12.0,4.0,0.2,260.0
PROD-12436,2026-01-20,MINE-04,MINE-04-ZONE-A,256.0,226.0,36.9,14.6,1.4,0.7,260.0
PROD-12437,2026-01-20,MINE-04,MINE-04-ZONE-B,256.0,233.1,34.91,15.3,0.7,0.7,260.0
PROD-12438,2026-01-20,MINE-04,MINE-04-ZONE-C,256.0,225.5,33.08,14.9,1.1,0.7,260.0
PROD-12439,2026-01-20,MINE-04,MINE-04-ZONE-D,256.0,203.8,34.41,12.0,4.0,0.7,260.0
PROD-12440,2026-01-20,MINE-04,MINE-04-ZONE-E,256.0,192.0,43.88,11.9,4.1,0.7,260.0
PROD-12441,2026-01-21,MINE-01,MINE-01-ZONE-A,260.0,197.0,33.07,13.0,3.0,2.0,260.0
PROD-12442,2026-01-21,MINE-01,MINE-01-ZONE-B,260.0,260.9,43.36,15.4,0.6,2.0,260.0
PROD-12443,2026-01-21,MINE-01,MINE-01-ZONE-C,260.0,188.9,40.83,12.6,3.4,2.0,260.0
PROD-12444,2026-01-21,MINE-01,MINE-01-ZONE-D,260.0,217.7,43.47,13.8,2.2,2.0,260.0
PROD-12445,2026-01-21,MINE-01,MINE-01-ZONE-E,260.0,207.2,43.68,12.4,3.6,2.0,260.0
PROD-12446,2026-01-21,MINE-02,MINE-02-ZONE-A,260.0,231.5,32.55,14.5,1.5,0.8,260.0
PROD-12447,2026-01-21,MINE-02,MINE-02-ZONE-B,260.0,199.2,42.73,12.0,4.0,0.8,260.0
PROD-12448,2026-01-21,MINE-02,MINE-02-ZONE-C,260.0,185.6,34.63,11.6,4.4,0.8,260.0
PROD-12449,2026-01-21,MINE-02,MINE-02-ZONE-D,260.0,207.2,43.6,13.0,3.0,0.8,260.0
PROD-12450,2026-01-21,MINE-02,MINE-02-ZONE-E,260.0,232.4,34.84,15.1,0.9,0.8,260.0
PROD-12451,2026-01-21,MINE-03,MINE-03-ZONE-A,260.0,232.5,41.58,14.0,2.0,2.3,260.0
PROD-12452,2026-01-21,MINE-03,MINE-03-ZONE-B,260.0,201.1,35.71,11.6,4.4,2.3,260.0
PROD-12453,2026-01-21,MINE-03,MINE-03-ZONE-C,260.0,188.1,36.2,12.1,3.9,2.3,260.0
PROD-12454,2026-01-21,MINE-03,MINE-03-ZONE-D,260.0,176.3,43.99,11.7,4.3,2.3,260.0
PROD-12455,2026-01-21,MINE-03,MINE-03-ZONE-E,260.0,206.1,35.81,13.4,2.6,2.3,260.0
PROD-12456,2026-01-21,MINE-04,MINE-04-ZONE-A,260.0,249.4,41.91,15.1,0.9,1.9,260.0
PROD-12457,2026-01-21,MINE-04,MINE-04-ZONE-B,260.0,197.3,37.44,12.8,3.2,1.9,260.0
PROD-12458,2026-01-21,MINE-04,MINE-04-ZONE-C,260.0,247.2,37.02,15.5,0.5,1.9,260.0
PROD-12459,2026-01-21,MINE-04,MINE-04-ZONE-D,260.0,211.8,43.18,12.3,3.7,1.9,260.0
PROD-12460,2026-01-21,MINE-04,MINE-04-ZONE-E,260.0,213.9,42.27,12.4,3.6,1.9,260.0
PROD-12461,2026-01-22,MINE-01,MINE-01-ZONE-A,264.0,223.5,43.12,14.4,1.6,1.9,260.0
PROD-12462,2026-01-22,MINE-01,MINE-01-ZONE-B,264.0,208.4,36.91,12.0,4.0,1.9,260.0
PROD-12463,2026-01-22,MINE-01,MINE-01-ZONE-C,264.0,218.5,42.13,13.3,2.7,1.9,260.0
PROD-12464,2026-01-22,MINE-01,MINE-01-ZONE-D,264.0,195.6,37.6,12.3,3.7,1.9,260.0
PROD-12465,2026-01-22,MINE-01,MINE-01-ZONE-E,264.0,239.2,32.72,15.2,0.8,1.9,260.0
PROD-12466,2026-01-22,MINE-02,MINE-02-ZONE-A,264.0,227.6,36.95,14.7,1.3,0.6,260.0
PROD-12467,2026-01-22,MINE-02,MINE-02-ZONE-B,264.0,203.5,35.64,11.8,4.2,0.6,260.0
PROD-12468,2026-01-22,MINE-02,MINE-02-ZONE-C,264.0,232.2,43.68,13.2,2.8,0.6,260.0
PROD-12469,2026-01-22,MINE-02,MINE-02-ZONE-D,264.0,241.5,35.26,15.0,1.0,0.6,260.0
PROD-12470,2026-01-22,MINE-02,MINE-02-ZONE-E,264.0,228.7,40.71,14.7,1.3,0.6,260.0
PROD-12471,2026-01-22,MINE-03,MINE-03-ZONE-A,264.0,204.6,38.57,12.0,4.0,1.7,260.0
PROD-12472,2026-01-22,MINE-03,MINE-03-ZONE-B,264.0,181.6,36.04,11.7,4.3,1.7,260.0
PROD-12473,2026-01-22,MINE-03,MINE-03-ZONE-C,264.0,223.7,39.26,13.0,3.0,1.7,260.0
PROD-12474,2026-01-22,MINE-03,MINE-03-ZONE-D,264.0,195.1,35.08,12.5,3.5,1.7,260.0
PROD-12475,2026-01-22,MINE-03,MINE-03-ZONE-E,264.0,189.1,36.8,12.4,3.6,1.7,260.0
PROD-12476,2026-01-22,MINE-04,MINE-04-ZONE-A,264.0,217.3,39.71,12.7,3.3,2.1,260.0
PROD-12477,2026-01-22,MINE-04,MINE-04-ZONE-B,264.0,236.3,40.05,15.1,0.9,2.1,260.0
PROD-12478,2026-01-22,MINE-04,MINE-04-ZONE-C,264.0,223.0,38.56,13.1,2.9,2.1,260.0
PROD-12479,2026-01-22,MINE-04,MINE-04-ZONE-D,264.0,238.6,34.99,15.2,0.8,2.1,260.0
PROD-12480,2026-01-22,MINE-04,MINE-04-ZONE-E,264.0,196.3,35.68,12.1,3.9,2.1,260.0
PROD-12481,2026-01-23,MINE-01,MINE-01-ZONE-A,268.0,239.6,35.45,14.2,1.8,1.2,260.0
PROD-12482,2026-01-23,MINE-01,MINE-01-ZONE-B,268.0,200.4,34.15,12.0,4.0,1.2,260.0
PROD-12483,2026-01-23,MINE-01,MINE-01-ZONE-C,268.0,254.2,39.04,15.2,0.8,1.2,260.0
PROD-12484,2026-01-23,MINE-01,MINE-01-ZONE-D,268.0,216.0,36.86,13.8,2.2,1.2,260.0
PROD-12485,2026-01-23,MINE-01,MINE-01-ZONE-E,268.0,250.2,36.17,14.5,1.5,1.2,260.0
PROD-12486,2026-01-23,MINE-02,MINE-02-ZONE-A,268.0,240.0,32.52,15.1,0.9,1.3,260.0
PROD-12487,2026-01-23,MINE-02,MINE-02-ZONE-B,268.0,261.4,36.45,15.1,0.9,1.3,260.0
PROD-12488,2026-01-23,MINE-02,MINE-02-ZONE-C,268.0,252.8,32.99,14.7,1.3,1.3,260.0
PROD-12489,2026-01-23,MINE-02,MINE-02-ZONE-D,268.0,202.6,32.35,12.6,3.4,1.3,260.0
PROD-12490,2026-01-23,MINE-02,MINE-02-ZONE-E,268.0,198.4,39.34,12.7,3.3,1.3,260.0
PROD-12491,2026-01-23,MINE-03,MINE-03-ZONE-A,268.0,193.7,41.89,11.7,4.3,0.0,260.0
PROD-12492,2026-01-23,MINE-03,MINE-03-ZONE-B,268.0,232.1,40.56,14.5,1.5,0.0,260.0
PROD-12493,2026-01-23,MINE-03,MINE-03-ZONE-C,268.0,216.2,32.63,12.9,3.1,0.0,260.0
PROD-12494,2026-01-23,MINE-03,MINE-03-ZONE-D,268.0,246.2,43.99,15.3,0.7,0.0,260.0
PROD-12495,2026-01-23,MINE-03,MINE-03-ZONE-E,268.0,249.1,38.61,14.7,1.3,0.0,260.0
PROD-12496,2026-01-23,MINE-04,MINE-04-ZONE-A,268.0,221.5,43.5,13.1,2.9,1.6,260.0
PROD-12497,2026-01-23,MINE-04,MINE-04-ZONE-B,268.0,262.6,32.39,15.2,0.8,1.6,260.0
PROD-12498,2026-01-23,MINE-04,MINE-04-ZONE-C,268.0,250.6,43.24,15.4,0.6,1.6,260.0
PROD-12499,2026-01-23,MINE-04,MINE-04-ZONE-D,268.0,195.6,41.0,12.2,3.8,1.6,260.0
PROD-12500,2026-01-23,MINE-04,MINE-04-ZONE-E,268.0,213.0,41.87,13.5,2.5,1.6,260.0
PROD-12501,2026-01-24,MINE-01,MINE-01-ZONE-A,312.0,244.3,32.55,12.5,3.5,1.5,260.0
PROD-12502,2026-01-24,MINE-01,MINE-01-ZONE-B,312.0,254.2,41.09,12.5,3.5,1.5,260.0
PROD-12503,2026-01-24,MINE-01,MINE-01-ZONE-C,312.0,222.6,43.85,12.0,4.0,1.5,260.0
PROD-12504,2026-01-24,MINE-01,MINE-01-ZONE-D,312.0,280.2,43.73,14.1,1.9,1.5,260.0
PROD-12505,2026-01-24,MINE-01,MINE-01-ZONE-E,312.0,229.9,35.1,11.5,4.5,1.5,260.0
PROD-12506,2026-01-24,MINE-02,MINE-02-ZONE-A,312.0,248.2,43.74,13.2,2.8,3.5,260.0
PROD-12507,2026-01-24,MINE-02,MINE-02-ZONE-B,312.0,263.1,42.41,13.6,2.4,3.5,260.0
PROD-12508,2026-01-24,MINE-02,MINE-02-ZONE-C,312.0,231.5,32.92,11.8,4.2,3.5,260.0
PROD-12509,2026-01-24,MINE-02,MINE-02-ZONE-D,312.0,221.0,36.05,11.7,4.3,3.5,260.0
PROD-12510,2026-01-24,MINE-02,MINE-02-ZONE-E,312.0,274.2,37.67,14.8,1.2,3.5,260.0
PROD-12511,2026-01-24,MINE-03,MINE-03-ZONE-A,312.0,288.9,42.41,14.8,1.2,0.6,260.0
PROD-12512,2026-01-24,MINE-03,MINE-03-ZONE-B,312.0,274.0,37.66,13.7,2.3,0.6,260.0
PROD-12513,2026-01-24,MINE-03,MINE-03-ZONE-C,312.0,244.3,32.67,12.4,3.6,0.6,260.0
PROD-12514,2026-01-24,MINE-03,MINE-03-ZONE-D,312.0,272.5,36.99,14.6,1.4,0.6,260.0
PROD-12515,2026-01-24,MINE-03,MINE-03-ZONE-E,312.0,270.2,38.14,13.8,2.2,0.6,260.0
PROD-12516,2026-01-24,MINE-04,MINE-04-ZONE-A,312.0,238.7,42.02,12.4,3.6,3.0,260.0
PROD-12517,2026-01-24,MINE-04,MINE-04-ZONE-B,312.0,281.0,39.15,15.0,1.0,3.0,260.0
PROD-12518,2026-01-24,MINE-04,MINE-04-ZONE-C,312.0,245.6,36.61,12.5,3.5,3.0,260.0
PROD-12519,2026-01-24,MINE-04,MINE-04-ZONE-D,312.0,271.1,38.43,13.6,2.4,3.0,260.0
PROD-12520,2026-01-24,MINE-04,MINE-04-ZONE-E,312.0,272.9,32.48,13.6,2.4,3.0,260.0
PROD-12521,2026-01-25,MINE-01,MINE-01-ZONE-A,232.0,175.0,33.27,12.0,4.0,1.5,260.0
PROD-12522,2026-01-25,MINE-01,MINE-01-ZONE-B,232.0,162.2,35.44,11.9,4.1,1.5,260.0
PROD-12523,2026-01-25,MINE-01,MINE-01-ZONE-C,232.0,229.0,38.59,15.4,0.6,1.5,260.0
PROD-12524,2026-01-25,MINE-01,MINE-01-ZONE-D,232.0,178.0,43.64,12.4,3.6,1.5,260.0
PROD-12525,2026-01-25,MINE-01,MINE-01-ZONE-E,232.0,212.4,35.08,15.4,0.6,1.5,260.0
PROD-12526,2026-01-25,MINE-02,MINE-02-ZONE-A,232.0,164.3,41.22,12.0,4.0,1.0,260.0
PROD-12527,2026-01-25,MINE-02,MINE-02-ZONE-B,232.0,207.9,34.23,14.6,1.4,1.0,260.0
PROD-12528,2026-01-25,MINE-02,MINE-02-ZONE-C,232.0,156.3,39.02,11.6,4.4,1.0,260.0
PROD-12529,2026-01-25,MINE-02,MINE-02-ZONE-D,232.0,174.3,40.03,12.3,3.7,1.0,260.0
PROD-12530,2026-01-25,MINE-02,MINE-02-ZONE-E,232.0,198.0,37.47,14.0,2.0,1.0,260.0
PROD-12531,2026-01-25,MINE-03,MINE-03-ZONE-A,232.0,199.0,36.67,13.9,2.1,2.8,260.0
PROD-12532,2026-01-25,MINE-03,MINE-03-ZONE-B,232.0,202.5,32.8,13.7,2.3,2.8,260.0
PROD-12533,2026-01-25,MINE-03,MINE-03-ZONE-C,232.0,175.5,38.94,13.0,3.0,2.8,260.0
PROD-12534,2026-01-25,MINE-03,MINE-03-ZONE-D,232.0,179.7,40.36,11.6,4.4,2.8,260.0
PROD-12535,2026-01-25,MINE-03,MINE-03-ZONE-E,232.0,181.5,33.07,11.7,4.3,2.8,260.0
PROD-12536,2026-01-25,MINE-04,MINE-04-ZONE-A,232.0,208.7,36.88,15.3,0.7,2.4,260.0
PROD-12537,2026-01-25,MINE-04,MINE-04-ZONE-B,232.0,195.2,32.87,14.3,1.7,2.4,260.0
PROD-12538,2026-01-25,MINE-04,MINE-04-ZONE-C,232.0,181.1,34.37,13.6,2.4,2.4,260.0
PROD-12539,2026-01-25,MINE-04,MINE-04-ZONE-D,232.0,233.5,41.76,15.3,0.7,2.4,260.0
PROD-12540,2026-01-25,MINE-04,MINE-04-ZONE-E,232.0,185.6,41.38,13.4,2.6,2.4,260.0
PROD-12541,2026-01-26,MINE-01,MINE-01-ZONE-A,236.0,202.3,40.98,14.4,1.6,2.3,260.0
PROD-12542,2026-01-26,MINE-01,MINE-01-ZONE-B,236.0,220.9,34.67,15.0,1.0,2.3,260.0
PROD-12543,2026-01-26,MINE-01,MINE-01-ZONE-C,236.0,221.0,35.51,15.0,1.0,2.3,260.0
PROD-12544,2026-01-26,MINE-01,MINE-01-ZONE-D,236.0,208.4,35.62,15.2,0.8,2.3,260.0
PROD-12545,2026-01-26,MINE-01,MINE-01-ZONE-E,236.0,218.9,41.71,15.1,0.9,2.3,260.0
PROD-12546,2026-01-26,MINE-02,MINE-02-ZONE-A,236.0,209.4,42.3,15.2,0.8,0.4,260.0
PROD-12547,2026-01-26,MINE-02,MINE-02-ZONE-B,236.0,213.4,42.94,15.3,0.7,0.4,260.0
PROD-12548,2026-01-26,MINE-02,MINE-02-ZONE-C,236.0,212.8,41.16,14.0,2.0,0.4,260.0
PROD-12549,2026-01-26,MINE-02,MINE-02-ZONE-D,236.0,200.3,40.38,12.6,3.4,0.4,260.0
PROD-12550,2026-01-26,MINE-02,MINE-02-ZONE-E,236.0,213.6,34.77,13.9,2.1,0.4,260.0
PROD-12551,2026-01-26,MINE-03,MINE-03-ZONE-A,236.0,178.4,35.96,12.0,4.0,3.9,260.0
PROD-12552,2026-01-26,MINE-03,MINE-03-ZONE-B,236.0,196.2,32.04,14.3,1.7,3.9,260.0
PROD-12553,2026-01-26,MINE-03,MINE-03-ZONE-C,236.0,213.0,41.13,15.4,0.6,3.9,260.0
PROD-12554,2026-01-26,MINE-03,MINE-03-ZONE-D,236.0,171.1,41.22,11.9,4.1,3.9,260.0
PROD-12555,2026-01-26,MINE-03,MINE-03-ZONE-E,236.0,217.4,41.7,14.9,1.1,3.9,260.0
PROD-12556,2026-01-26,MINE-04,MINE-04-ZONE-A,236.0,193.2,33.47,12.4,3.6,0.7,260.0
PROD-12557,2026-01-26,MINE-04,MINE-04-ZONE-B,236.0,201.7,35.85,13.6,2.4,0.7,260.0
PROD-12558,2026-01-26,MINE-04,MINE-04-ZONE-C,236.0,193.4,33.64,12.4,3.6,0.7,260.0
PROD-12559,2026-01-26,MINE-04,MINE-04-ZONE-D,236.0,194.7,42.89,12.4,3.6,0.7,260.0
PROD-12560,2026-01-26,MINE-04,MINE-04-ZONE-E,236.0,197.0,34.81,14.2,1.8,0.7,260.0
PROD-12561,2026-01-27,MINE-01,MINE-01-ZONE-A,240.0,210.6,38.08,14.0,2.0,2.1,260.0
PROD-12562,2026-01-27,MINE-01,MINE-01-ZONE-B,240.0,203.0,36.52,14.1,1.9,2.1,260.0
PROD-12563,2026-01-27,MINE-01,MINE-01-ZONE-C,240.0,160.8,40.06,11.7,4.3,2.1,260.0
PROD-12564,2026-01-27,MINE-01,MINE-01-ZONE-D,240.0,185.1,40.81,13.1,2.9,2.1,260.0
PROD-12565,2026-01-27,MINE-01,MINE-01-ZONE-E,240.0,223.4,35.51,15.4,0.6,2.1,260.0
PROD-12566,2026-01-27,MINE-02,MINE-02-ZONE-A,240.0,196.1,36.44,12.5,3.5,3.0,260.0
PROD-12567,2026-01-27,MINE-02,MINE-02-ZONE-B,240.0,222.3,37.62,14.4,1.6,3.0,260.0
PROD-12568,2026-01-27,MINE-02,MINE-02-ZONE-C,240.0,215.9,33.22,15.4,0.6,3.0,260.0
PROD-12569,2026-01-27,MINE-02,MINE-02-ZONE-D,240.0,190.5,38.0,13.7,2.3,3.0,260.0
PROD-12570,2026-01-27,MINE-02,MINE-02-ZONE-E,240.0,219.5,35.16,15.0,1.0,3.0,260.0
PROD-12571,2026-01-27,MINE-03,MINE-03-ZONE-A,240.0,193.1,39.69,12.9,3.1,2.3,260.0
PROD-12572,2026-01-27,MINE-03,MINE-03-ZONE-B,240.0,222.4,32.73,14.6,1.4,2.3,260.0
PROD-12573,2026-01-27,MINE-03,MINE-03-ZONE-C,240.0,219.5,43.74,15.1,0.9,2.3,260.0
PROD-12574,2026-01-27,MINE-03,MINE-03-ZONE-D,240.0,207.9,42.66,13.4,2.6,2.3,260.0
PROD-12575,2026-01-27,MINE-03,MINE-03-ZONE-E,240.0,200.2,35.62,14.3,1.7,2.3,260.0
PROD-12576,2026-01-27,MINE-04,MINE-04-ZONE-A,240.0,187.2,40.06,12.1,3.9,0.8,260.0
PROD-12577,2026-01-27,MINE-04,MINE-04-ZONE-B,240.0,199.4,34.07,14.0,2.0,0.8,260.0
PROD-12578,2026-01-27,MINE-04,MINE-04-ZONE-C,240.0,224.5,40.22,14.5,1.5,0.8,260.0
PROD-12579,2026-01-27,MINE-04,MINE-04-ZONE-D,240.0,197.4,37.41,13.9,2.1,0.8,260.0
PROD-12580,2026-01-27,MINE-04,MINE-04-ZONE-E,240.0,209.0,43.96,13.3,2.7,0.8,260.0
PROD-12581,2026-01-28,MINE-01,MINE-01-ZONE-A,244.0,206.3,33.63,13.7,2.3,0.7,260.0
PROD-12582,2026-01-28,MINE-01,MINE-01-ZONE-B,244.0,220.3,40.2,13.7,2.3,0.7,260.0
PROD-12583,2026-01-28,MINE-01,MINE-01-ZONE-C,244.0,240.1,42.32,14.9,1.1,0.7,260.0
PROD-12584,2026-01-28,MINE-01,MINE-01-ZONE-D,244.0,206.6,34.5,12.7,3.3,0.7,260.0
PROD-12585,2026-01-28,MINE-01,MINE-01-ZONE-E,244.0,215.0,37.71,13.3,2.7,0.7,260.0
PROD-12586,2026-01-28,MINE-02,MINE-02-ZONE-A,244.0,188.4,33.5,12.7,3.3,1.7,260.0
PROD-12587,2026-01-28,MINE-02,MINE-02-ZONE-B,244.0,178.5,38.05,11.9,4.1,1.7,260.0
PROD-12588,2026-01-28,MINE-02,MINE-02-ZONE-C,244.0,192.9,42.75,13.6,2.4,1.7,260.0
PROD-12589,2026-01-28,MINE-02,MINE-02-ZONE-D,244.0,201.6,38.2,12.7,3.3,1.7,260.0
PROD-12590,2026-01-28,MINE-02,MINE-02-ZONE-E,244.0,193.8,39.1,11.8,4.2,1.7,260.0
PROD-12591,2026-01-28,MINE-03,MINE-03-ZONE-A,244.0,208.9,36.02,14.6,1.4,0.7,260.0
PROD-12592,2026-01-28,MINE-03,MINE-03-ZONE-B,244.0,205.1,32.07,14.0,2.0,0.7,260.0
PROD-12593,2026-01-28,MINE-03,MINE-03-ZONE-C,244.0,192.8,43.32,12.3,3.7,0.7,260.0
PROD-12594,2026-01-28,MINE-03,MINE-03-ZONE-D,244.0,188.7,34.4,13.1,2.9,0.7,260.0
PROD-12595,2026-01-28,MINE-03,MINE-03-ZONE-E,244.0,197.5,42.86,13.8,2.2,0.7,260.0
PROD-12596,2026-01-28,MINE-04,MINE-04-ZONE-A,244.0,197.1,43.42,13.1,2.9,2.0,260.0
PROD-12597,2026-01-28,MINE-04,MINE-04-ZONE-B,244.0,182.4,40.18,12.4,3.6,2.0,260.0
PROD-12598,2026-01-28,MINE-04,MINE-04-ZONE-C,244.0,186.8,32.69,12.5,3.5,2.0,260.0
PROD-12599,2026-01-28,MINE-04,MINE-04-ZONE-D,244.0,209.0,37.56,13.6,2.4,2.0,260.0
PROD-12600,2026-01-28,MINE-04,MINE-04-ZONE-E,244.0,187.8,33.91,12.7,3.3,2.0,260.0
PROD-12601,2026-01-29,MINE-01,MINE-01-ZONE-A,288.0,219.9,42.35,12.1,3.9,0.8,260.0
PROD-12602,2026-01-29,MINE-01,MINE-01-ZONE-B,288.0,268.8,35.12,14.5,1.5,0.8,260.0
PROD-12603,2026-01-29,MINE-01,MINE-01-ZONE-C,288.0,216.6,42.32,12.1,3.9,0.8,260.0
PROD-12604,2026-01-29,MINE-01,MINE-01-ZONE-D,288.0,213.4,40.74,12.5,3.5,0.8,260.0
PROD-12605,2026-01-29,MINE-01,MINE-01-ZONE-E,288.0,271.9,34.11,14.8,1.2,0.8,260.0
PROD-12606,2026-01-29,MINE-02,MINE-02-ZONE-A,288.0,228.9,33.28,12.9,3.1,3.9,260.0
PROD-12607,2026-01-29,MINE-02,MINE-02-ZONE-B,288.0,269.3,36.45,15.2,0.8,3.9,260.0
PROD-12608,2026-01-29,MINE-02,MINE-02-ZONE-C,288.0,211.3,33.45,12.0,4.0,3.9,260.0
PROD-12609,2026-01-29,MINE-02,MINE-02-ZONE-D,288.0,237.8,32.69,13.5,2.5,3.9,260.0
PROD-12610,2026-01-29,MINE-02,MINE-02-ZONE-E,288.0,257.9,38.52,14.3,1.7,3.9,260.0
PROD-12611,2026-01-29,MINE-03,MINE-03-ZONE-A,288.0,262.7,38.63,15.0,1.0,0.4,260.0
PROD-12612,2026-01-29,MINE-03,MINE-03-ZONE-B,288.0,229.3,36.5,13.2,2.8,0.4,260.0
PROD-12613,2026-01-29,MINE-03,MINE-03-ZONE-C,288.0,220.4,43.46,11.7,4.3,0.4,260.0
PROD-12614,2026-01-29,MINE-03,MINE-03-ZONE-D,288.0,281.2,41.68,15.5,0.5,0.4,260.0
PROD-12615,2026-01-29,MINE-03,MINE-03-ZONE-E,288.0,278.0,40.96,14.8,1.2,0.4,260.0
PROD-12616,2026-01-29,MINE-04,MINE-04-ZONE-A,288.0,221.2,41.54,11.5,4.5,0.5,260.0
PROD-12617,2026-01-29,MINE-04,MINE-04-ZONE-B,288.0,291.7,42.69,15.4,0.6,0.5,260.0
PROD-12618,2026-01-29,MINE-04,MINE-04-ZONE-C,288.0,262.9,37.95,14.8,1.2,0.5,260.0
PROD-12619,2026-01-29,MINE-04,MINE-04-ZONE-D,288.0,270.9,32.3,15.2,0.8,0.5,260.0
PROD-12620,2026-01-29,MINE-04,MINE-04-ZONE-E,288.0,272.1,42.64,15.2,0.8,0.5,260.0
PROD-12621,2026-01-30,MINE-01,MINE-01-ZONE-A,292.0,270.9,43.97,15.4,0.6,1.9,260.0
PROD-12622,2026-01-30,MINE-01,MINE-01-ZONE-B,292.0,243.0,42.65,13.9,2.1,1.9,260.0
PROD-12623,2026-01-30,MINE-01,MINE-01-ZONE-C,292.0,272.9,32.13,15.3,0.7,1.9,260.0
PROD-12624,2026-01-30,MINE-01,MINE-01-ZONE-D,292.0,281.9,34.5,15.4,0.6,1.9,260.0
PROD-12625,2026-01-30,MINE-01,MINE-01-ZONE-E,292.0,249.2,35.05,13.8,2.2,1.9,260.0
PROD-12626,2026-01-30,MINE-02,MINE-02-ZONE-A,292.0,262.1,42.23,14.4,1.6,3.8,260.0
PROD-12627,2026-01-30,MINE-02,MINE-02-ZONE-B,292.0,214.7,38.76,12.0,4.0,3.8,260.0
PROD-12628,2026-01-30,MINE-02,MINE-02-ZONE-C,292.0,221.7,34.9,12.4,3.6,3.8,260.0
PROD-12629,2026-01-30,MINE-02,MINE-02-ZONE-D,292.0,241.2,43.49,13.3,2.7,3.8,260.0
PROD-12630,2026-01-30,MINE-02,MINE-02-ZONE-E,292.0,274.8,43.16,15.4,0.6,3.8,260.0
PROD-12631,2026-01-30,MINE-03,MINE-03-ZONE-A,292.0,253.7,36.2,14.5,1.5,0.8,260.0
PROD-12632,2026-01-30,MINE-03,MINE-03-ZONE-B,292.0,238.9,38.6,12.6,3.4,0.8,260.0
PROD-12633,2026-01-30,MINE-03,MINE-03-ZONE-C,292.0,278.0,40.86,15.1,0.9,0.8,260.0
PROD-12634,2026-01-30,MINE-03,MINE-03-ZONE-D,292.0,264.7,33.9,14.6,1.4,0.8,260.0
PROD-12635,2026-01-30,MINE-03,MINE-03-ZONE-E,292.0,218.0,42.33,12.5,3.5,0.8,260.0
PROD-12636,2026-01-30,MINE-04,MINE-04-ZONE-A,292.0,271.0,41.87,14.9,1.1,3.8,260.0
PROD-12637,2026-01-30,MINE-04,MINE-04-ZONE-B,292.0,268.0,35.58,14.6,1.4,3.8,260.0
PROD-12638,2026-01-30,MINE-04,MINE-04-ZONE-C,292.0,233.2,32.71,12.4,3.6,3.8,260.0
PROD-12639,2026-01-30,MINE-04,MINE-04-ZONE-D,292.0,226.7,37.43,12.2,3.8,3.8,260.0
PROD-12640,2026-01-30,MINE-04,MINE-04-ZONE-E,292.0,242.5,37.44,12.9,3.1,3.8,260.0
PROD-12641,2026-01-31,MINE-01,MINE-01-ZONE-A,296.0,276.2,36.27,14.8,1.2,2.4,260.0
PROD-12642,2026-01-31,MINE-01,MINE-01-ZONE-B,296.0,269.7,39.48,14.7,1.3,2.4,260.0
PROD-12643,2026-01-31,MINE-01,MINE-01-ZONE-C,296.0,235.0,37.43,13.0,3.0,2.4,260.0
PROD-12644,2026-01-31,MINE-01,MINE-01-ZONE-D,296.0,295.5,37.22,15.5,0.5,2.4,260.0
PROD-12645,2026-01-31,MINE-01,MINE-01-ZONE-E,296.0,221.6,37.94,12.2,3.8,2.4,260.0
PROD-12646,2026-01-31,MINE-02,MINE-02-ZONE-A,296.0,255.4,42.45,14.0,2.0,1.3,260.0
PROD-12647,2026-01-31,MINE-02,MINE-02-ZONE-B,296.0,274.1,39.98,14.8,1.2,1.3,260.0
PROD-12648,2026-01-31,MINE-02,MINE-02-ZONE-C,296.0,219.4,42.11,11.8,4.2,1.3,260.0
PROD-12649,2026-01-31,MINE-02,MINE-02-ZONE-D,296.0,259.1,34.23,14.8,1.2,1.3,260.0
PROD-12650,2026-01-31,MINE-02,MINE-02-ZONE-E,296.0,276.2,41.9,15.2,0.8,1.3,260.0
PROD-12651,2026-01-31,MINE-03,MINE-03-ZONE-A,296.0,272.1,39.44,14.3,1.7,2.4,260.0
PROD-12652,2026-01-31,MINE-03,MINE-03-ZONE-B,296.0,265.7,42.97,14.4,1.6,2.4,260.0
PROD-12653,2026-01-31,MINE-03,MINE-03-ZONE-C,296.0,232.6,33.88,13.2,2.8,2.4,260.0
PROD-12654,2026-01-31,MINE-03,MINE-03-ZONE-D,296.0,207.3,34.08,11.7,4.3,2.4,260.0
PROD-12655,2026-01-31,MINE-03,MINE-03-ZONE-E,296.0,207.2,32.81,11.7,4.3,2.4,260.0
PROD-12656,2026-01-31,MINE-04,MINE-04-ZONE-A,296.0,271.9,39.82,14.9,1.1,0.0,260.0
PROD-12657,2026-01-31,MINE-04,MINE-04-ZONE-B,296.0,273.3,32.71,14.2,1.8,0.0,260.0
PROD-12658,2026-01-31,MINE-04,MINE-04-ZONE-C,296.0,247.4,43.87,13.0,3.0,0.0,260.0
PROD-12659,2026-01-31,MINE-04,MINE-04-ZONE-D,296.0,275.3,40.2,14.4,1.6,0.0,260.0
PROD-12660,2026-01-31,MINE-04,MINE-04-ZONE-E,296.0,295.6,38.97,15.4,0.6,0.0,260.0
PROD-12661,2026-02-01,MINE-01,MINE-01-ZONE-A,216.0,172.1,35.42,12.2,3.8,3.7,260.0
PROD-12662,2026-02-01,MINE-01,MINE-01-ZONE-B,216.0,169.3,41.06,12.4,3.6,3.7,260.0
PROD-12663,2026-02-01,MINE-01,MINE-01-ZONE-C,216.0,204.8,35.53,14.5,1.5,3.7,260.0
PROD-12664,2026-02-01,MINE-01,MINE-01-ZONE-D,216.0,206.2,39.11,14.5,1.5,3.7,260.0
PROD-12665,2026-02-01,MINE-01,MINE-01-ZONE-E,216.0,209.6,32.32,15.0,1.0,3.7,260.0
PROD-12666,2026-02-01,MINE-02,MINE-02-ZONE-A,216.0,183.4,44.0,13.2,2.8,3.8,260.0
PROD-12667,2026-02-01,MINE-02,MINE-02-ZONE-B,216.0,183.6,43.59,14.6,1.4,3.8,260.0
PROD-12668,2026-02-01,MINE-02,MINE-02-ZONE-C,216.0,185.3,33.94,14.4,1.6,3.8,260.0
PROD-12669,2026-02-01,MINE-02,MINE-02-ZONE-D,216.0,174.5,36.0,13.2,2.8,3.8,260.0
PROD-12670,2026-02-01,MINE-02,MINE-02-ZONE-E,216.0,169.2,42.49,13.1,2.9,3.8,260.0
PROD-12671,2026-02-01,MINE-03,MINE-03-ZONE-A,216.0,164.4,32.68,13.1,2.9,2.7,260.0
PROD-12672,2026-02-01,MINE-03,MINE-03-ZONE-B,216.0,213.5,36.82,14.9,1.1,2.7,260.0
PROD-12673,2026-02-01,MINE-03,MINE-03-ZONE-C,216.0,202.3,39.06,15.2,0.8,2.7,260.0
PROD-12674,2026-02-01,MINE-03,MINE-03-ZONE-D,216.0,179.8,32.18,14.4,1.6,2.7,260.0
PROD-12675,2026-02-01,MINE-03,MINE-03-ZONE-E,216.0,206.4,35.22,14.8,1.2,2.7,260.0
PROD-12676,2026-02-01,MINE-04,MINE-04-ZONE-A,216.0,194.9,37.38,15.1,0.9,0.0,260.0
PROD-12677,2026-02-01,MINE-04,MINE-04-ZONE-B,216.0,184.4,39.03,13.0,3.0,0.0,260.0
PROD-12678,2026-02-01,MINE-04,MINE-04-ZONE-C,216.0,198.2,40.44,14.8,1.2,0.0,260.0
PROD-12679,2026-02-01,MINE-04,MINE-04-ZONE-D,216.0,200.0,40.67,15.1,0.9,0.0,260.0
PROD-12680,2026-02-01,MINE-04,MINE-04-ZONE-E,216.0,200.2,43.41,15.0,1.0,0.0,260.0
PROD-12681,2026-02-02,MINE-01,MINE-01-ZONE-A,220.0,175.1,42.24,13.6,2.4,2.5,260.0
PROD-12682,2026-02-02,MINE-01,MINE-01-ZONE-B,220.0,174.4,36.6,13.0,3.0,2.5,260.0
PROD-12683,2026-02-02,MINE-01,MINE-01-ZONE-C,220.0,151.7,32.3,11.9,4.1,2.5,260.0
PROD-12684,2026-02-02,MINE-01,MINE-01-ZONE-D,220.0,166.0,41.7,13.0,3.0,2.5,260.0
PROD-12685,2026-02-02,MINE-01,MINE-01-ZONE-E,220.0,184.4,39.12,14.6,1.4,2.5,260.0
PROD-12686,2026-02-02,MINE-02,MINE-02-ZONE-A,220.0,187.3,42.83,12.9,3.1,2.7,260.0
PROD-12687,2026-02-02,MINE-02,MINE-02-ZONE-B,220.0,182.8,32.73,14.2,1.8,2.7,260.0
PROD-12688,2026-02-02,MINE-02,MINE-02-ZONE-C,220.0,190.0,36.25,14.8,1.2,2.7,260.0
PROD-12689,2026-02-02,MINE-02,MINE-02-ZONE-D,220.0,194.1,32.12,14.6,1.4,2.7,260.0
PROD-12690,2026-02-02,MINE-02,MINE-02-ZONE-E,220.0,197.2,41.26,15.1,0.9,2.7,260.0
PROD-12691,2026-02-02,MINE-03,MINE-03-ZONE-A,220.0,209.8,35.59,15.1,0.9,3.2,260.0
PROD-12692,2026-02-02,MINE-03,MINE-03-ZONE-B,220.0,160.8,42.22,12.8,3.2,3.2,260.0
PROD-12693,2026-02-02,MINE-03,MINE-03-ZONE-C,220.0,187.9,39.65,13.6,2.4,3.2,260.0
PROD-12694,2026-02-02,MINE-03,MINE-03-ZONE-D,220.0,200.6,33.52,14.5,1.5,3.2,260.0
PROD-12695,2026-02-02,MINE-03,MINE-03-ZONE-E,220.0,165.5,33.58,12.7,3.3,3.2,260.0
PROD-12696,2026-02-02,MINE-04,MINE-04-ZONE-A,220.0,158.6,34.84,11.6,4.4,1.9,260.0
PROD-12697,2026-02-02,MINE-04,MINE-04-ZONE-B,220.0,170.6,40.1,12.2,3.8,1.9,260.0
PROD-12698,2026-02-02,MINE-04,MINE-04-ZONE-C,220.0,174.8,33.31,12.7,3.3,1.9,260.0
PROD-12699,2026-02-02,MINE-04,MINE-04-ZONE-D,220.0,215.2,32.09,14.8,1.2,1.9,260.0
PROD-12700,2026-02-02,MINE-04,MINE-04-ZONE-E,220.0,169.0,32.5,12.4,3.6,1.9,260.0
PROD-12701,2026-02-03,MINE-01,MINE-01-ZONE-A,264.0,218.2,38.89,13.5,2.5,1.5,260.0
PROD-12702,2026-02-03,MINE-01,MINE-01-ZONE-B,264.0,203.6,41.09,11.7,4.3,1.5,260.0
PROD-12703,2026-02-03,MINE-01,MINE-01-ZONE-C,264.0,229.8,37.16,13.1,2.9,1.5,260.0
PROD-12704,2026-02-03,MINE-01,MINE-01-ZONE-D,264.0,259.2,43.31,15.1,0.9,1.5,260.0
PROD-12705,2026-02-03,MINE-01,MINE-01-ZONE-E,264.0,242.1,38.51,14.8,1.2,1.5,260.0
PROD-12706,2026-02-03,MINE-02,MINE-02-ZONE-A,264.0,231.5,32.69,14.3,1.7,3.5,260.0
PROD-12707,2026-02-03,MINE-02,MINE-02-ZONE-B,264.0,222.9,41.43,13.4,2.6,3.5,260.0
PROD-12708,2026-02-03,MINE-02,MINE-02-ZONE-C,264.0,231.0,34.31,14.1,1.9,3.5,260.0
PROD-12709,2026-02-03,MINE-02,MINE-02-ZONE-D,264.0,194.2,41.3,12.5,3.5,3.5,260.0
PROD-12710,2026-02-03,MINE-02,MINE-02-ZONE-E,264.0,213.7,37.73,12.7,3.3,3.5,260.0
PROD-12711,2026-02-03,MINE-03,MINE-03-ZONE-A,264.0,218.1,40.88,13.9,2.1,2.0,260.0
PROD-12712,2026-02-03,MINE-03,MINE-03-ZONE-B,264.0,235.6,39.9,14.4,1.6,2.0,260.0
PROD-12713,2026-02-03,MINE-03,MINE-03-ZONE-C,264.0,199.2,43.09,12.4,3.6,2.0,260.0
PROD-12714,2026-02-03,MINE-03,MINE-03-ZONE-D,264.0,202.6,35.83,12.1,3.9,2.0,260.0
PROD-12715,2026-02-03,MINE-03,MINE-03-ZONE-E,264.0,238.2,36.7,14.0,2.0,2.0,260.0
PROD-12716,2026-02-03,MINE-04,MINE-04-ZONE-A,264.0,207.1,42.43,13.3,2.7,3.9,260.0
PROD-12717,2026-02-03,MINE-04,MINE-04-ZONE-B,264.0,240.9,34.2,15.5,0.5,3.9,260.0
PROD-12718,2026-02-03,MINE-04,MINE-04-ZONE-C,264.0,210.4,39.63,12.6,3.4,3.9,260.0
PROD-12719,2026-02-03,MINE-04,MINE-04-ZONE-D,264.0,252.8,35.6,14.8,1.2,3.9,260.0
PROD-12720,2026-02-03,MINE-04,MINE-04-ZONE-E,264.0,238.7,39.07,14.8,1.2,3.9,260.0
PROD-12721,2026-02-04,MINE-01,MINE-01-ZONE-A,268.0,231.9,32.15,14.5,1.5,1.9,260.0
PROD-12722,2026-02-04,MINE-01,MINE-01-ZONE-B,268.0,191.6,33.95,12.1,3.9,1.9,260.0
PROD-12723,2026-02-04,MINE-01,MINE-01-ZONE-C,268.0,184.1,38.84,11.8,4.2,1.9,260.0
PROD-12724,2026-02-04,MINE-01,MINE-01-ZONE-D,268.0,231.8,32.16,14.8,1.2,1.9,260.0
PROD-12725,2026-02-04,MINE-01,MINE-01-ZONE-E,268.0,209.0,34.04,12.7,3.3,1.9,260.0
PROD-12726,2026-02-04,MINE-02,MINE-02-ZONE-A,268.0,196.5,36.92,12.7,3.3,3.8,260.0
PROD-12727,2026-02-04,MINE-02,MINE-02-ZONE-B,268.0,269.2,42.7,15.5,0.5,3.8,260.0
PROD-12728,2026-02-04,MINE-02,MINE-02-ZONE-C,268.0,188.6,38.97,12.2,3.8,3.8,260.0
PROD-12729,2026-02-04,MINE-02,MINE-02-ZONE-D,268.0,219.1,37.73,13.8,2.2,3.8,260.0
PROD-12730,2026-02-04,MINE-02,MINE-02-ZONE-E,268.0,224.6,40.61,14.4,1.6,3.8,260.0
PROD-12731,2026-02-04,MINE-03,MINE-03-ZONE-A,268.0,204.2,41.12,13.0,3.0,0.1,260.0
PROD-12732,2026-02-04,MINE-03,MINE-03-ZONE-B,268.0,213.4,41.16,13.2,2.8,0.1,260.0
PROD-12733,2026-02-04,MINE-03,MINE-03-ZONE-C,268.0,213.0,33.92,13.3,2.7,0.1,260.0
PROD-12734,2026-02-04,MINE-03,MINE-03-ZONE-D,268.0,192.1,43.4,12.2,3.8,0.1,260.0
PROD-12735,2026-02-04,MINE-03,MINE-03-ZONE-E,268.0,255.0,40.34,14.6,1.4,0.1,260.0
PROD-12736,2026-02-04,MINE-04,MINE-04-ZONE-A,268.0,216.0,38.35,13.8,2.2,1.1,260.0
PROD-12737,2026-02-04,MINE-04,MINE-04-ZONE-B,268.0,233.5,35.84,13.7,2.3,1.1,260.0
PROD-12738,2026-02-04,MINE-04,MINE-04-ZONE-C,268.0,228.7,40.22,14.4,1.6,1.1,260.0
PROD-12739,2026-02-04,MINE-04,MINE-04-ZONE-D,268.0,240.6,37.69,13.8,2.2,1.1,260.0
PROD-12740,2026-02-04,MINE-04,MINE-04-ZONE-E,268.0,219.3,35.38,13.8,2.2,1.1,260.0
PROD-12741,2026-02-05,MINE-01,MINE-01-ZONE-A,272.0,220.5,36.25,12.7,3.3,2.7,260.0
PROD-12742,2026-02-05,MINE-01,MINE-01-ZONE-B,272.0,254.4,37.56,15.4,0.6,2.7,260.0
PROD-12743,2026-02-05,MINE-01,MINE-01-ZONE-C,272.0,245.6,37.34,14.7,1.3,2.7,260.0
PROD-12744,2026-02-05,MINE-01,MINE-01-ZONE-D,272.0,222.1,34.68,13.8,2.2,2.7,260.0
PROD-12745,2026-02-05,MINE-01,MINE-01-ZONE-E,272.0,269.1,42.63,15.1,0.9,2.7,260.0
PROD-12746,2026-02-05,MINE-02,MINE-02-ZONE-A,272.0,198.0,39.71,12.4,3.6,2.0,260.0
PROD-12747,2026-02-05,MINE-02,MINE-02-ZONE-B,272.0,200.6,40.55,12.3,3.7,2.0,260.0
PROD-12748,2026-02-05,MINE-02,MINE-02-ZONE-C,272.0,190.0,43.26,11.6,4.4,2.0,260.0
PROD-12749,2026-02-05,MINE-02,MINE-02-ZONE-D,272.0,209.6,35.31,12.6,3.4,2.0,260.0
PROD-12750,2026-02-05,MINE-02,MINE-02-ZONE-E,272.0,194.6,40.99,12.2,3.8,2.0,260.0
PROD-12751,2026-02-05,MINE-03,MINE-03-ZONE-A,272.0,230.2,39.9,13.7,2.3,2.3,260.0
PROD-12752,2026-02-05,MINE-03,MINE-03-ZONE-B,272.0,230.5,43.41,13.9,2.1,2.3,260.0
PROD-12753,2026-02-05,MINE-03,MINE-03-ZONE-C,272.0,208.5,37.06,11.9,4.1,2.3,260.0
PROD-12754,2026-02-05,MINE-03,MINE-03-ZONE-D,272.0,223.1,39.25,12.7,3.3,2.3,260.0
PROD-12755,2026-02-05,MINE-03,MINE-03-ZONE-E,272.0,264.1,41.83,14.8,1.2,2.3,260.0
PROD-12756,2026-02-05,MINE-04,MINE-04-ZONE-A,272.0,211.1,37.68,12.0,4.0,3.6,260.0
PROD-12757,2026-02-05,MINE-04,MINE-04-ZONE-B,272.0,191.5,38.61,12.1,3.9,3.6,260.0
PROD-12758,2026-02-05,MINE-04,MINE-04-ZONE-C,272.0,246.6,42.15,15.4,0.6,3.6,260.0
PROD-12759,2026-02-05,MINE-04,MINE-04-ZONE-D,272.0,220.6,34.07,13.0,3.0,3.6,260.0
PROD-12760,2026-02-05,MINE-04,MINE-04-ZONE-E,272.0,199.8,34.02,12.7,3.3,3.6,260.0
PROD-12761,2026-02-06,MINE-01,MINE-01-ZONE-A,276.0,225.7,35.2,13.3,2.7,3.1,260.0
PROD-12762,2026-02-06,MINE-01,MINE-01-ZONE-B,276.0,254.1,34.02,14.4,1.6,3.1,260.0
PROD-12763,2026-02-06,MINE-01,MINE-01-ZONE-C,276.0,243.9,36.02,14.4,1.6,3.1,260.0
PROD-12764,2026-02-06,MINE-01,MINE-01-ZONE-D,276.0,260.9,38.87,14.7,1.3,3.1,260.0
PROD-12765,2026-02-06,MINE-01,MINE-01-ZONE-E,276.0,242.0,32.13,13.7,2.3,3.1,260.0
PROD-12766,2026-02-06,MINE-02,MINE-02-ZONE-A,276.0,236.3,38.43,14.1,1.9,1.0,260.0
PROD-12767,2026-02-06,MINE-02,MINE-02-ZONE-B,276.0,211.3,41.13,12.5,3.5,1.0,260.0
PROD-12768,2026-02-06,MINE-02,MINE-02-ZONE-C,276.0,239.4,35.37,13.8,2.2,1.0,260.0
PROD-12769,2026-02-06,MINE-02,MINE-02-ZONE-D,276.0,224.8,37.21,13.6,2.4,1.0,260.0
PROD-12770,2026-02-06,MINE-02,MINE-02-ZONE-E,276.0,205.3,32.15,12.7,3.3,1.0,260.0
PROD-12771,2026-02-06,MINE-03,MINE-03-ZONE-A,276.0,203.2,34.73,11.7,4.3,2.4,260.0
PROD-12772,2026-02-06,MINE-03,MINE-03-ZONE-B,276.0,209.3,35.76,12.0,4.0,2.4,260.0
PROD-12773,2026-02-06,MINE-03,MINE-03-ZONE-C,276.0,207.1,33.1,12.5,3.5,2.4,260.0
PROD-12774,2026-02-06,MINE-03,MINE-03-ZONE-D,276.0,207.8,41.36,12.6,3.4,2.4,260.0
PROD-12775,2026-02-06,MINE-03,MINE-03-ZONE-E,276.0,234.4,32.39,13.1,2.9,2.4,260.0
PROD-12776,2026-02-06,MINE-04,MINE-04-ZONE-A,276.0,212.9,32.93,12.4,3.6,0.5,260.0
PROD-12777,2026-02-06,MINE-04,MINE-04-ZONE-B,276.0,207.0,37.86,12.8,3.2,0.5,260.0
PROD-12778,2026-02-06,MINE-04,MINE-04-ZONE-C,276.0,219.5,33.13,12.9,3.1,0.5,260.0
PROD-12779,2026-02-06,MINE-04,MINE-04-ZONE-D,276.0,251.6,42.88,14.6,1.4,0.5,260.0
PROD-12780,2026-02-06,MINE-04,MINE-04-ZONE-E,276.0,241.1,32.61,14.5,1.5,0.5,260.0
PROD-12781,2026-02-07,MINE-01,MINE-01-ZONE-A,280.0,207.2,41.03,12.6,3.4,1.2,260.0
PROD-12782,2026-02-07,MINE-01,MINE-01-ZONE-B,280.0,224.9,36.22,12.1,3.9,1.2,260.0
PROD-12783,2026-02-07,MINE-01,MINE-01-ZONE-C,280.0,252.5,42.19,13.8,2.2,1.2,260.0
PROD-12784,2026-02-07,MINE-01,MINE-01-ZONE-D,280.0,272.9,41.06,15.0,1.0,1.2,260.0
PROD-12785,2026-02-07,MINE-01,MINE-01-ZONE-E,280.0,255.1,42.82,13.9,2.1,1.2,260.0
PROD-12786,2026-02-07,MINE-02,MINE-02-ZONE-A,280.0,211.9,35.56,12.4,3.6,1.7,260.0
PROD-12787,2026-02-07,MINE-02,MINE-02-ZONE-B,280.0,221.7,41.8,12.7,3.3,1.7,260.0
PROD-12788,2026-02-07,MINE-02,MINE-02-ZONE-C,280.0,219.8,43.26,12.5,3.5,1.7,260.0
PROD-12789,2026-02-07,MINE-02,MINE-02-ZONE-D,280.0,258.7,40.35,14.9,1.1,1.7,260.0
PROD-12790,2026-02-07,MINE-02,MINE-02-ZONE-E,280.0,218.1,41.32,13.2,2.8,1.7,260.0
PROD-12791,2026-02-07,MINE-03,MINE-03-ZONE-A,280.0,236.1,37.45,14.3,1.7,0.5,260.0
PROD-12792,2026-02-07,MINE-03,MINE-03-ZONE-B,280.0,213.3,32.25,12.1,3.9,0.5,260.0
PROD-12793,2026-02-07,MINE-03,MINE-03-ZONE-C,280.0,198.6,41.03,11.6,4.4,0.5,260.0
PROD-12794,2026-02-07,MINE-03,MINE-03-ZONE-D,280.0,236.3,32.44,13.8,2.2,0.5,260.0
PROD-12795,2026-02-07,MINE-03,MINE-03-ZONE-E,280.0,220.2,42.98,12.7,3.3,0.5,260.0
PROD-12796,2026-02-07,MINE-04,MINE-04-ZONE-A,280.0,221.6,32.32,13.1,2.9,0.0,260.0
PROD-12797,2026-02-07,MINE-04,MINE-04-ZONE-B,280.0,236.2,34.53,13.6,2.4,0.0,260.0
PROD-12798,2026-02-07,MINE-04,MINE-04-ZONE-C,280.0,212.6,41.5,12.2,3.8,0.0,260.0
PROD-12799,2026-02-07,MINE-04,MINE-04-ZONE-D,280.0,209.7,33.63,11.9,4.1,0.0,260.0
PROD-12800,2026-02-07,MINE-04,MINE-04-ZONE-E,280.0,218.1,42.65,12.6,3.4,0.0,260.0
PROD-12801,2026-02-08,MINE-01,MINE-01-ZONE-A,240.0,205.5,35.37,13.6,2.4,1.2,260.0
PROD-12802,2026-02-08,MINE-01,MINE-01-ZONE-B,240.0,212.7,38.14,15.2,0.8,1.2,260.0
PROD-12803,2026-02-08,MINE-01,MINE-01-ZONE-C,240.0,202.0,35.95,13.5,2.5,1.2,260.0
PROD-12804,2026-02-08,MINE-01,MINE-01-ZONE-D,240.0,196.7,39.17,13.5,2.5,1.2,260.0
PROD-12805,2026-02-08,MINE-01,MINE-01-ZONE-E,240.0,179.0,41.02,12.2,3.8,1.2,260.0
PROD-12806,2026-02-08,MINE-02,MINE-02-ZONE-A,240.0,188.5,40.16,13.2,2.8,1.1,260.0
PROD-12807,2026-02-08,MINE-02,MINE-02-ZONE-B,240.0,221.7,39.42,14.8,1.2,1.1,260.0
PROD-12808,2026-02-08,MINE-02,MINE-02-ZONE-C,240.0,188.6,43.85,12.1,3.9,1.1,260.0
PROD-12809,2026-02-08,MINE-02,MINE-02-ZONE-D,240.0,240.6,41.59,15.4,0.6,1.1,260.0
PROD-12810,2026-02-08,MINE-02,MINE-02-ZONE-E,240.0,203.3,42.13,12.9,3.1,1.1,260.0
PROD-12811,2026-02-08,MINE-03,MINE-03-ZONE-A,240.0,197.1,33.67,13.0,3.0,0.1,260.0
PROD-12812,2026-02-08,MINE-03,MINE-03-ZONE-B,240.0,223.6,35.15,15.0,1.0,0.1,260.0
PROD-12813,2026-02-08,MINE-03,MINE-03-ZONE-C,240.0,179.1,40.4,12.1,3.9,0.1,260.0
PROD-12814,2026-02-08,MINE-03,MINE-03-ZONE-D,240.0,238.9,40.19,15.2,0.8,0.1,260.0
PROD-12815,2026-02-08,MINE-03,MINE-03-ZONE-E,240.0,202.7,34.47,13.7,2.3,0.1,260.0
PROD-12816,2026-02-08,MINE-04,MINE-04-ZONE-A,240.0,188.8,36.83,12.1,3.9,1.1,260.0
PROD-12817,2026-02-08,MINE-04,MINE-04-ZONE-B,240.0,234.2,40.11,14.8,1.2,1.1,260.0
PROD-12818,2026-02-08,MINE-04,MINE-04-ZONE-C,240.0,178.6,43.32,12.0,4.0,1.1,260.0
PROD-12819,2026-02-08,MINE-04,MINE-04-ZONE-D,240.0,187.7,42.04,13.2,2.8,1.1,260.0
PROD-12820,2026-02-08,MINE-04,MINE-04-ZONE-E,240.0,168.3,43.94,12.1,3.9,1.1,260.0
PROD-12821,2026-02-09,MINE-01,MINE-01-ZONE-A,244.0,198.5,37.89,12.2,3.8,0.9,260.0
PROD-12822,2026-02-09,MINE-01,MINE-01-ZONE-B,244.0,199.8,35.87,13.3,2.7,0.9,260.0
PROD-12823,2026-02-09,MINE-01,MINE-01-ZONE-C,244.0,173.6,41.65,12.0,4.0,0.9,260.0
PROD-12824,2026-02-09,MINE-01,MINE-01-ZONE-D,244.0,205.6,42.97,13.6,2.4,0.9,260.0
PROD-12825,2026-02-09,MINE-01,MINE-01-ZONE-E,244.0,233.4,41.97,15.5,0.5,0.9,260.0
PROD-12826,2026-02-09,MINE-02,MINE-02-ZONE-A,244.0,188.0,39.05,13.1,2.9,3.2,260.0
PROD-12827,2026-02-09,MINE-02,MINE-02-ZONE-B,244.0,216.2,40.35,14.9,1.1,3.2,260.0
PROD-12828,2026-02-09,MINE-02,MINE-02-ZONE-C,244.0,216.0,34.81,13.4,2.6,3.2,260.0
PROD-12829,2026-02-09,MINE-02,MINE-02-ZONE-D,244.0,186.5,34.85,12.0,4.0,3.2,260.0
PROD-12830,2026-02-09,MINE-02,MINE-02-ZONE-E,244.0,220.1,39.68,14.2,1.8,3.2,260.0
PROD-12831,2026-02-09,MINE-03,MINE-03-ZONE-A,244.0,179.9,36.31,12.7,3.3,3.7,260.0
PROD-12832,2026-02-09,MINE-03,MINE-03-ZONE-B,244.0,213.4,37.4,13.2,2.8,3.7,260.0
PROD-12833,2026-02-09,MINE-03,MINE-03-ZONE-C,244.0,176.4,32.76,11.5,4.5,3.7,260.0
PROD-12834,2026-02-09,MINE-03,MINE-03-ZONE-D,244.0,213.8,34.28,14.1,1.9,3.7,260.0
PROD-12835,2026-02-09,MINE-03,MINE-03-ZONE-E,244.0,226.0,38.37,14.0,2.0,3.7,260.0
PROD-12836,2026-02-09,MINE-04,MINE-04-ZONE-A,244.0,169.9,38.74,11.7,4.3,3.1,260.0
PROD-12837,2026-02-09,MINE-04,MINE-04-ZONE-B,244.0,210.7,39.9,13.4,2.6,3.1,260.0
PROD-12838,2026-02-09,MINE-04,MINE-04-ZONE-C,244.0,205.7,33.76,14.5,1.5,3.1,260.0
PROD-12839,2026-02-09,MINE-04,MINE-04-ZONE-D,244.0,186.6,40.88,12.0,4.0,3.1,260.0
PROD-12840,2026-02-09,MINE-04,MINE-04-ZONE-E,244.0,206.6,36.97,13.6,2.4,3.1,260.0
PROD-12841,2026-02-10,MINE-01,MINE-01-ZONE-A,248.0,220.0,36.64,13.5,2.5,3.3,260.0
PROD-12842,2026-02-10,MINE-01,MINE-01-ZONE-B,248.0,219.1,39.96,14.0,2.0,3.3,260.0
PROD-12843,2026-02-10,MINE-01,MINE-01-ZONE-C,248.0,191.7,39.74,12.8,3.2,3.3,260.0
PROD-12844,2026-02-10,MINE-01,MINE-01-ZONE-D,248.0,210.2,42.84,13.2,2.8,3.3,260.0
PROD-12845,2026-02-10,MINE-01,MINE-01-ZONE-E,248.0,231.2,42.21,15.3,0.7,3.3,260.0
PROD-12846,2026-02-10,MINE-02,MINE-02-ZONE-A,248.0,187.5,40.67,12.0,4.0,1.6,260.0
PROD-12847,2026-02-10,MINE-02,MINE-02-ZONE-B,248.0,240.3,38.13,14.9,1.1,1.6,260.0
PROD-12848,2026-02-10,MINE-02,MINE-02-ZONE-C,248.0,210.0,37.39,14.2,1.8,1.6,260.0
PROD-12849,2026-02-10,MINE-02,MINE-02-ZONE-D,248.0,235.3,43.24,15.3,0.7,1.6,260.0
PROD-12850,2026-02-10,MINE-02,MINE-02-ZONE-E,248.0,176.3,35.58,11.6,4.4,1.6,260.0
PROD-12851,2026-02-10,MINE-03,MINE-03-ZONE-A,248.0,197.8,32.37,13.7,2.3,1.6,260.0
PROD-12852,2026-02-10,MINE-03,MINE-03-ZONE-B,248.0,186.5,39.69,13.0,3.0,1.6,260.0
PROD-12853,2026-02-10,MINE-03,MINE-03-ZONE-C,248.0,195.9,37.45,12.0,4.0,1.6,260.0
PROD-12854,2026-02-10,MINE-03,MINE-03-ZONE-D,248.0,215.3,39.21,13.9,2.1,1.6,260.0
PROD-12855,2026-02-10,MINE-03,MINE-03-ZONE-E,248.0,203.1,42.44,13.8,2.2,1.6,260.0
PROD-12856,2026-02-10,MINE-04,MINE-04-ZONE-A,248.0,213.2,38.32,14.3,1.7,3.7,260.0
PROD-12857,2026-02-10,MINE-04,MINE-04-ZONE-B,248.0,177.5,42.21,12.5,3.5,3.7,260.0
PROD-12858,2026-02-10,MINE-04,MINE-04-ZONE-C,248.0,210.5,39.92,13.7,2.3,3.7,260.0
PROD-12859,2026-02-10,MINE-04,MINE-04-ZONE-D,248.0,191.3,34.21,11.6,4.4,3.7,260.0
PROD-12860,2026-02-10,MINE-04,MINE-04-ZONE-E,248.0,201.7,33.07,12.9,3.1,3.7,260.0
PROD-12861,2026-02-11,MINE-01,MINE-01-ZONE-A,252.0,201.6,43.24,13.8,2.2,1.3,260.0
PROD-12862,2026-02-11,MINE-01,MINE-01-ZONE-B,252.0,207.4,42.61,12.8,3.2,1.3,260.0
PROD-12863,2026-02-11,MINE-01,MINE-01-ZONE-C,252.0,207.9,41.6,14.0,2.0,1.3,260.0
PROD-12864,2026-02-11,MINE-01,MINE-01-ZONE-D,252.0,207.0,38.69,13.9,2.1,1.3,260.0
PROD-12865,2026-02-11,MINE-01,MINE-01-ZONE-E,252.0,220.4,34.88,13.4,2.6,1.3,260.0
PROD-12866,2026-02-11,MINE-02,MINE-02-ZONE-A,252.0,220.3,41.09,15.0,1.0,3.7,260.0
PROD-12867,2026-02-11,MINE-02,MINE-02-ZONE-B,252.0,243.2,34.34,14.8,1.2,3.7,260.0
PROD-12868,2026-02-11,MINE-02,MINE-02-ZONE-C,252.0,178.3,35.23,11.9,4.1,3.7,260.0
PROD-12869,2026-02-11,MINE-02,MINE-02-ZONE-D,252.0,224.0,39.56,14.2,1.8,3.7,260.0
PROD-12870,2026-02-11,MINE-02,MINE-02-ZONE-E,252.0,223.1,43.98,14.8,1.2,3.7,260.0
PROD-12871,2026-02-11,MINE-03,MINE-03-ZONE-A,252.0,211.8,42.8,12.8,3.2,1.8,260.0
PROD-12872,2026-02-11,MINE-03,MINE-03-ZONE-B,252.0,223.4,40.96,15.2,0.8,1.8,260.0
PROD-12873,2026-02-11,MINE-03,MINE-03-ZONE-C,252.0,205.6,33.71,12.3,3.7,1.8,260.0
PROD-12874,2026-02-11,MINE-03,MINE-03-ZONE-D,252.0,244.7,34.58,14.9,1.1,1.8,260.0
PROD-12875,2026-02-11,MINE-03,MINE-03-ZONE-E,252.0,207.8,43.27,13.1,2.9,1.8,260.0
PROD-12876,2026-02-11,MINE-04,MINE-04-ZONE-A,252.0,224.1,36.37,14.9,1.1,3.2,260.0
PROD-12877,2026-02-11,MINE-04,MINE-04-ZONE-B,252.0,243.3,35.2,15.5,0.5,3.2,260.0
PROD-12878,2026-02-11,MINE-04,MINE-04-ZONE-C,252.0,223.4,43.12,13.7,2.3,3.2,260.0
PROD-12879,2026-02-11,MINE-04,MINE-04-ZONE-D,252.0,242.0,39.79,15.3,0.7,3.2,260.0
PROD-12880,2026-02-11,MINE-04,MINE-04-ZONE-E,252.0,202.7,41.05,13.7,2.3,3.2,260.0
PROD-12881,2026-02-12,MINE-01,MINE-01-ZONE-A,256.0,224.2,42.13,14.5,1.5,3.4,260.0
PROD-12882,2026-02-12,MINE-01,MINE-01-ZONE-B,256.0,182.7,36.22,11.9,4.1,3.4,260.0
PROD-12883,2026-02-12,MINE-01,MINE-01-ZONE-C,256.0,239.1,35.07,14.6,1.4,3.4,260.0
PROD-12884,2026-02-12,MINE-01,MINE-01-ZONE-D,256.0,204.0,41.78,12.5,3.5,3.4,260.0
PROD-12885,2026-02-12,MINE-01,MINE-01-ZONE-E,256.0,203.2,35.34,12.3,3.7,3.4,260.0
PROD-12886,2026-02-12,MINE-02,MINE-02-ZONE-A,256.0,237.6,36.8,15.4,0.6,1.5,260.0
PROD-12887,2026-02-12,MINE-02,MINE-02-ZONE-B,256.0,212.5,42.79,12.7,3.3,1.5,260.0
PROD-12888,2026-02-12,MINE-02,MINE-02-ZONE-C,256.0,200.4,42.49,13.3,2.7,1.5,260.0
PROD-12889,2026-02-12,MINE-02,MINE-02-ZONE-D,256.0,225.2,34.99,13.2,2.8,1.5,260.0
PROD-12890,2026-02-12,MINE-02,MINE-02-ZONE-E,256.0,236.2,36.8,14.0,2.0,1.5,260.0
PROD-12891,2026-02-12,MINE-03,MINE-03-ZONE-A,256.0,229.2,33.53,14.9,1.1,0.2,260.0
PROD-12892,2026-02-12,MINE-03,MINE-03-ZONE-B,256.0,217.1,41.68,13.8,2.2,0.2,260.0
PROD-12893,2026-02-12,MINE-03,MINE-03-ZONE-C,256.0,213.2,38.35,13.1,2.9,0.2,260.0
PROD-12894,2026-02-12,MINE-03,MINE-03-ZONE-D,256.0,217.5,36.47,14.4,1.6,0.2,260.0
PROD-12895,2026-02-12,MINE-03,MINE-03-ZONE-E,256.0,238.2,43.61,14.3,1.7,0.2,260.0
PROD-12896,2026-02-12,MINE-04,MINE-04-ZONE-A,256.0,198.3,34.09,12.1,3.9,0.5,260.0
PROD-12897,2026-02-12,MINE-04,MINE-04-ZONE-B,256.0,213.2,34.23,12.5,3.5,0.5,260.0
PROD-12898,2026-02-12,MINE-04,MINE-04-ZONE-C,256.0,204.6,43.53,13.4,2.6,0.5,260.0
PROD-12899,2026-02-12,MINE-04,MINE-04-ZONE-D,256.0,199.7,36.61,13.2,2.8,0.5,260.0
PROD-12900,2026-02-12,MINE-04,MINE-04-ZONE-E,256.0,236.1,43.38,13.9,2.1,0.5,260.0
PROD-12901,2026-02-13,MINE-01,MINE-01-ZONE-A,300.0,244.3,34.27,13.2,2.8,0.6,260.0
PROD-12902,2026-02-13,MINE-01,MINE-01-ZONE-B,300.0,267.2,39.08,14.1,1.9,0.6,260.0
PROD-12903,2026-02-13,MINE-01,MINE-01-ZONE-C,300.0,225.7,41.85,11.9,4.1,0.6,260.0
PROD-12904,2026-02-13,MINE-01,MINE-01-ZONE-D,300.0,252.3,41.49,13.1,2.9,0.6,260.0
PROD-12905,2026-02-13,MINE-01,MINE-01-ZONE-E,300.0,228.3,35.85,12.6,3.4,0.6,260.0
PROD-12906,2026-02-13,MINE-02,MINE-02-ZONE-A,300.0,247.5,43.67,13.3,2.7,1.6,260.0
PROD-12907,2026-02-13,MINE-02,MINE-02-ZONE-B,300.0,247.1,37.95,13.3,2.7,1.6,260.0
PROD-12908,2026-02-13,MINE-02,MINE-02-ZONE-C,300.0,240.6,41.37,13.1,2.9,1.6,260.0
PROD-12909,2026-02-13,MINE-02,MINE-02-ZONE-D,300.0,277.9,35.06,15.5,0.5,1.6,260.0
PROD-12910,2026-02-13,MINE-02,MINE-02-ZONE-E,300.0,276.9,42.4,14.8,1.2,1.6,260.0
PROD-12911,2026-02-13,MINE-03,MINE-03-ZONE-A,300.0,272.7,34.96,14.5,1.5,3.0,260.0
PROD-12912,2026-02-13,MINE-03,MINE-03-ZONE-B,300.0,266.9,40.95,14.2,1.8,3.0,260.0
PROD-12913,2026-02-13,MINE-03,MINE-03-ZONE-C,300.0,218.5,33.86,11.6,4.4,3.0,260.0
PROD-12914,2026-02-13,MINE-03,MINE-03-ZONE-D,300.0,264.0,32.05,15.0,1.0,3.0,260.0
PROD-12915,2026-02-13,MINE-03,MINE-03-ZONE-E,300.0,276.4,39.83,15.2,0.8,3.0,260.0
PROD-12916,2026-02-13,MINE-04,MINE-04-ZONE-A,300.0,240.6,36.79,12.9,3.1,0.4,260.0
PROD-12917,2026-02-13,MINE-04,MINE-04-ZONE-B,300.0,233.3,43.33,12.1,3.9,0.4,260.0
PROD-12918,2026-02-13,MINE-04,MINE-04-ZONE-C,300.0,213.3,39.82,11.7,4.3,0.4,260.0
PROD-12919,2026-02-13,MINE-04,MINE-04-ZONE-D,300.0,259.4,35.41,14.6,1.4,0.4,260.0
PROD-12920,2026-02-13,MINE-04,MINE-04-ZONE-E,300.0,208.1,35.61,11.8,4.2,0.4,260.0
PROD-12921,2026-02-14,MINE-01,MINE-01-ZONE-A,304.0,290.9,38.9,15.4,0.6,2.5,260.0
PROD-12922,2026-02-14,MINE-01,MINE-01-ZONE-B,304.0,279.8,42.12,14.2,1.8,2.5,260.0
PROD-12923,2026-02-14,MINE-01,MINE-01-ZONE-C,304.0,242.5,39.35,13.6,2.4,2.5,260.0
PROD-12924,2026-02-14,MINE-01,MINE-01-ZONE-D,304.0,255.1,40.06,13.8,2.2,2.5,260.0
PROD-12925,2026-02-14,MINE-01,MINE-01-ZONE-E,304.0,276.9,40.01,14.3,1.7,2.5,260.0
PROD-12926,2026-02-14,MINE-02,MINE-02-ZONE-A,304.0,234.8,32.14,12.7,3.3,0.5,260.0
PROD-12927,2026-02-14,MINE-02,MINE-02-ZONE-B,304.0,252.9,33.82,13.0,3.0,0.5,260.0
PROD-12928,2026-02-14,MINE-02,MINE-02-ZONE-C,304.0,246.2,41.98,13.4,2.6,0.5,260.0
PROD-12929,2026-02-14,MINE-02,MINE-02-ZONE-D,304.0,305.1,43.92,15.4,0.6,0.5,260.0
PROD-12930,2026-02-14,MINE-02,MINE-02-ZONE-E,304.0,275.1,33.23,13.8,2.2,0.5,260.0
PROD-12931,2026-02-14,MINE-03,MINE-03-ZONE-A,304.0,222.5,39.45,11.7,4.3,2.3,260.0
PROD-12932,2026-02-14,MINE-03,MINE-03-ZONE-B,304.0,296.2,43.28,15.0,1.0,2.3,260.0
PROD-12933,2026-02-14,MINE-03,MINE-03-ZONE-C,304.0,231.6,43.67,12.2,3.8,2.3,260.0
PROD-12934,2026-02-14,MINE-03,MINE-03-ZONE-D,304.0,234.7,42.29,12.2,3.8,2.3,260.0
PROD-12935,2026-02-14,MINE-03,MINE-03-ZONE-E,304.0,251.2,32.05,13.9,2.1,2.3,260.0
PROD-12936,2026-02-14,MINE-04,MINE-04-ZONE-A,304.0,254.0,39.54,13.6,2.4,0.4,260.0
PROD-12937,2026-02-14,MINE-04,MINE-04-ZONE-B,304.0,297.6,36.91,15.5,0.5,0.4,260.0
PROD-12938,2026-02-14,MINE-04,MINE-04-ZONE-C,304.0,221.8,36.0,11.8,4.2,0.4,260.0
PROD-12939,2026-02-14,MINE-04,MINE-04-ZONE-D,304.0,265.8,39.82,13.6,2.4,0.4,260.0
PROD-12940,2026-02-14,MINE-04,MINE-04-ZONE-E,304.0,253.0,35.48,12.6,3.4,0.4,260.0
PROD-12941,2026-02-15,MINE-01,MINE-01-ZONE-A,224.0,162.3,41.54,12.1,3.9,2.8,260.0
PROD-12942,2026-02-15,MINE-01,MINE-01-ZONE-B,224.0,191.2,40.53,14.3,1.7,2.8,260.0
PROD-12943,2026-02-15,MINE-01,MINE-01-ZONE-C,224.0,211.1,39.88,14.2,1.8,2.8,260.0
PROD-12944,2026-02-15,MINE-01,MINE-01-ZONE-D,224.0,192.4,42.21,13.6,2.4,2.8,260.0
PROD-12945,2026-02-15,MINE-01,MINE-01-ZONE-E,224.0,196.2,37.88,15.1,0.9,2.8,260.0
PROD-12946,2026-02-15,MINE-02,MINE-02-ZONE-A,224.0,194.1,37.96,14.7,1.3,2.9,260.0
PROD-12947,2026-02-15,MINE-02,MINE-02-ZONE-B,224.0,147.9,37.03,11.6,4.4,2.9,260.0
PROD-12948,2026-02-15,MINE-02,MINE-02-ZONE-C,224.0,181.3,34.15,12.5,3.5,2.9,260.0
PROD-12949,2026-02-15,MINE-02,MINE-02-ZONE-D,224.0,218.2,42.0,15.3,0.7,2.9,260.0
PROD-12950,2026-02-15,MINE-02,MINE-02-ZONE-E,224.0,176.0,40.67,12.5,3.5,2.9,260.0
PROD-12951,2026-02-15,MINE-03,MINE-03-ZONE-A,224.0,182.3,34.32,13.1,2.9,2.8,260.0
PROD-12952,2026-02-15,MINE-03,MINE-03-ZONE-B,224.0,180.9,40.78,13.7,2.3,2.8,260.0
PROD-12953,2026-02-15,MINE-03,MINE-03-ZONE-C,224.0,181.3,35.73,12.3,3.7,2.8,260.0
PROD-12954,2026-02-15,MINE-03,MINE-03-ZONE-D,224.0,161.6,39.31,12.1,3.9,2.8,260.0
PROD-12955,2026-02-15,MINE-03,MINE-03-ZONE-E,224.0,171.9,32.31,12.4,3.6,2.8,260.0
PROD-12956,2026-02-15,MINE-04,MINE-04-ZONE-A,224.0,174.9,42.39,12.5,3.5,2.1,260.0
PROD-12957,2026-02-15,MINE-04,MINE-04-ZONE-B,224.0,167.0,32.79,12.4,3.6,2.1,260.0
PROD-12958,2026-02-15,MINE-04,MINE-04-ZONE-C,224.0,146.5,42.04,11.6,4.4,2.1,260.0
PROD-12959,2026-02-15,MINE-04,MINE-04-ZONE-D,224.0,179.3,41.08,13.8,2.2,2.1,260.0
PROD-12960,2026-02-15,MINE-04,MINE-04-ZONE-E,224.0,210.6,32.41,15.2,0.8,2.1,260.0
PROD-12961,2026-02-16,MINE-01,MINE-01-ZONE-A,228.0,168.2,41.37,11.8,4.2,3.3,260.0
PROD-12962,2026-02-16,MINE-01,MINE-01-ZONE-B,228.0,198.4,34.87,14.1,1.9,3.3,260.0
PROD-12963,2026-02-16,MINE-01,MINE-01-ZONE-C,228.0,192.9,39.12,12.9,3.1,3.3,260.0
PROD-12964,2026-02-16,MINE-01,MINE-01-ZONE-D,228.0,210.0,34.31,15.2,0.8,3.3,260.0
PROD-12965,2026-02-16,MINE-01,MINE-01-ZONE-E,228.0,207.7,32.88,14.5,1.5,3.3,260.0
PROD-12966,2026-02-16,MINE-02,MINE-02-ZONE-A,228.0,174.2,36.13,12.3,3.7,2.6,260.0
PROD-12967,2026-02-16,MINE-02,MINE-02-ZONE-B,228.0,175.4,40.84,13.3,2.7,2.6,260.0
PROD-12968,2026-02-16,MINE-02,MINE-02-ZONE-C,228.0,225.4,37.42,15.1,0.9,2.6,260.0
PROD-12969,2026-02-16,MINE-02,MINE-02-ZONE-D,228.0,212.6,36.71,14.4,1.6,2.6,260.0
PROD-12970,2026-02-16,MINE-02,MINE-02-ZONE-E,228.0,201.0,33.4,14.0,2.0,2.6,260.0
PROD-12971,2026-02-16,MINE-03,MINE-03-ZONE-A,228.0,202.5,41.86,13.9,2.1,0.0,260.0
PROD-12972,2026-02-16,MINE-03,MINE-03-ZONE-B,228.0,214.4,39.05,15.5,0.5,0.0,260.0
PROD-12973,2026-02-16,MINE-03,MINE-03-ZONE-C,228.0,178.6,40.6,11.9,4.1,0.0,260.0
PROD-12974,2026-02-16,MINE-03,MINE-03-ZONE-D,228.0,196.7,38.47,14.2,1.8,0.0,260.0
PROD-12975,2026-02-16,MINE-03,MINE-03-ZONE-E,228.0,180.1,34.98,11.6,4.4,0.0,260.0
PROD-12976,2026-02-16,MINE-04,MINE-04-ZONE-A,228.0,173.3,33.8,11.8,4.2,2.3,260.0
PROD-12977,2026-02-16,MINE-04,MINE-04-ZONE-B,228.0,216.3,40.17,15.2,0.8,2.3,260.0
PROD-12978,2026-02-16,MINE-04,MINE-04-ZONE-C,228.0,182.2,33.92,13.1,2.9,2.3,260.0
PROD-12979,2026-02-16,MINE-04,MINE-04-ZONE-D,228.0,172.5,34.86,11.7,4.3,2.3,260.0
PROD-12980,2026-02-16,MINE-04,MINE-04-ZONE-E,228.0,207.7,38.66,14.0,2.0,2.3,260.0
PROD-12981,2026-02-17,MINE-01,MINE-01-ZONE-A,232.0,177.3,43.67,12.8,3.2,3.0,260.0
PROD-12982,2026-02-17,MINE-01,MINE-01-ZONE-B,232.0,184.4,38.41,12.5,3.5,3.0,260.0
PROD-12983,2026-02-17,MINE-01,MINE-01-ZONE-C,232.0,219.5,33.89,15.5,0.5,3.0,260.0
PROD-12984,2026-02-17,MINE-01,MINE-01-ZONE-D,232.0,170.2,42.82,12.7,3.3,3.0,260.0
PROD-12985,2026-02-17,MINE-01,MINE-01-ZONE-E,232.0,205.0,39.2,14.4,1.6,3.0,260.0
PROD-12986,2026-02-17,MINE-02,MINE-02-ZONE-A,232.0,178.6,36.11,12.0,4.0,3.9,260.0
PROD-12987,2026-02-17,MINE-02,MINE-02-ZONE-B,232.0,188.8,43.19,13.8,2.2,3.9,260.0
PROD-12988,2026-02-17,MINE-02,MINE-02-ZONE-C,232.0,186.8,35.16,13.1,2.9,3.9,260.0
PROD-12989,2026-02-17,MINE-02,MINE-02-ZONE-D,232.0,232.9,42.8,15.4,0.6,3.9,260.0
PROD-12990,2026-02-17,MINE-02,MINE-02-ZONE-E,232.0,189.3,37.85,12.5,3.5,3.9,260.0
PROD-12991,2026-02-17,MINE-03,MINE-03-ZONE-A,232.0,209.1,38.7,13.5,2.5,1.0,260.0
PROD-12992,2026-02-17,MINE-03,MINE-03-ZONE-B,232.0,152.5,34.02,11.5,4.5,1.0,260.0
PROD-12993,2026-02-17,MINE-03,MINE-03-ZONE-C,232.0,174.2,39.19,11.6,4.4,1.0,260.0
PROD-12994,2026-02-17,MINE-03,MINE-03-ZONE-D,232.0,189.2,40.67,13.0,3.0,1.0,260.0
PROD-12995,2026-02-17,MINE-03,MINE-03-ZONE-E,232.0,195.2,35.39,12.7,3.3,1.0,260.0
PROD-12996,2026-02-17,MINE-04,MINE-04-ZONE-A,232.0,198.7,40.17,14.6,1.4,1.2,260.0
PROD-12997,2026-02-17,MINE-04,MINE-04-ZONE-B,232.0,181.3,36.54,11.9,4.1,1.2,260.0
PROD-12998,2026-02-17,MINE-04,MINE-04-ZONE-C,232.0,219.3,38.64,15.1,0.9,1.2,260.0
PROD-12999,2026-02-17,MINE-04,MINE-04-ZONE-D,232.0,187.4,41.6,13.3,2.7,1.2,260.0
PROD-13000,2026-02-17,MINE-04,MINE-04-ZONE-E,232.0,214.2,33.34,14.5,1.5,1.2,260.0
PROD-13001,2026-02-18,MINE-01,MINE-01-ZONE-A,276.0,207.6,43.93,12.9,3.1,1.3,260.0
PROD-13002,2026-02-18,MINE-01,MINE-01-ZONE-B,276.0,216.5,33.91,12.3,3.7,1.3,260.0
PROD-13003,2026-02-18,MINE-01,MINE-01-ZONE-C,276.0,256.4,42.86,15.4,0.6,1.3,260.0
PROD-13004,2026-02-18,MINE-01,MINE-01-ZONE-D,276.0,219.2,43.42,12.8,3.2,1.3,260.0
PROD-13005,2026-02-18,MINE-01,MINE-01-ZONE-E,276.0,233.9,37.76,14.0,2.0,1.3,260.0
PROD-13006,2026-02-18,MINE-02,MINE-02-ZONE-A,276.0,226.5,42.36,12.7,3.3,2.0,260.0
PROD-13007,2026-02-18,MINE-02,MINE-02-ZONE-B,276.0,224.8,33.65,12.8,3.2,2.0,260.0
PROD-13008,2026-02-18,MINE-02,MINE-02-ZONE-C,276.0,212.1,37.33,12.9,3.1,2.0,260.0
PROD-13009,2026-02-18,MINE-02,MINE-02-ZONE-D,276.0,257.3,32.88,15.2,0.8,2.0,260.0
PROD-13010,2026-02-18,MINE-02,MINE-02-ZONE-E,276.0,218.1,34.93,13.0,3.0,2.0,260.0
PROD-13011,2026-02-18,MINE-03,MINE-03-ZONE-A,276.0,259.6,37.83,14.4,1.6,0.1,260.0
PROD-13012,2026-02-18,MINE-03,MINE-03-ZONE-B,276.0,238.7,42.47,14.0,2.0,0.1,260.0
PROD-13013,2026-02-18,MINE-03,MINE-03-ZONE-C,276.0,250.0,41.11,14.8,1.2,0.1,260.0
PROD-13014,2026-02-18,MINE-03,MINE-03-ZONE-D,276.0,226.5,34.79,14.0,2.0,0.1,260.0
PROD-13015,2026-02-18,MINE-03,MINE-03-ZONE-E,276.0,273.0,32.88,15.4,0.6,0.1,260.0
PROD-13016,2026-02-18,MINE-04,MINE-04-ZONE-A,276.0,216.3,36.49,13.4,2.6,0.5,260.0
PROD-13017,2026-02-18,MINE-04,MINE-04-ZONE-B,276.0,222.4,32.07,12.2,3.8,0.5,260.0
PROD-13018,2026-02-18,MINE-04,MINE-04-ZONE-C,276.0,205.5,32.58,11.9,4.1,0.5,260.0
PROD-13019,2026-02-18,MINE-04,MINE-04-ZONE-D,276.0,189.8,34.84,11.8,4.2,0.5,260.0
PROD-13020,2026-02-18,MINE-04,MINE-04-ZONE-E,276.0,231.6,41.95,13.9,2.1,0.5,260.0
PROD-13021,2026-02-19,MINE-01,MINE-01-ZONE-A,280.0,231.7,38.37,14.0,2.0,2.9,260.0
PROD-13022,2026-02-19,MINE-01,MINE-01-ZONE-B,280.0,228.2,37.15,12.9,3.1,2.9,260.0
PROD-13023,2026-02-19,MINE-01,MINE-01-ZONE-C,280.0,215.4,39.05,12.2,3.8,2.9,260.0
PROD-13024,2026-02-19,MINE-01,MINE-01-ZONE-D,280.0,260.4,32.53,15.5,0.5,2.9,260.0
PROD-13025,2026-02-19,MINE-01,MINE-01-ZONE-E,280.0,250.2,41.67,15.0,1.0,2.9,260.0
PROD-13026,2026-02-19,MINE-02,MINE-02-ZONE-A,280.0,239.4,36.38,14.6,1.4,2.6,260.0
PROD-13027,2026-02-19,MINE-02,MINE-02-ZONE-B,280.0,260.3,33.9,15.4,0.6,2.6,260.0
PROD-13028,2026-02-19,MINE-02,MINE-02-ZONE-C,280.0,268.5,41.08,14.7,1.3,2.6,260.0
PROD-13029,2026-02-19,MINE-02,MINE-02-ZONE-D,280.0,235.1,36.4,13.2,2.8,2.6,260.0
PROD-13030,2026-02-19,MINE-02,MINE-02-ZONE-E,280.0,212.3,41.89,12.1,3.9,2.6,260.0
PROD-13031,2026-02-19,MINE-03,MINE-03-ZONE-A,280.0,187.6,39.48,11.6,4.4,2.7,260.0
PROD-13032,2026-02-19,MINE-03,MINE-03-ZONE-B,280.0,218.9,42.36,13.4,2.6,2.7,260.0
PROD-13033,2026-02-19,MINE-03,MINE-03-ZONE-C,280.0,248.6,43.37,13.6,2.4,2.7,260.0
PROD-13034,2026-02-19,MINE-03,MINE-03-ZONE-D,280.0,209.7,35.09,11.8,4.2,2.7,260.0
PROD-13035,2026-02-19,MINE-03,MINE-03-ZONE-E,280.0,253.9,43.42,14.4,1.6,2.7,260.0
PROD-13036,2026-02-19,MINE-04,MINE-04-ZONE-A,280.0,259.3,38.68,15.3,0.7,2.5,260.0
PROD-13037,2026-02-19,MINE-04,MINE-04-ZONE-B,280.0,233.3,43.11,13.1,2.9,2.5,260.0
PROD-13038,2026-02-19,MINE-04,MINE-04-ZONE-C,280.0,241.3,38.69,14.6,1.4,2.5,260.0
PROD-13039,2026-02-19,MINE-04,MINE-04-ZONE-D,280.0,214.4,38.58,13.0,3.0,2.5,260.0
PROD-13040,2026-02-19,MINE-04,MINE-04-ZONE-E,280.0,245.3,38.35,13.9,2.1,2.5,260.0
PROD-13041,2026-02-20,MINE-01,MINE-01-ZONE-A,284.0,263.5,35.4,14.4,1.6,2.9,260.0
PROD-13042,2026-02-20,MINE-01,MINE-01-ZONE-B,284.0,264.3,33.88,14.2,1.8,2.9,260.0
PROD-13043,2026-02-20,MINE-01,MINE-01-ZONE-C,284.0,269.2,36.45,14.8,1.2,2.9,260.0
PROD-13044,2026-02-20,MINE-01,MINE-01-ZONE-D,284.0,267.4,32.63,15.0,1.0,2.9,260.0
PROD-13045,2026-02-20,MINE-01,MINE-01-ZONE-E,284.0,219.9,34.82,12.7,3.3,2.9,260.0
PROD-13046,2026-02-20,MINE-02,MINE-02-ZONE-A,284.0,205.9,37.04,12.3,3.7,0.7,260.0
PROD-13047,2026-02-20,MINE-02,MINE-02-ZONE-B,284.0,265.2,32.37,14.9,1.1,0.7,260.0
PROD-13048,2026-02-20,MINE-02,MINE-02-ZONE-C,284.0,273.0,39.68,15.5,0.5,0.7,260.0
PROD-13049,2026-02-20,MINE-02,MINE-02-ZONE-D,284.0,233.5,36.87,12.5,3.5,0.7,260.0
PROD-13050,2026-02-20,MINE-02,MINE-02-ZONE-E,284.0,261.3,43.93,15.0,1.0,0.7,260.0
PROD-13051,2026-02-20,MINE-03,MINE-03-ZONE-A,284.0,243.3,32.85,14.0,2.0,1.5,260.0
PROD-13052,2026-02-20,MINE-03,MINE-03-ZONE-B,284.0,212.2,32.81,11.7,4.3,1.5,260.0
PROD-13053,2026-02-20,MINE-03,MINE-03-ZONE-C,284.0,264.8,43.41,14.6,1.4,1.5,260.0
PROD-13054,2026-02-20,MINE-03,MINE-03-ZONE-D,284.0,253.1,35.79,13.8,2.2,1.5,260.0
PROD-13055,2026-02-20,MINE-03,MINE-03-ZONE-E,284.0,271.1,38.86,15.3,0.7,1.5,260.0
PROD-13056,2026-02-20,MINE-04,MINE-04-ZONE-A,284.0,237.3,35.63,14.0,2.0,2.1,260.0
PROD-13057,2026-02-20,MINE-04,MINE-04-ZONE-B,284.0,262.0,35.69,14.7,1.3,2.1,260.0
PROD-13058,2026-02-20,MINE-04,MINE-04-ZONE-C,284.0,219.5,36.5,13.2,2.8,2.1,260.0
PROD-13059,2026-02-20,MINE-04,MINE-04-ZONE-D,284.0,261.3,34.57,14.4,1.6,2.1,260.0
PROD-13060,2026-02-20,MINE-04,MINE-04-ZONE-E,284.0,220.4,43.27,12.8,3.2,2.1,260.0
PROD-13061,2026-02-21,MINE-01,MINE-01-ZONE-A,288.0,214.7,35.83,11.8,4.2,0.4,260.0
PROD-13062,2026-02-21,MINE-01,MINE-01-ZONE-B,288.0,248.5,40.82,13.7,2.3,0.4,260.0
PROD-13063,2026-02-21,MINE-01,MINE-01-ZONE-C,288.0,237.7,39.65,12.5,3.5,0.4,260.0
PROD-13064,2026-02-21,MINE-01,MINE-01-ZONE-D,288.0,239.0,40.92,13.4,2.6,0.4,260.0
PROD-13065,2026-02-21,MINE-01,MINE-01-ZONE-E,288.0,263.6,38.97,14.3,1.7,0.4,260.0
PROD-13066,2026-02-21,MINE-02,MINE-02-ZONE-A,288.0,242.7,33.48,13.8,2.2,3.2,260.0
PROD-13067,2026-02-21,MINE-02,MINE-02-ZONE-B,288.0,271.7,40.56,14.6,1.4,3.2,260.0
PROD-13068,2026-02-21,MINE-02,MINE-02-ZONE-C,288.0,244.5,38.71,13.5,2.5,3.2,260.0
PROD-13069,2026-02-21,MINE-02,MINE-02-ZONE-D,288.0,261.4,36.49,13.9,2.1,3.2,260.0
PROD-13070,2026-02-21,MINE-02,MINE-02-ZONE-E,288.0,250.6,43.65,13.6,2.4,3.2,260.0
PROD-13071,2026-02-21,MINE-03,MINE-03-ZONE-A,288.0,212.3,42.17,11.5,4.5,0.9,260.0
PROD-13072,2026-02-21,MINE-03,MINE-03-ZONE-B,288.0,208.5,35.18,12.3,3.7,0.9,260.0
PROD-13073,2026-02-21,MINE-03,MINE-03-ZONE-C,288.0,226.4,33.2,12.1,3.9,0.9,260.0
PROD-13074,2026-02-21,MINE-03,MINE-03-ZONE-D,288.0,251.4,36.32,14.8,1.2,0.9,260.0
PROD-13075,2026-02-21,MINE-03,MINE-03-ZONE-E,288.0,233.9,42.2,13.5,2.5,0.9,260.0
PROD-13076,2026-02-21,MINE-04,MINE-04-ZONE-A,288.0,272.7,40.38,14.9,1.1,2.1,260.0
PROD-13077,2026-02-21,MINE-04,MINE-04-ZONE-B,288.0,266.6,34.52,14.6,1.4,2.1,260.0
PROD-13078,2026-02-21,MINE-04,MINE-04-ZONE-C,288.0,202.8,35.11,11.5,4.5,2.1,260.0
PROD-13079,2026-02-21,MINE-04,MINE-04-ZONE-D,288.0,266.5,33.6,14.8,1.2,2.1,260.0
PROD-13080,2026-02-21,MINE-04,MINE-04-ZONE-E,288.0,249.3,36.74,14.5,1.5,2.1,260.0
PROD-13081,2026-02-22,MINE-01,MINE-01-ZONE-A,208.0,173.6,36.51,12.3,3.7,0.4,260.0
PROD-13082,2026-02-22,MINE-01,MINE-01-ZONE-B,208.0,161.7,35.1,12.1,3.9,0.4,260.0
PROD-13083,2026-02-22,MINE-01,MINE-01-ZONE-C,208.0,190.4,39.46,13.7,2.3,0.4,260.0
PROD-13084,2026-02-22,MINE-01,MINE-01-ZONE-D,208.0,156.6,38.42,12.7,3.3,0.4,260.0
PROD-13085,2026-02-22,MINE-01,MINE-01-ZONE-E,208.0,172.3,33.64,14.1,1.9,0.4,260.0
PROD-13086,2026-02-22,MINE-02,MINE-02-ZONE-A,208.0,151.5,33.13,12.8,3.2,1.1,260.0
PROD-13087,2026-02-22,MINE-02,MINE-02-ZONE-B,208.0,149.6,37.08,12.7,3.3,1.1,260.0
PROD-13088,2026-02-22,MINE-02,MINE-02-ZONE-C,208.0,198.3,34.1,14.7,1.3,1.1,260.0
PROD-13089,2026-02-22,MINE-02,MINE-02-ZONE-D,208.0,175.7,43.54,14.4,1.6,1.1,260.0
PROD-13090,2026-02-22,MINE-02,MINE-02-ZONE-E,208.0,162.0,39.09,13.5,2.5,1.1,260.0
PROD-13091,2026-02-22,MINE-03,MINE-03-ZONE-A,208.0,195.2,41.6,14.9,1.1,3.0,260.0
PROD-13092,2026-02-22,MINE-03,MINE-03-ZONE-B,208.0,184.8,42.34,13.6,2.4,3.0,260.0
PROD-13093,2026-02-22,MINE-03,MINE-03-ZONE-C,208.0,176.0,36.11,14.2,1.8,3.0,260.0
PROD-13094,2026-02-22,MINE-03,MINE-03-ZONE-D,208.0,140.0,43.11,11.9,4.1,3.0,260.0
PROD-13095,2026-02-22,MINE-03,MINE-03-ZONE-E,208.0,185.0,39.31,14.2,1.8,3.0,260.0
PROD-13096,2026-02-22,MINE-04,MINE-04-ZONE-A,208.0,197.2,34.65,15.2,0.8,3.2,260.0
PROD-13097,2026-02-22,MINE-04,MINE-04-ZONE-B,208.0,204.8,36.72,15.4,0.6,3.2,260.0
PROD-13098,2026-02-22,MINE-04,MINE-04-ZONE-C,208.0,177.8,40.08,14.4,1.6,3.2,260.0
PROD-13099,2026-02-22,MINE-04,MINE-04-ZONE-D,208.0,198.3,43.91,14.8,1.2,3.2,260.0
PROD-13100,2026-02-22,MINE-04,MINE-04-ZONE-E,208.0,151.7,33.54,12.6,3.4,3.2,260.0
PROD-13101,2026-02-23,MINE-01,MINE-01-ZONE-A,252.0,213.2,34.45,13.7,2.3,2.4,260.0
PROD-13102,2026-02-23,MINE-01,MINE-01-ZONE-B,252.0,249.3,38.07,15.2,0.8,2.4,260.0
PROD-13103,2026-02-23,MINE-01,MINE-01-ZONE-C,252.0,196.6,36.82,11.7,4.3,2.4,260.0
PROD-13104,2026-02-23,MINE-01,MINE-01-ZONE-D,252.0,222.9,43.11,14.3,1.7,2.4,260.0
PROD-13105,2026-02-23,MINE-01,MINE-01-ZONE-E,252.0,205.4,36.34,13.7,2.3,2.4,260.0
PROD-13106,2026-02-23,MINE-02,MINE-02-ZONE-A,252.0,235.5,36.02,14.5,1.5,2.6,260.0
PROD-13107,2026-02-23,MINE-02,MINE-02-ZONE-B,252.0,225.6,41.55,14.2,1.8,2.6,260.0
PROD-13108,2026-02-23,MINE-02,MINE-02-ZONE-C,252.0,228.0,40.74,15.0,1.0,2.6,260.0
PROD-13109,2026-02-23,MINE-02,MINE-02-ZONE-D,252.0,238.3,40.5,15.3,0.7,2.6,260.0
PROD-13110,2026-02-23,MINE-02,MINE-02-ZONE-E,252.0,185.9,37.95,12.6,3.4,2.6,260.0
PROD-13111,2026-02-23,MINE-03,MINE-03-ZONE-A,252.0,244.3,37.21,15.4,0.6,3.7,260.0
PROD-13112,2026-02-23,MINE-03,MINE-03-ZONE-B,252.0,189.1,34.0,12.4,3.6,3.7,260.0
PROD-13113,2026-02-23,MINE-03,MINE-03-ZONE-C,252.0,202.5,38.83,13.7,2.3,3.7,260.0
PROD-13114,2026-02-23,MINE-03,MINE-03-ZONE-D,252.0,254.2,41.96,15.5,0.5,3.7,260.0
PROD-13115,2026-02-23,MINE-03,MINE-03-ZONE-E,252.0,226.1,40.48,15.4,0.6,3.7,260.0
PROD-13116,2026-02-23,MINE-04,MINE-04-ZONE-A,252.0,229.9,43.79,14.7,1.3,2.7,260.0
PROD-13117,2026-02-23,MINE-04,MINE-04-ZONE-B,252.0,211.9,43.33,13.0,3.0,2.7,260.0
PROD-13118,2026-02-23,MINE-04,MINE-04-ZONE-C,252.0,196.3,43.35,12.0,4.0,2.7,260.0
PROD-13119,2026-02-23,MINE-04,MINE-04-ZONE-D,252.0,190.3,37.37,12.6,3.4,2.7,260.0
PROD-13120,2026-02-23,MINE-04,MINE-04-ZONE-E,252.0,221.4,39.03,14.2,1.8,2.7,260.0
PROD-13121,2026-02-24,MINE-01,MINE-01-ZONE-A,256.0,253.3,43.77,15.1,0.9,1.4,260.0
PROD-13122,2026-02-24,MINE-01,MINE-01-ZONE-B,256.0,204.5,37.81,12.7,3.3,1.4,260.0
PROD-13123,2026-02-24,MINE-01,MINE-01-ZONE-C,256.0,211.6,35.33,13.2,2.8,1.4,260.0
PROD-13124,2026-02-24,MINE-01,MINE-01-ZONE-D,256.0,191.9,35.09,11.5,4.5,1.4,260.0
PROD-13125,2026-02-24,MINE-01,MINE-01-ZONE-E,256.0,188.2,32.41,11.8,4.2,1.4,260.0
PROD-13126,2026-02-24,MINE-02,MINE-02-ZONE-A,256.0,210.4,41.77,12.5,3.5,2.1,260.0
PROD-13127,2026-02-24,MINE-02,MINE-02-ZONE-B,256.0,238.3,40.43,15.4,0.6,2.1,260.0
PROD-13128,2026-02-24,MINE-02,MINE-02-ZONE-C,256.0,194.4,37.0,12.9,3.1,2.1,260.0
PROD-13129,2026-02-24,MINE-02,MINE-02-ZONE-D,256.0,184.7,33.53,12.0,4.0,2.1,260.0
PROD-13130,2026-02-24,MINE-02,MINE-02-ZONE-E,256.0,213.0,35.09,12.5,3.5,2.1,260.0
PROD-13131,2026-02-24,MINE-03,MINE-03-ZONE-A,256.0,211.2,33.88,14.0,2.0,2.5,260.0
PROD-13132,2026-02-24,MINE-03,MINE-03-ZONE-B,256.0,217.3,42.57,13.3,2.7,2.5,260.0
PROD-13133,2026-02-24,MINE-03,MINE-03-ZONE-C,256.0,182.6,42.4,12.3,3.7,2.5,260.0
PROD-13134,2026-02-24,MINE-03,MINE-03-ZONE-D,256.0,243.3,38.75,15.1,0.9,2.5,260.0
PROD-13135,2026-02-24,MINE-03,MINE-03-ZONE-E,256.0,216.5,32.05,14.1,1.9,2.5,260.0
PROD-13136,2026-02-24,MINE-04,MINE-04-ZONE-A,256.0,246.3,37.24,15.2,0.8,3.4,260.0
PROD-13137,2026-02-24,MINE-04,MINE-04-ZONE-B,256.0,213.7,33.96,12.7,3.3,3.4,260.0
PROD-13138,2026-02-24,MINE-04,MINE-04-ZONE-C,256.0,198.0,43.67,11.9,4.1,3.4,260.0
PROD-13139,2026-02-24,MINE-04,MINE-04-ZONE-D,256.0,195.3,37.97,12.7,3.3,3.4,260.0
PROD-13140,2026-02-24,MINE-04,MINE-04-ZONE-E,256.0,246.1,39.64,14.8,1.2,3.4,260.0
PROD-13141,2026-02-25,MINE-01,MINE-01-ZONE-A,260.0,235.3,40.96,14.1,1.9,0.4,260.0
PROD-13142,2026-02-25,MINE-01,MINE-01-ZONE-B,260.0,193.1,38.16,12.7,3.3,0.4,260.0
PROD-13143,2026-02-25,MINE-01,MINE-01-ZONE-C,260.0,208.4,43.58,13.5,2.5,0.4,260.0
PROD-13144,2026-02-25,MINE-01,MINE-01-ZONE-D,260.0,239.4,38.55,14.7,1.3,0.4,260.0
PROD-13145,2026-02-25,MINE-01,MINE-01-ZONE-E,260.0,215.6,38.56,13.6,2.4,0.4,260.0
PROD-13146,2026-02-25,MINE-02,MINE-02-ZONE-A,260.0,181.5,38.27,12.1,3.9,3.7,260.0
PROD-13147,2026-02-25,MINE-02,MINE-02-ZONE-B,260.0,212.3,40.78,14.0,2.0,3.7,260.0
PROD-13148,2026-02-25,MINE-02,MINE-02-ZONE-C,260.0,196.7,39.71,12.7,3.3,3.7,260.0
PROD-13149,2026-02-25,MINE-02,MINE-02-ZONE-D,260.0,222.4,43.75,13.9,2.1,3.7,260.0
PROD-13150,2026-02-25,MINE-02,MINE-02-ZONE-E,260.0,224.7,43.62,13.1,2.9,3.7,260.0
PROD-13151,2026-02-25,MINE-03,MINE-03-ZONE-A,260.0,231.6,35.89,13.9,2.1,2.7,260.0
PROD-13152,2026-02-25,MINE-03,MINE-03-ZONE-B,260.0,220.7,35.23,13.8,2.2,2.7,260.0
PROD-13153,2026-02-25,MINE-03,MINE-03-ZONE-C,260.0,196.5,42.6,12.4,3.6,2.7,260.0
PROD-13154,2026-02-25,MINE-03,MINE-03-ZONE-D,260.0,228.5,42.28,13.3,2.7,2.7,260.0
PROD-13155,2026-02-25,MINE-03,MINE-03-ZONE-E,260.0,193.4,34.42,12.1,3.9,2.7,260.0
PROD-13156,2026-02-25,MINE-04,MINE-04-ZONE-A,260.0,184.8,38.52,12.3,3.7,2.7,260.0
PROD-13157,2026-02-25,MINE-04,MINE-04-ZONE-B,260.0,202.0,33.0,13.2,2.8,2.7,260.0
PROD-13158,2026-02-25,MINE-04,MINE-04-ZONE-C,260.0,209.3,37.02,13.9,2.1,2.7,260.0
PROD-13159,2026-02-25,MINE-04,MINE-04-ZONE-D,260.0,221.8,37.4,14.1,1.9,2.7,260.0
PROD-13160,2026-02-25,MINE-04,MINE-04-ZONE-E,260.0,231.1,35.97,13.5,2.5,2.7,260.0
PROD-13161,2026-02-26,MINE-01,MINE-01-ZONE-A,264.0,211.8,36.78,12.8,3.2,0.1,260.0
PROD-13162,2026-02-26,MINE-01,MINE-01-ZONE-B,264.0,242.0,42.66,14.2,1.8,0.1,260.0
PROD-13163,2026-02-26,MINE-01,MINE-01-ZONE-C,264.0,247.3,34.07,14.1,1.9,0.1,260.0
PROD-13164,2026-02-26,MINE-01,MINE-01-ZONE-D,264.0,217.6,32.08,13.6,2.4,0.1,260.0
PROD-13165,2026-02-26,MINE-01,MINE-01-ZONE-E,264.0,229.3,38.25,14.0,2.0,0.1,260.0
PROD-13166,2026-02-26,MINE-02,MINE-02-ZONE-A,264.0,211.2,42.27,12.3,3.7,1.7,260.0
PROD-13167,2026-02-26,MINE-02,MINE-02-ZONE-B,264.0,221.5,32.86,14.3,1.7,1.7,260.0
PROD-13168,2026-02-26,MINE-02,MINE-02-ZONE-C,264.0,222.5,33.28,14.0,2.0,1.7,260.0
PROD-13169,2026-02-26,MINE-02,MINE-02-ZONE-D,264.0,235.7,35.63,14.8,1.2,1.7,260.0
PROD-13170,2026-02-26,MINE-02,MINE-02-ZONE-E,264.0,249.9,39.34,15.2,0.8,1.7,260.0
PROD-13171,2026-02-26,MINE-03,MINE-03-ZONE-A,264.0,178.3,41.62,11.8,4.2,2.6,260.0
PROD-13172,2026-02-26,MINE-03,MINE-03-ZONE-B,264.0,190.8,36.88,12.2,3.8,2.6,260.0
PROD-13173,2026-02-26,MINE-03,MINE-03-ZONE-C,264.0,217.1,38.15,13.4,2.6,2.6,260.0
PROD-13174,2026-02-26,MINE-03,MINE-03-ZONE-D,264.0,233.6,37.64,14.6,1.4,2.6,260.0
PROD-13175,2026-02-26,MINE-03,MINE-03-ZONE-E,264.0,237.4,32.24,15.3,0.7,2.6,260.0
PROD-13176,2026-02-26,MINE-04,MINE-04-ZONE-A,264.0,228.1,42.58,14.5,1.5,2.7,260.0
PROD-13177,2026-02-26,MINE-04,MINE-04-ZONE-B,264.0,247.1,33.85,14.3,1.7,2.7,260.0
PROD-13178,2026-02-26,MINE-04,MINE-04-ZONE-C,264.0,244.9,32.73,14.7,1.3,2.7,260.0
PROD-13179,2026-02-26,MINE-04,MINE-04-ZONE-D,264.0,256.2,40.78,15.3,0.7,2.7,260.0
PROD-13180,2026-02-26,MINE-04,MINE-04-ZONE-E,264.0,224.7,34.68,13.3,2.7,2.7,260.0
PROD-13181,2026-02-27,MINE-01,MINE-01-ZONE-A,268.0,200.4,35.34,11.6,4.4,3.7,260.0
PROD-13182,2026-02-27,MINE-01,MINE-01-ZONE-B,268.0,244.8,38.94,15.2,0.8,3.7,260.0
PROD-13183,2026-02-27,MINE-01,MINE-01-ZONE-C,268.0,216.6,32.79,13.2,2.8,3.7,260.0
PROD-13184,2026-02-27,MINE-01,MINE-01-ZONE-D,268.0,219.9,42.42,13.1,2.9,3.7,260.0
PROD-13185,2026-02-27,MINE-01,MINE-01-ZONE-E,268.0,207.3,42.53,11.8,4.2,3.7,260.0
PROD-13186,2026-02-27,MINE-02,MINE-02-ZONE-A,268.0,243.3,43.88,15.0,1.0,1.5,260.0
PROD-13187,2026-02-27,MINE-02,MINE-02-ZONE-B,268.0,210.1,36.35,13.3,2.7,1.5,260.0
PROD-13188,2026-02-27,MINE-02,MINE-02-ZONE-C,268.0,219.2,35.59,13.1,2.9,1.5,260.0
PROD-13189,2026-02-27,MINE-02,MINE-02-ZONE-D,268.0,195.7,36.25,11.8,4.2,1.5,260.0
PROD-13190,2026-02-27,MINE-02,MINE-02-ZONE-E,268.0,214.3,37.91,12.4,3.6,1.5,260.0
PROD-13191,2026-02-27,MINE-03,MINE-03-ZONE-A,268.0,205.7,32.17,11.5,4.5,2.0,260.0
PROD-13192,2026-02-27,MINE-03,MINE-03-ZONE-B,268.0,240.6,43.44,14.2,1.8,2.0,260.0
PROD-13193,2026-02-27,MINE-03,MINE-03-ZONE-C,268.0,225.1,42.66,13.2,2.8,2.0,260.0
PROD-13194,2026-02-27,MINE-03,MINE-03-ZONE-D,268.0,223.6,38.58,13.2,2.8,2.0,260.0
PROD-13195,2026-02-27,MINE-03,MINE-03-ZONE-E,268.0,262.6,32.01,14.9,1.1,2.0,260.0
PROD-13196,2026-02-27,MINE-04,MINE-04-ZONE-A,268.0,201.9,33.77,12.6,3.4,2.7,260.0
PROD-13197,2026-02-27,MINE-04,MINE-04-ZONE-B,268.0,210.1,41.62,12.0,4.0,2.7,260.0
PROD-13198,2026-02-27,MINE-04,MINE-04-ZONE-C,268.0,188.3,38.37,11.6,4.4,2.7,260.0
PROD-13199,2026-02-27,MINE-04,MINE-04-ZONE-D,268.0,181.9,38.25,11.6,4.4,2.7,260.0
PROD-13200,2026-02-27,MINE-04,MINE-04-ZONE-E,268.0,228.8,37.62,13.1,2.9,2.7,260.0
PROD-13201,2026-02-28,MINE-01,MINE-01-ZONE-A,312.0,224.7,34.73,12.1,3.9,1.2,260.0
PROD-13202,2026-02-28,MINE-01,MINE-01-ZONE-B,312.0,254.7,37.52,13.2,2.8,1.2,260.0
PROD-13203,2026-02-28,MINE-01,MINE-01-ZONE-C,312.0,277.9,36.35,14.4,1.6,1.2,260.0
PROD-13204,2026-02-28,MINE-01,MINE-01-ZONE-D,312.0,285.5,39.88,14.0,2.0,1.2,260.0
PROD-13205,2026-02-28,MINE-01,MINE-01-ZONE-E,312.0,307.3,40.85,15.2,0.8,1.2,260.0
PROD-13206,2026-02-28,MINE-02,MINE-02-ZONE-A,312.0,228.2,40.66,11.5,4.5,2.5,260.0
PROD-13207,2026-02-28,MINE-02,MINE-02-ZONE-B,312.0,284.5,41.06,14.7,1.3,2.5,260.0
PROD-13208,2026-02-28,MINE-02,MINE-02-ZONE-C,312.0,293.5,41.44,15.0,1.0,2.5,260.0
PROD-13209,2026-02-28,MINE-02,MINE-02-ZONE-D,312.0,256.2,38.17,13.4,2.6,2.5,260.0
PROD-13210,2026-02-28,MINE-02,MINE-02-ZONE-E,312.0,214.6,37.04,11.7,4.3,2.5,260.0
PROD-13211,2026-02-28,MINE-03,MINE-03-ZONE-A,312.0,287.5,34.02,14.5,1.5,3.8,260.0
PROD-13212,2026-02-28,MINE-03,MINE-03-ZONE-B,312.0,215.3,39.71,11.9,4.1,3.8,260.0
PROD-13213,2026-02-28,MINE-03,MINE-03-ZONE-C,312.0,239.2,39.47,12.6,3.4,3.8,260.0
PROD-13214,2026-02-28,MINE-03,MINE-03-ZONE-D,312.0,276.4,42.06,14.4,1.6,3.8,260.0
PROD-13215,2026-02-28,MINE-03,MINE-03-ZONE-E,312.0,276.2,33.18,14.3,1.7,3.8,260.0
PROD-13216,2026-02-28,MINE-04,MINE-04-ZONE-A,312.0,214.5,32.03,11.6,4.4,3.6,260.0
PROD-13217,2026-02-28,MINE-04,MINE-04-ZONE-B,312.0,278.4,34.56,13.9,2.1,3.6,260.0
PROD-13218,2026-02-28,MINE-04,MINE-04-ZONE-C,312.0,236.2,33.04,11.6,4.4,3.6,260.0
PROD-13219,2026-02-28,MINE-04,MINE-04-ZONE-D,312.0,300.6,43.08,15.1,0.9,3.6,260.0
PROD-13220,2026-02-28,MINE-04,MINE-04-ZONE-E,312.0,225.0,38.49,12.3,3.7,3.6,260.0
PROD-13221,2026-03-01,MINE-01,MINE-01-ZONE-A,232.0,223.3,42.64,14.9,1.1,1.8,260.0
PROD-13222,2026-03-01,MINE-01,MINE-01-ZONE-B,232.0,185.6,38.76,12.2,3.8,1.8,260.0
PROD-13223,2026-03-01,MINE-01,MINE-01-ZONE-C,232.0,200.5,42.03,13.8,2.2,1.8,260.0
PROD-13224,2026-03-01,MINE-01,MINE-01-ZONE-D,232.0,183.0,34.83,11.8,4.2,1.8,260.0
PROD-13225,2026-03-01,MINE-01,MINE-01-ZONE-E,232.0,186.9,39.85,13.7,2.3,1.8,260.0
PROD-13226,2026-03-01,MINE-02,MINE-02-ZONE-A,232.0,219.3,43.35,15.0,1.0,2.9,260.0
PROD-13227,2026-03-01,MINE-02,MINE-02-ZONE-B,232.0,210.9,34.06,15.4,0.6,2.9,260.0
PROD-13228,2026-03-01,MINE-02,MINE-02-ZONE-C,232.0,205.3,32.68,13.6,2.4,2.9,260.0
PROD-13229,2026-03-01,MINE-02,MINE-02-ZONE-D,232.0,191.4,43.74,12.7,3.3,2.9,260.0
PROD-13230,2026-03-01,MINE-02,MINE-02-ZONE-E,232.0,197.3,41.59,14.2,1.8,2.9,260.0
PROD-13231,2026-03-01,MINE-03,MINE-03-ZONE-A,232.0,196.5,32.67,13.3,2.7,0.8,260.0
PROD-13232,2026-03-01,MINE-03,MINE-03-ZONE-B,232.0,165.6,37.59,11.9,4.1,0.8,260.0
PROD-13233,2026-03-01,MINE-03,MINE-03-ZONE-C,232.0,192.9,35.11,13.7,2.3,0.8,260.0
PROD-13234,2026-03-01,MINE-03,MINE-03-ZONE-D,232.0,186.4,37.96,13.0,3.0,0.8,260.0
PROD-13235,2026-03-01,MINE-03,MINE-03-ZONE-E,232.0,208.2,32.93,14.2,1.8,0.8,260.0
PROD-13236,2026-03-01,MINE-04,MINE-04-ZONE-A,232.0,185.9,38.49,12.2,3.8,3.7,260.0
PROD-13237,2026-03-01,MINE-04,MINE-04-ZONE-B,232.0,193.8,40.99,12.8,3.2,3.7,260.0
PROD-13238,2026-03-01,MINE-04,MINE-04-ZONE-C,232.0,182.0,39.0,13.6,2.4,3.7,260.0
PROD-13239,2026-03-01,MINE-04,MINE-04-ZONE-D,232.0,206.7,38.69,14.2,1.8,3.7,260.0
PROD-13240,2026-03-01,MINE-04,MINE-04-ZONE-E,232.0,205.3,39.3,14.3,1.7,3.7,260.0
PROD-13241,2026-03-02,MINE-01,MINE-01-ZONE-A,236.0,183.0,36.86,12.7,3.3,1.9,260.0
PROD-13242,2026-03-02,MINE-01,MINE-01-ZONE-B,236.0,195.2,38.61,13.3,2.7,1.9,260.0
PROD-13243,2026-03-02,MINE-01,MINE-01-ZONE-C,236.0,192.1,32.27,13.7,2.3,1.9,260.0
PROD-13244,2026-03-02,MINE-01,MINE-01-ZONE-D,236.0,204.0,37.75,14.9,1.1,1.9,260.0
PROD-13245,2026-03-02,MINE-01,MINE-01-ZONE-E,236.0,215.1,36.79,15.2,0.8,1.9,260.0
PROD-13246,2026-03-02,MINE-02,MINE-02-ZONE-A,236.0,209.8,39.58,15.1,0.9,2.1,260.0
PROD-13247,2026-03-02,MINE-02,MINE-02-ZONE-B,236.0,173.4,42.2,12.8,3.2,2.1,260.0
PROD-13248,2026-03-02,MINE-02,MINE-02-ZONE-C,236.0,184.6,41.69,12.5,3.5,2.1,260.0
PROD-13249,2026-03-02,MINE-02,MINE-02-ZONE-D,236.0,234.2,39.76,15.1,0.9,2.1,260.0
PROD-13250,2026-03-02,MINE-02,MINE-02-ZONE-E,236.0,199.2,42.17,13.3,2.7,2.1,260.0
PROD-13251,2026-03-02,MINE-03,MINE-03-ZONE-A,236.0,169.9,41.2,12.4,3.6,1.8,260.0
PROD-13252,2026-03-02,MINE-03,MINE-03-ZONE-B,236.0,164.8,41.93,12.2,3.8,1.8,260.0
PROD-13253,2026-03-02,MINE-03,MINE-03-ZONE-C,236.0,224.4,40.58,15.5,0.5,1.8,260.0
PROD-13254,2026-03-02,MINE-03,MINE-03-ZONE-D,236.0,180.4,42.48,12.1,3.9,1.8,260.0
PROD-13255,2026-03-02,MINE-03,MINE-03-ZONE-E,236.0,227.0,34.63,15.3,0.7,1.8,260.0
PROD-13256,2026-03-02,MINE-04,MINE-04-ZONE-A,236.0,183.7,33.73,12.4,3.6,3.5,260.0
PROD-13257,2026-03-02,MINE-04,MINE-04-ZONE-B,236.0,205.9,34.69,13.3,2.7,3.5,260.0
PROD-13258,2026-03-02,MINE-04,MINE-04-ZONE-C,236.0,174.0,43.16,11.9,4.1,3.5,260.0
PROD-13259,2026-03-02,MINE-04,MINE-04-ZONE-D,236.0,195.5,42.83,13.8,2.2,3.5,260.0
PROD-13260,2026-03-02,MINE-04,MINE-04-ZONE-E,236.0,164.5,35.79,11.8,4.2,3.5,260.0
PROD-13261,2026-03-03,MINE-01,MINE-01-ZONE-A,240.0,201.5,38.13,13.8,2.2,0.5,260.0
PROD-13262,2026-03-03,MINE-01,MINE-01-ZONE-B,240.0,207.2,40.76,13.8,2.2,0.5,260.0
PROD-13263,2026-03-03,MINE-01,MINE-01-ZONE-C,240.0,232.9,36.06,14.6,1.4,0.5,260.0
PROD-13264,2026-03-03,MINE-01,MINE-01-ZONE-D,240.0,175.6,37.84,12.7,3.3,0.5,260.0
PROD-13265,2026-03-03,MINE-01,MINE-01-ZONE-E,240.0,206.7,34.05,14.6,1.4,0.5,260.0
PROD-13266,2026-03-03,MINE-02,MINE-02-ZONE-A,240.0,195.0,34.62,12.3,3.7,2.7,260.0
PROD-13267,2026-03-03,MINE-02,MINE-02-ZONE-B,240.0,206.5,32.51,14.2,1.8,2.7,260.0
PROD-13268,2026-03-03,MINE-02,MINE-02-ZONE-C,240.0,174.6,40.11,12.1,3.9,2.7,260.0
PROD-13269,2026-03-03,MINE-02,MINE-02-ZONE-D,240.0,217.9,33.12,15.4,0.6,2.7,260.0
PROD-13270,2026-03-03,MINE-02,MINE-02-ZONE-E,240.0,205.5,42.53,13.6,2.4,2.7,260.0
PROD-13271,2026-03-03,MINE-03,MINE-03-ZONE-A,240.0,211.9,41.87,14.6,1.4,0.5,260.0
PROD-13272,2026-03-03,MINE-03,MINE-03-ZONE-B,240.0,210.0,43.78,14.4,1.6,0.5,260.0
PROD-13273,2026-03-03,MINE-03,MINE-03-ZONE-C,240.0,188.8,32.92,13.4,2.6,0.5,260.0
PROD-13274,2026-03-03,MINE-03,MINE-03-ZONE-D,240.0,239.3,43.41,15.2,0.8,0.5,260.0
PROD-13275,2026-03-03,MINE-03,MINE-03-ZONE-E,240.0,199.3,41.03,12.9,3.1,0.5,260.0
PROD-13276,2026-03-03,MINE-04,MINE-04-ZONE-A,240.0,191.1,41.52,11.8,4.2,0.5,260.0
PROD-13277,2026-03-03,MINE-04,MINE-04-ZONE-B,240.0,172.2,38.43,12.1,3.9,0.5,260.0
PROD-13278,2026-03-03,MINE-04,MINE-04-ZONE-C,240.0,199.9,41.0,13.7,2.3,0.5,260.0
PROD-13279,2026-03-03,MINE-04,MINE-04-ZONE-D,240.0,191.0,39.22,12.2,3.8,0.5,260.0
PROD-13280,2026-03-03,MINE-04,MINE-04-ZONE-E,240.0,189.7,37.25,12.5,3.5,0.5,260.0
PROD-13281,2026-03-04,MINE-01,MINE-01-ZONE-A,244.0,184.9,38.45,12.0,4.0,2.9,260.0
PROD-13282,2026-03-04,MINE-01,MINE-01-ZONE-B,244.0,170.7,39.67,12.0,4.0,2.9,260.0
PROD-13283,2026-03-04,MINE-01,MINE-01-ZONE-C,244.0,224.5,35.2,14.3,1.7,2.9,260.0
PROD-13284,2026-03-04,MINE-01,MINE-01-ZONE-D,244.0,202.4,36.94,13.8,2.2,2.9,260.0
PROD-13285,2026-03-04,MINE-01,MINE-01-ZONE-E,244.0,214.9,32.3,13.6,2.4,2.9,260.0
PROD-13286,2026-03-04,MINE-02,MINE-02-ZONE-A,244.0,180.4,41.27,12.5,3.5,3.8,260.0
PROD-13287,2026-03-04,MINE-02,MINE-02-ZONE-B,244.0,187.8,35.58,12.6,3.4,3.8,260.0
PROD-13288,2026-03-04,MINE-02,MINE-02-ZONE-C,244.0,230.1,43.25,15.4,0.6,3.8,260.0
PROD-13289,2026-03-04,MINE-02,MINE-02-ZONE-D,244.0,195.4,41.1,13.0,3.0,3.8,260.0
PROD-13290,2026-03-04,MINE-02,MINE-02-ZONE-E,244.0,194.8,33.43,13.5,2.5,3.8,260.0
PROD-13291,2026-03-04,MINE-03,MINE-03-ZONE-A,244.0,201.2,37.44,13.2,2.8,0.1,260.0
PROD-13292,2026-03-04,MINE-03,MINE-03-ZONE-B,244.0,182.9,40.44,11.8,4.2,0.1,260.0
PROD-13293,2026-03-04,MINE-03,MINE-03-ZONE-C,244.0,225.3,33.25,14.9,1.1,0.1,260.0
PROD-13294,2026-03-04,MINE-03,MINE-03-ZONE-D,244.0,213.7,40.92,13.9,2.1,0.1,260.0
PROD-13295,2026-03-04,MINE-03,MINE-03-ZONE-E,244.0,182.7,41.96,12.7,3.3,0.1,260.0
PROD-13296,2026-03-04,MINE-04,MINE-04-ZONE-A,244.0,211.5,40.46,14.2,1.8,1.7,260.0
PROD-13297,2026-03-04,MINE-04,MINE-04-ZONE-B,244.0,206.9,41.86,14.3,1.7,1.7,260.0
PROD-13298,2026-03-04,MINE-04,MINE-04-ZONE-C,244.0,215.5,36.51,14.6,1.4,1.7,260.0
PROD-13299,2026-03-04,MINE-04,MINE-04-ZONE-D,244.0,170.7,38.6,11.5,4.5,1.7,260.0
PROD-13300,2026-03-04,MINE-04,MINE-04-ZONE-E,244.0,189.9,34.97,13.0,3.0,1.7,260.0
PROD-13301,2026-03-05,MINE-01,MINE-01-ZONE-A,288.0,244.3,43.36,13.8,2.2,1.1,260.0
PROD-13302,2026-03-05,MINE-01,MINE-01-ZONE-B,288.0,207.5,41.54,11.9,4.1,1.1,260.0
PROD-13303,2026-03-05,MINE-01,MINE-01-ZONE-C,288.0,223.4,36.67,12.1,3.9,1.1,260.0
PROD-13304,2026-03-05,MINE-01,MINE-01-ZONE-D,288.0,221.4,39.59,12.6,3.4,1.1,260.0
PROD-13305,2026-03-05,MINE-01,MINE-01-ZONE-E,288.0,246.5,32.99,14.1,1.9,1.1,260.0
PROD-13306,2026-03-05,MINE-02,MINE-02-ZONE-A,288.0,225.0,43.18,13.0,3.0,2.9,260.0
PROD-13307,2026-03-05,MINE-02,MINE-02-ZONE-B,288.0,199.0,32.76,11.8,4.2,2.9,260.0
PROD-13308,2026-03-05,MINE-02,MINE-02-ZONE-C,288.0,262.0,33.94,15.5,0.5,2.9,260.0
PROD-13309,2026-03-05,MINE-02,MINE-02-ZONE-D,288.0,264.5,33.13,14.8,1.2,2.9,260.0
PROD-13310,2026-03-05,MINE-02,MINE-02-ZONE-E,288.0,222.7,42.01,13.2,2.8,2.9,260.0
PROD-13311,2026-03-05,MINE-03,MINE-03-ZONE-A,288.0,273.3,34.74,14.4,1.6,1.1,260.0
PROD-13312,2026-03-05,MINE-03,MINE-03-ZONE-B,288.0,232.6,40.01,12.4,3.6,1.1,260.0
PROD-13313,2026-03-05,MINE-03,MINE-03-ZONE-C,288.0,262.8,40.46,14.0,2.0,1.1,260.0
PROD-13314,2026-03-05,MINE-03,MINE-03-ZONE-D,288.0,262.0,40.33,14.5,1.5,1.1,260.0
PROD-13315,2026-03-05,MINE-03,MINE-03-ZONE-E,288.0,214.3,40.83,12.3,3.7,1.1,260.0
PROD-13316,2026-03-05,MINE-04,MINE-04-ZONE-A,288.0,277.8,42.31,15.0,1.0,1.9,260.0
PROD-13317,2026-03-05,MINE-04,MINE-04-ZONE-B,288.0,233.5,39.64,13.4,2.6,1.9,260.0
PROD-13318,2026-03-05,MINE-04,MINE-04-ZONE-C,288.0,250.6,43.21,14.5,1.5,1.9,260.0
PROD-13319,2026-03-05,MINE-04,MINE-04-ZONE-D,288.0,217.9,42.23,12.3,3.7,1.9,260.0
PROD-13320,2026-03-05,MINE-04,MINE-04-ZONE-E,288.0,265.3,32.35,14.1,1.9,1.9,260.0
PROD-13321,2026-03-06,MINE-01,MINE-01-ZONE-A,292.0,230.8,40.48,12.6,3.4,2.4,260.0
PROD-13322,2026-03-06,MINE-01,MINE-01-ZONE-B,292.0,269.9,34.26,14.8,1.2,2.4,260.0
PROD-13323,2026-03-06,MINE-01,MINE-01-ZONE-C,292.0,252.5,39.2,14.0,2.0,2.4,260.0
PROD-13324,2026-03-06,MINE-01,MINE-01-ZONE-D,292.0,251.1,37.23,14.0,2.0,2.4,260.0
PROD-13325,2026-03-06,MINE-01,MINE-01-ZONE-E,292.0,264.6,35.76,15.2,0.8,2.4,260.0
PROD-13326,2026-03-06,MINE-02,MINE-02-ZONE-A,292.0,245.4,34.09,13.9,2.1,0.6,260.0
PROD-13327,2026-03-06,MINE-02,MINE-02-ZONE-B,292.0,199.1,41.52,11.7,4.3,0.6,260.0
PROD-13328,2026-03-06,MINE-02,MINE-02-ZONE-C,292.0,209.4,40.39,12.1,3.9,0.6,260.0
PROD-13329,2026-03-06,MINE-02,MINE-02-ZONE-D,292.0,269.4,38.53,14.6,1.4,0.6,260.0
PROD-13330,2026-03-06,MINE-02,MINE-02-ZONE-E,292.0,291.6,40.7,15.2,0.8,0.6,260.0
PROD-13331,2026-03-06,MINE-03,MINE-03-ZONE-A,292.0,212.8,42.69,11.6,4.4,0.8,260.0
PROD-13332,2026-03-06,MINE-03,MINE-03-ZONE-B,292.0,249.3,32.19,13.5,2.5,0.8,260.0
PROD-13333,2026-03-06,MINE-03,MINE-03-ZONE-C,292.0,246.2,32.87,13.6,2.4,0.8,260.0
PROD-13334,2026-03-06,MINE-03,MINE-03-ZONE-D,292.0,265.4,41.77,14.9,1.1,0.8,260.0
PROD-13335,2026-03-06,MINE-03,MINE-03-ZONE-E,292.0,266.9,39.4,15.0,1.0,0.8,260.0
PROD-13336,2026-03-06,MINE-04,MINE-04-ZONE-A,292.0,273.8,36.21,14.7,1.3,3.5,260.0
PROD-13337,2026-03-06,MINE-04,MINE-04-ZONE-B,292.0,257.9,42.9,13.7,2.3,3.5,260.0
PROD-13338,2026-03-06,MINE-04,MINE-04-ZONE-C,292.0,243.4,42.42,13.8,2.2,3.5,260.0
PROD-13339,2026-03-06,MINE-04,MINE-04-ZONE-D,292.0,239.4,38.6,14.0,2.0,3.5,260.0
PROD-13340,2026-03-06,MINE-04,MINE-04-ZONE-E,292.0,269.4,36.56,14.5,1.5,3.5,260.0
PROD-13341,2026-03-07,MINE-01,MINE-01-ZONE-A,296.0,280.4,41.01,15.2,0.8,3.9,260.0
PROD-13342,2026-03-07,MINE-01,MINE-01-ZONE-B,296.0,234.7,42.72,12.6,3.4,3.9,260.0
PROD-13343,2026-03-07,MINE-01,MINE-01-ZONE-C,296.0,233.4,41.1,13.0,3.0,3.9,260.0
PROD-13344,2026-03-07,MINE-01,MINE-01-ZONE-D,296.0,235.4,37.26,12.9,3.1,3.9,260.0
PROD-13345,2026-03-07,MINE-01,MINE-01-ZONE-E,296.0,214.1,33.11,12.1,3.9,3.9,260.0
PROD-13346,2026-03-07,MINE-02,MINE-02-ZONE-A,296.0,226.9,43.13,13.1,2.9,1.7,260.0
PROD-13347,2026-03-07,MINE-02,MINE-02-ZONE-B,296.0,226.1,38.57,11.6,4.4,1.7,260.0
PROD-13348,2026-03-07,MINE-02,MINE-02-ZONE-C,296.0,275.7,41.62,15.5,0.5,1.7,260.0
PROD-13349,2026-03-07,MINE-02,MINE-02-ZONE-D,296.0,266.4,43.75,14.1,1.9,1.7,260.0
PROD-13350,2026-03-07,MINE-02,MINE-02-ZONE-E,296.0,233.0,35.25,12.2,3.8,1.7,260.0
PROD-13351,2026-03-07,MINE-03,MINE-03-ZONE-A,296.0,267.0,42.5,14.3,1.7,3.8,260.0
PROD-13352,2026-03-07,MINE-03,MINE-03-ZONE-B,296.0,243.4,38.4,13.9,2.1,3.8,260.0
PROD-13353,2026-03-07,MINE-03,MINE-03-ZONE-C,296.0,247.3,35.61,13.4,2.6,3.8,260.0
PROD-13354,2026-03-07,MINE-03,MINE-03-ZONE-D,296.0,242.3,32.79,12.5,3.5,3.8,260.0
PROD-13355,2026-03-07,MINE-03,MINE-03-ZONE-E,296.0,209.1,40.77,11.8,4.2,3.8,260.0
PROD-13356,2026-03-07,MINE-04,MINE-04-ZONE-A,296.0,230.7,37.79,12.7,3.3,0.7,260.0
PROD-13357,2026-03-07,MINE-04,MINE-04-ZONE-B,296.0,234.6,36.29,13.2,2.8,0.7,260.0
PROD-13358,2026-03-07,MINE-04,MINE-04-ZONE-C,296.0,282.8,39.06,15.0,1.0,0.7,260.0
PROD-13359,2026-03-07,MINE-04,MINE-04-ZONE-D,296.0,246.4,41.89,13.4,2.6,0.7,260.0
PROD-13360,2026-03-07,MINE-04,MINE-04-ZONE-E,296.0,258.6,40.26,14.6,1.4,0.7,260.0
PROD-13361,2026-03-08,MINE-01,MINE-01-ZONE-A,216.0,194.9,35.42,14.3,1.7,1.1,260.0
PROD-13362,2026-03-08,MINE-01,MINE-01-ZONE-B,216.0,188.9,37.1,13.7,2.3,1.1,260.0
PROD-13363,2026-03-08,MINE-01,MINE-01-ZONE-C,216.0,166.9,38.34,13.4,2.6,1.1,260.0
PROD-13364,2026-03-08,MINE-01,MINE-01-ZONE-D,216.0,174.9,33.2,14.0,2.0,1.1,260.0
PROD-13365,2026-03-08,MINE-01,MINE-01-ZONE-E,216.0,170.3,34.92,12.7,3.3,1.1,260.0
PROD-13366,2026-03-08,MINE-02,MINE-02-ZONE-A,216.0,194.9,35.89,14.3,1.7,1.0,260.0
PROD-13367,2026-03-08,MINE-02,MINE-02-ZONE-B,216.0,150.0,37.2,11.7,4.3,1.0,260.0
PROD-13368,2026-03-08,MINE-02,MINE-02-ZONE-C,216.0,170.5,33.25,13.4,2.6,1.0,260.0
PROD-13369,2026-03-08,MINE-02,MINE-02-ZONE-D,216.0,165.1,38.58,12.3,3.7,1.0,260.0
PROD-13370,2026-03-08,MINE-02,MINE-02-ZONE-E,216.0,166.9,39.38,13.3,2.7,1.0,260.0
PROD-13371,2026-03-08,MINE-03,MINE-03-ZONE-A,216.0,186.9,37.08,13.9,2.1,2.7,260.0
PROD-13372,2026-03-08,MINE-03,MINE-03-ZONE-B,216.0,208.7,42.07,15.0,1.0,2.7,260.0
PROD-13373,2026-03-08,MINE-03,MINE-03-ZONE-C,216.0,187.6,42.05,13.9,2.1,2.7,260.0
PROD-13374,2026-03-08,MINE-03,MINE-03-ZONE-D,216.0,197.4,38.94,14.9,1.1,2.7,260.0
PROD-13375,2026-03-08,MINE-03,MINE-03-ZONE-E,216.0,209.6,40.66,14.7,1.3,2.7,260.0
PROD-13376,2026-03-08,MINE-04,MINE-04-ZONE-A,216.0,181.1,40.48,14.0,2.0,1.4,260.0
PROD-13377,2026-03-08,MINE-04,MINE-04-ZONE-B,216.0,194.7,32.63,14.7,1.3,1.4,260.0
PROD-13378,2026-03-08,MINE-04,MINE-04-ZONE-C,216.0,188.2,38.03,14.7,1.3,1.4,260.0
PROD-13379,2026-03-08,MINE-04,MINE-04-ZONE-D,216.0,175.6,40.3,12.0,4.0,1.4,260.0
PROD-13380,2026-03-08,MINE-04,MINE-04-ZONE-E,216.0,196.8,40.1,14.2,1.8,1.4,260.0
PROD-13381,2026-03-09,MINE-01,MINE-01-ZONE-A,220.0,150.2,35.46,11.8,4.2,2.4,260.0
PROD-13382,2026-03-09,MINE-01,MINE-01-ZONE-B,220.0,199.8,33.84,15.1,0.9,2.4,260.0
PROD-13383,2026-03-09,MINE-01,MINE-01-ZONE-C,220.0,189.2,33.24,13.9,2.1,2.4,260.0
PROD-13384,2026-03-09,MINE-01,MINE-01-ZONE-D,220.0,202.1,39.07,15.2,0.8,2.4,260.0
PROD-13385,2026-03-09,MINE-01,MINE-01-ZONE-E,220.0,191.3,42.32,14.9,1.1,2.4,260.0
PROD-13386,2026-03-09,MINE-02,MINE-02-ZONE-A,220.0,182.1,42.19,13.8,2.2,0.3,260.0
PROD-13387,2026-03-09,MINE-02,MINE-02-ZONE-B,220.0,172.9,42.23,13.4,2.6,0.3,260.0
PROD-13388,2026-03-09,MINE-02,MINE-02-ZONE-C,220.0,183.8,35.83,14.4,1.6,0.3,260.0
PROD-13389,2026-03-09,MINE-02,MINE-02-ZONE-D,220.0,167.5,34.21,12.0,4.0,0.3,260.0
PROD-13390,2026-03-09,MINE-02,MINE-02-ZONE-E,220.0,199.5,33.68,14.8,1.2,0.3,260.0
PROD-13391,2026-03-09,MINE-03,MINE-03-ZONE-A,220.0,225.4,40.87,15.4,0.6,0.2,260.0
PROD-13392,2026-03-09,MINE-03,MINE-03-ZONE-B,220.0,182.3,33.37,12.5,3.5,0.2,260.0
PROD-13393,2026-03-09,MINE-03,MINE-03-ZONE-C,220.0,203.0,34.51,14.7,1.3,0.2,260.0
PROD-13394,2026-03-09,MINE-03,MINE-03-ZONE-D,220.0,172.2,39.7,13.2,2.8,0.2,260.0
PROD-13395,2026-03-09,MINE-03,MINE-03-ZONE-E,220.0,192.9,43.46,14.0,2.0,0.2,260.0
PROD-13396,2026-03-09,MINE-04,MINE-04-ZONE-A,220.0,197.2,34.92,15.0,1.0,0.8,260.0
PROD-13397,2026-03-09,MINE-04,MINE-04-ZONE-B,220.0,174.8,42.32,13.1,2.9,0.8,260.0
PROD-13398,2026-03-09,MINE-04,MINE-04-ZONE-C,220.0,170.6,34.6,12.8,3.2,0.8,260.0
PROD-13399,2026-03-09,MINE-04,MINE-04-ZONE-D,220.0,200.0,41.27,14.8,1.2,0.8,260.0
PROD-13400,2026-03-09,MINE-04,MINE-04-ZONE-E,220.0,194.4,41.52,14.3,1.7,0.8,260.0
PROD-13401,2026-03-10,MINE-01,MINE-01-ZONE-A,264.0,244.9,37.16,14.8,1.2,2.5,260.0
PROD-13402,2026-03-10,MINE-01,MINE-01-ZONE-B,264.0,230.9,32.65,14.7,1.3,2.5,260.0
PROD-13403,2026-03-10,MINE-01,MINE-01-ZONE-C,264.0,215.0,34.97,12.3,3.7,2.5,260.0
PROD-13404,2026-03-10,MINE-01,MINE-01-ZONE-D,264.0,208.8,37.68,12.5,3.5,2.5,260.0
PROD-13405,2026-03-10,MINE-01,MINE-01-ZONE-E,264.0,204.5,35.32,11.9,4.1,2.5,260.0
PROD-13406,2026-03-10,MINE-02,MINE-02-ZONE-A,264.0,220.5,36.33,13.2,2.8,2.1,260.0
PROD-13407,2026-03-10,MINE-02,MINE-02-ZONE-B,264.0,223.1,36.27,13.0,3.0,2.1,260.0
PROD-13408,2026-03-10,MINE-02,MINE-02-ZONE-C,264.0,187.8,40.26,12.2,3.8,2.1,260.0
PROD-13409,2026-03-10,MINE-02,MINE-02-ZONE-D,264.0,203.0,36.85,11.5,4.5,2.1,260.0
PROD-13410,2026-03-10,MINE-02,MINE-02-ZONE-E,264.0,201.9,32.8,12.2,3.8,2.1,260.0
PROD-13411,2026-03-10,MINE-03,MINE-03-ZONE-A,264.0,232.8,43.53,13.5,2.5,2.8,260.0
PROD-13412,2026-03-10,MINE-03,MINE-03-ZONE-B,264.0,221.4,39.67,14.0,2.0,2.8,260.0
PROD-13413,2026-03-10,MINE-03,MINE-03-ZONE-C,264.0,262.8,37.0,15.3,0.7,2.8,260.0
PROD-13414,2026-03-10,MINE-03,MINE-03-ZONE-D,264.0,246.2,43.91,15.1,0.9,2.8,260.0
PROD-13415,2026-03-10,MINE-03,MINE-03-ZONE-E,264.0,236.0,38.98,14.6,1.4,2.8,260.0
PROD-13416,2026-03-10,MINE-04,MINE-04-ZONE-A,264.0,223.1,37.3,14.0,2.0,2.2,260.0
PROD-13417,2026-03-10,MINE-04,MINE-04-ZONE-B,264.0,181.6,41.18,11.5,4.5,2.2,260.0
PROD-13418,2026-03-10,MINE-04,MINE-04-ZONE-C,264.0,220.7,34.8,13.8,2.2,2.2,260.0
PROD-13419,2026-03-10,MINE-04,MINE-04-ZONE-D,264.0,243.4,40.27,14.7,1.3,2.2,260.0
PROD-13420,2026-03-10,MINE-04,MINE-04-ZONE-E,264.0,182.2,39.61,11.8,4.2,2.2,260.0
PROD-13421,2026-03-11,MINE-01,MINE-01-ZONE-A,268.0,208.9,36.07,12.4,3.6,0.5,260.0
PROD-13422,2026-03-11,MINE-01,MINE-01-ZONE-B,268.0,236.2,42.53,14.5,1.5,0.5,260.0
PROD-13423,2026-03-11,MINE-01,MINE-01-ZONE-C,268.0,227.1,37.93,12.7,3.3,0.5,260.0
PROD-13424,2026-03-11,MINE-01,MINE-01-ZONE-D,268.0,213.0,36.07,13.1,2.9,0.5,260.0
PROD-13425,2026-03-11,MINE-01,MINE-01-ZONE-E,268.0,258.4,42.36,15.2,0.8,0.5,260.0
PROD-13426,2026-03-11,MINE-02,MINE-02-ZONE-A,268.0,207.9,34.36,12.7,3.3,3.8,260.0
PROD-13427,2026-03-11,MINE-02,MINE-02-ZONE-B,268.0,228.2,35.89,13.0,3.0,3.8,260.0
PROD-13428,2026-03-11,MINE-02,MINE-02-ZONE-C,268.0,246.5,36.93,14.6,1.4,3.8,260.0
PROD-13429,2026-03-11,MINE-02,MINE-02-ZONE-D,268.0,242.6,34.96,14.2,1.8,3.8,260.0
PROD-13430,2026-03-11,MINE-02,MINE-02-ZONE-E,268.0,216.0,33.22,13.2,2.8,3.8,260.0
PROD-13431,2026-03-11,MINE-03,MINE-03-ZONE-A,268.0,198.0,38.79,12.6,3.4,3.9,260.0
PROD-13432,2026-03-11,MINE-03,MINE-03-ZONE-B,268.0,208.9,39.3,13.1,2.9,3.9,260.0
PROD-13433,2026-03-11,MINE-03,MINE-03-ZONE-C,268.0,198.4,39.89,11.9,4.1,3.9,260.0
PROD-13434,2026-03-11,MINE-03,MINE-03-ZONE-D,268.0,224.1,34.7,13.8,2.2,3.9,260.0
PROD-13435,2026-03-11,MINE-03,MINE-03-ZONE-E,268.0,181.2,36.72,11.7,4.3,3.9,260.0
PROD-13436,2026-03-11,MINE-04,MINE-04-ZONE-A,268.0,209.9,40.34,12.4,3.6,3.9,260.0
PROD-13437,2026-03-11,MINE-04,MINE-04-ZONE-B,268.0,242.3,37.97,15.1,0.9,3.9,260.0
PROD-13438,2026-03-11,MINE-04,MINE-04-ZONE-C,268.0,232.3,32.71,14.7,1.3,3.9,260.0
PROD-13439,2026-03-11,MINE-04,MINE-04-ZONE-D,268.0,218.5,41.28,12.7,3.3,3.9,260.0
PROD-13440,2026-03-11,MINE-04,MINE-04-ZONE-E,268.0,186.9,39.36,11.7,4.3,3.9,260.0
PROD-13441,2026-03-12,MINE-01,MINE-01-ZONE-A,272.0,219.9,42.85,12.2,3.8,2.1,260.0
PROD-13442,2026-03-12,MINE-01,MINE-01-ZONE-B,272.0,272.0,36.64,15.4,0.6,2.1,260.0
PROD-13443,2026-03-12,MINE-01,MINE-01-ZONE-C,272.0,234.5,33.58,14.4,1.6,2.1,260.0
PROD-13444,2026-03-12,MINE-01,MINE-01-ZONE-D,272.0,247.0,41.41,15.0,1.0,2.1,260.0
PROD-13445,2026-03-12,MINE-01,MINE-01-ZONE-E,272.0,215.2,41.28,13.1,2.9,2.1,260.0
PROD-13446,2026-03-12,MINE-02,MINE-02-ZONE-A,272.0,229.6,35.34,13.9,2.1,2.0,260.0
PROD-13447,2026-03-12,MINE-02,MINE-02-ZONE-B,272.0,254.1,41.98,14.9,1.1,2.0,260.0
PROD-13448,2026-03-12,MINE-02,MINE-02-ZONE-C,272.0,260.4,35.56,14.8,1.2,2.0,260.0
PROD-13449,2026-03-12,MINE-02,MINE-02-ZONE-D,272.0,202.4,41.79,12.5,3.5,2.0,260.0
PROD-13450,2026-03-12,MINE-02,MINE-02-ZONE-E,272.0,220.2,40.98,13.1,2.9,2.0,260.0
PROD-13451,2026-03-12,MINE-03,MINE-03-ZONE-A,272.0,233.1,39.57,13.2,2.8,0.8,260.0
PROD-13452,2026-03-12,MINE-03,MINE-03-ZONE-B,272.0,234.0,41.85,14.3,1.7,0.8,260.0
PROD-13453,2026-03-12,MINE-03,MINE-03-ZONE-C,272.0,256.3,32.96,14.5,1.5,0.8,260.0
PROD-13454,2026-03-12,MINE-03,MINE-03-ZONE-D,272.0,207.5,36.96,12.8,3.2,0.8,260.0
PROD-13455,2026-03-12,MINE-03,MINE-03-ZONE-E,272.0,208.4,38.81,11.9,4.1,0.8,260.0
PROD-13456,2026-03-12,MINE-04,MINE-04-ZONE-A,272.0,254.0,43.87,15.1,0.9,0.0,260.0
PROD-13457,2026-03-12,MINE-04,MINE-04-ZONE-B,272.0,267.3,38.61,15.4,0.6,0.0,260.0
PROD-13458,2026-03-12,MINE-04,MINE-04-ZONE-C,272.0,239.8,33.33,14.6,1.4,0.0,260.0
PROD-13459,2026-03-12,MINE-04,MINE-04-ZONE-D,272.0,253.4,34.04,15.1,0.9,0.0,260.0
PROD-13460,2026-03-12,MINE-04,MINE-04-ZONE-E,272.0,212.9,33.36,12.4,3.6,0.0,260.0
PROD-13461,2026-03-13,MINE-01,MINE-01-ZONE-A,276.0,204.4,39.22,12.4,3.6,2.9,260.0
PROD-13462,2026-03-13,MINE-01,MINE-01-ZONE-B,276.0,201.5,41.05,12.6,3.4,2.9,260.0
PROD-13463,2026-03-13,MINE-01,MINE-01-ZONE-C,276.0,243.3,43.66,14.7,1.3,2.9,260.0
PROD-13464,2026-03-13,MINE-01,MINE-01-ZONE-D,276.0,262.2,37.03,14.6,1.4,2.9,260.0
PROD-13465,2026-03-13,MINE-01,MINE-01-ZONE-E,276.0,241.6,43.48,13.6,2.4,2.9,260.0
PROD-13466,2026-03-13,MINE-02,MINE-02-ZONE-A,276.0,256.4,35.38,14.4,1.6,1.1,260.0
PROD-13467,2026-03-13,MINE-02,MINE-02-ZONE-B,276.0,211.1,40.3,12.2,3.8,1.1,260.0
PROD-13468,2026-03-13,MINE-02,MINE-02-ZONE-C,276.0,246.5,32.85,15.1,0.9,1.1,260.0
PROD-13469,2026-03-13,MINE-02,MINE-02-ZONE-D,276.0,240.3,32.45,13.8,2.2,1.1,260.0
PROD-13470,2026-03-13,MINE-02,MINE-02-ZONE-E,276.0,210.0,33.09,11.5,4.5,1.1,260.0
PROD-13471,2026-03-13,MINE-03,MINE-03-ZONE-A,276.0,253.2,38.94,13.9,2.1,1.2,260.0
PROD-13472,2026-03-13,MINE-03,MINE-03-ZONE-B,276.0,223.2,33.0,12.7,3.3,1.2,260.0
PROD-13473,2026-03-13,MINE-03,MINE-03-ZONE-C,276.0,275.1,39.87,15.4,0.6,1.2,260.0
PROD-13474,2026-03-13,MINE-03,MINE-03-ZONE-D,276.0,214.6,32.46,11.8,4.2,1.2,260.0
PROD-13475,2026-03-13,MINE-03,MINE-03-ZONE-E,276.0,240.2,37.01,13.4,2.6,1.2,260.0
PROD-13476,2026-03-13,MINE-04,MINE-04-ZONE-A,276.0,226.3,42.99,13.8,2.2,0.5,260.0
PROD-13477,2026-03-13,MINE-04,MINE-04-ZONE-B,276.0,205.5,32.87,11.5,4.5,0.5,260.0
PROD-13478,2026-03-13,MINE-04,MINE-04-ZONE-C,276.0,210.1,35.5,13.0,3.0,0.5,260.0
PROD-13479,2026-03-13,MINE-04,MINE-04-ZONE-D,276.0,268.7,34.41,15.0,1.0,0.5,260.0
PROD-13480,2026-03-13,MINE-04,MINE-04-ZONE-E,276.0,239.8,35.95,13.5,2.5,0.5,260.0
PROD-13481,2026-03-14,MINE-01,MINE-01-ZONE-A,280.0,241.6,43.96,13.3,2.7,4.0,260.0
PROD-13482,2026-03-14,MINE-01,MINE-01-ZONE-B,280.0,245.1,37.11,14.7,1.3,4.0,260.0
PROD-13483,2026-03-14,MINE-01,MINE-01-ZONE-C,280.0,221.5,40.06,12.7,3.3,4.0,260.0
PROD-13484,2026-03-14,MINE-01,MINE-01-ZONE-D,280.0,248.3,39.1,13.6,2.4,4.0,260.0
PROD-13485,2026-03-14,MINE-01,MINE-01-ZONE-E,280.0,255.5,32.71,14.7,1.3,4.0,260.0
PROD-13486,2026-03-14,MINE-02,MINE-02-ZONE-A,280.0,246.1,42.26,14.2,1.8,2.5,260.0
PROD-13487,2026-03-14,MINE-02,MINE-02-ZONE-B,280.0,217.1,33.39,12.0,4.0,2.5,260.0
PROD-13488,2026-03-14,MINE-02,MINE-02-ZONE-C,280.0,216.9,33.17,12.0,4.0,2.5,260.0
PROD-13489,2026-03-14,MINE-02,MINE-02-ZONE-D,280.0,235.1,41.8,12.8,3.2,2.5,260.0
PROD-13490,2026-03-14,MINE-02,MINE-02-ZONE-E,280.0,193.8,37.57,11.5,4.5,2.5,260.0
PROD-13491,2026-03-14,MINE-03,MINE-03-ZONE-A,280.0,197.6,43.19,12.0,4.0,3.5,260.0
PROD-13492,2026-03-14,MINE-03,MINE-03-ZONE-B,280.0,235.0,35.47,13.3,2.7,3.5,260.0
PROD-13493,2026-03-14,MINE-03,MINE-03-ZONE-C,280.0,270.0,37.51,15.0,1.0,3.5,260.0
PROD-13494,2026-03-14,MINE-03,MINE-03-ZONE-D,280.0,219.6,42.9,13.0,3.0,3.5,260.0
PROD-13495,2026-03-14,MINE-03,MINE-03-ZONE-E,280.0,191.6,43.15,11.8,4.2,3.5,260.0
PROD-13496,2026-03-14,MINE-04,MINE-04-ZONE-A,280.0,252.7,42.19,14.6,1.4,1.2,260.0
PROD-13497,2026-03-14,MINE-04,MINE-04-ZONE-B,280.0,240.5,42.32,14.0,2.0,1.2,260.0
PROD-13498,2026-03-14,MINE-04,MINE-04-ZONE-C,280.0,243.5,38.65,14.7,1.3,1.2,260.0
PROD-13499,2026-03-14,MINE-04,MINE-04-ZONE-D,280.0,188.4,39.65,11.6,4.4,1.2,260.0
PROD-13500,2026-03-14,MINE-04,MINE-04-ZONE-E,280.0,263.5,39.89,14.3,1.7,1.2,260.0
PROD-13501,2026-03-15,MINE-01,MINE-01-ZONE-A,240.0,217.6,43.99,14.0,2.0,1.4,260.0
PROD-13502,2026-03-15,MINE-01,MINE-01-ZONE-B,240.0,225.3,33.43,14.8,1.2,1.4,260.0
PROD-13503,2026-03-15,MINE-01,MINE-01-ZONE-C,240.0,201.5,40.52,14.4,1.6,1.4,260.0
PROD-13504,2026-03-15,MINE-01,MINE-01-ZONE-D,240.0,222.1,35.98,15.2,0.8,1.4,260.0
PROD-13505,2026-03-15,MINE-01,MINE-01-ZONE-E,240.0,212.5,43.59,13.9,2.1,1.4,260.0
PROD-13506,2026-03-15,MINE-02,MINE-02-ZONE-A,240.0,208.9,38.57,14.8,1.2,0.1,260.0
PROD-13507,2026-03-15,MINE-02,MINE-02-ZONE-B,240.0,178.1,43.98,12.2,3.8,0.1,260.0
PROD-13508,2026-03-15,MINE-02,MINE-02-ZONE-C,240.0,226.6,40.88,14.8,1.2,0.1,260.0
PROD-13509,2026-03-15,MINE-02,MINE-02-ZONE-D,240.0,163.5,39.6,11.9,4.1,0.1,260.0
PROD-13510,2026-03-15,MINE-02,MINE-02-ZONE-E,240.0,222.6,32.78,14.4,1.6,0.1,260.0
PROD-13511,2026-03-15,MINE-03,MINE-03-ZONE-A,240.0,191.7,39.17,12.7,3.3,2.3,260.0
PROD-13512,2026-03-15,MINE-03,MINE-03-ZONE-B,240.0,194.3,42.98,13.0,3.0,2.3,260.0
PROD-13513,2026-03-15,MINE-03,MINE-03-ZONE-C,240.0,206.8,35.39,14.1,1.9,2.3,260.0
PROD-13514,2026-03-15,MINE-03,MINE-03-ZONE-D,240.0,210.1,34.65,13.2,2.8,2.3,260.0
PROD-13515,2026-03-15,MINE-03,MINE-03-ZONE-E,240.0,224.0,39.09,15.3,0.7,2.3,260.0
PROD-13516,2026-03-15,MINE-04,MINE-04-ZONE-A,240.0,201.3,37.19,13.0,3.0,1.0,260.0
PROD-13517,2026-03-15,MINE-04,MINE-04-ZONE-B,240.0,215.8,36.82,14.1,1.9,1.0,260.0
PROD-13518,2026-03-15,MINE-04,MINE-04-ZONE-C,240.0,217.7,35.55,14.0,2.0,1.0,260.0
PROD-13519,2026-03-15,MINE-04,MINE-04-ZONE-D,240.0,237.5,37.38,14.9,1.1,1.0,260.0
PROD-13520,2026-03-15,MINE-04,MINE-04-ZONE-E,240.0,187.1,36.68,12.6,3.4,1.0,260.0
PROD-13521,2026-03-16,MINE-01,MINE-01-ZONE-A,244.0,232.1,36.86,15.0,1.0,1.8,260.0
PROD-13522,2026-03-16,MINE-01,MINE-01-ZONE-B,244.0,230.1,32.1,15.4,0.6,1.8,260.0
PROD-13523,2026-03-16,MINE-01,MINE-01-ZONE-C,244.0,219.9,35.53,15.4,0.6,1.8,260.0
PROD-13524,2026-03-16,MINE-01,MINE-01-ZONE-D,244.0,187.1,33.33,11.5,4.5,1.8,260.0
PROD-13525,2026-03-16,MINE-01,MINE-01-ZONE-E,244.0,236.1,36.54,14.6,1.4,1.8,260.0
PROD-13526,2026-03-16,MINE-02,MINE-02-ZONE-A,244.0,208.5,42.33,12.9,3.1,3.4,260.0
PROD-13527,2026-03-16,MINE-02,MINE-02-ZONE-B,244.0,227.5,38.14,14.5,1.5,3.4,260.0
PROD-13528,2026-03-16,MINE-02,MINE-02-ZONE-C,244.0,175.2,32.06,12.4,3.6,3.4,260.0
PROD-13529,2026-03-16,MINE-02,MINE-02-ZONE-D,244.0,189.5,36.94,11.6,4.4,3.4,260.0
PROD-13530,2026-03-16,MINE-02,MINE-02-ZONE-E,244.0,187.5,35.26,13.3,2.7,3.4,260.0
PROD-13531,2026-03-16,MINE-03,MINE-03-ZONE-A,244.0,183.8,37.83,11.6,4.4,1.7,260.0
PROD-13532,2026-03-16,MINE-03,MINE-03-ZONE-B,244.0,188.5,36.89,13.4,2.6,1.7,260.0
PROD-13533,2026-03-16,MINE-03,MINE-03-ZONE-C,244.0,229.6,33.46,14.7,1.3,1.7,260.0
PROD-13534,2026-03-16,MINE-03,MINE-03-ZONE-D,244.0,186.9,33.68,12.0,4.0,1.7,260.0
PROD-13535,2026-03-16,MINE-03,MINE-03-ZONE-E,244.0,215.5,34.1,14.9,1.1,1.7,260.0
PROD-13536,2026-03-16,MINE-04,MINE-04-ZONE-A,244.0,211.4,35.33,14.9,1.1,1.8,260.0
PROD-13537,2026-03-16,MINE-04,MINE-04-ZONE-B,244.0,205.0,34.31,14.2,1.8,1.8,260.0
PROD-13538,2026-03-16,MINE-04,MINE-04-ZONE-C,244.0,177.2,35.57,11.5,4.5,1.8,260.0
PROD-13539,2026-03-16,MINE-04,MINE-04-ZONE-D,244.0,222.9,40.72,15.5,0.5,1.8,260.0
PROD-13540,2026-03-16,MINE-04,MINE-04-ZONE-E,244.0,200.3,41.63,13.3,2.7,1.8,260.0
PROD-13541,2026-03-17,MINE-01,MINE-01-ZONE-A,248.0,235.4,33.22,14.6,1.4,3.8,260.0
PROD-13542,2026-03-17,MINE-01,MINE-01-ZONE-B,248.0,222.2,40.0,15.0,1.0,3.8,260.0
PROD-13543,2026-03-17,MINE-01,MINE-01-ZONE-C,248.0,200.3,35.77,12.2,3.8,3.8,260.0
PROD-13544,2026-03-17,MINE-01,MINE-01-ZONE-D,248.0,226.0,37.32,14.2,1.8,3.8,260.0
PROD-13545,2026-03-17,MINE-01,MINE-01-ZONE-E,248.0,236.3,38.37,14.9,1.1,3.8,260.0
PROD-13546,2026-03-17,MINE-02,MINE-02-ZONE-A,248.0,239.8,41.5,15.0,1.0,3.5,260.0
PROD-13547,2026-03-17,MINE-02,MINE-02-ZONE-B,248.0,200.2,40.4,13.8,2.2,3.5,260.0
PROD-13548,2026-03-17,MINE-02,MINE-02-ZONE-C,248.0,210.0,38.68,12.8,3.2,3.5,260.0
PROD-13549,2026-03-17,MINE-02,MINE-02-ZONE-D,248.0,242.4,38.29,15.3,0.7,3.5,260.0
PROD-13550,2026-03-17,MINE-02,MINE-02-ZONE-E,248.0,249.0,32.21,15.4,0.6,3.5,260.0
PROD-13551,2026-03-17,MINE-03,MINE-03-ZONE-A,248.0,247.0,33.23,15.2,0.8,0.6,260.0
PROD-13552,2026-03-17,MINE-03,MINE-03-ZONE-B,248.0,232.3,43.32,14.3,1.7,0.6,260.0
PROD-13553,2026-03-17,MINE-03,MINE-03-ZONE-C,248.0,211.7,35.99,14.5,1.5,0.6,260.0
PROD-13554,2026-03-17,MINE-03,MINE-03-ZONE-D,248.0,202.0,38.13,12.5,3.5,0.6,260.0
PROD-13555,2026-03-17,MINE-03,MINE-03-ZONE-E,248.0,197.0,35.15,11.9,4.1,0.6,260.0
PROD-13556,2026-03-17,MINE-04,MINE-04-ZONE-A,248.0,207.1,37.45,13.6,2.4,1.6,260.0
PROD-13557,2026-03-17,MINE-04,MINE-04-ZONE-B,248.0,198.2,38.61,12.6,3.4,1.6,260.0
PROD-13558,2026-03-17,MINE-04,MINE-04-ZONE-C,248.0,232.5,40.09,14.8,1.2,1.6,260.0
PROD-13559,2026-03-17,MINE-04,MINE-04-ZONE-D,248.0,173.7,36.63,11.8,4.2,1.6,260.0
PROD-13560,2026-03-17,MINE-04,MINE-04-ZONE-E,248.0,192.8,42.95,12.5,3.5,1.6,260.0
PROD-13561,2026-03-18,MINE-01,MINE-01-ZONE-A,252.0,217.2,40.08,12.9,3.1,0.0,260.0
PROD-13562,2026-03-18,MINE-01,MINE-01-ZONE-B,252.0,231.7,41.28,14.6,1.4,0.0,260.0
PROD-13563,2026-03-18,MINE-01,MINE-01-ZONE-C,252.0,189.5,41.89,12.8,3.2,0.0,260.0
PROD-13564,2026-03-18,MINE-01,MINE-01-ZONE-D,252.0,216.9,37.34,13.0,3.0,0.0,260.0
PROD-13565,2026-03-18,MINE-01,MINE-01-ZONE-E,252.0,198.0,41.86,11.8,4.2,0.0,260.0
PROD-13566,2026-03-18,MINE-02,MINE-02-ZONE-A,252.0,221.1,35.83,13.9,2.1,0.1,260.0
PROD-13567,2026-03-18,MINE-02,MINE-02-ZONE-B,252.0,218.3,36.13,14.2,1.8,0.1,260.0
PROD-13568,2026-03-18,MINE-02,MINE-02-ZONE-C,252.0,208.7,38.87,13.5,2.5,0.1,260.0
PROD-13569,2026-03-18,MINE-02,MINE-02-ZONE-D,252.0,185.6,41.11,12.7,3.3,0.1,260.0
PROD-13570,2026-03-18,MINE-02,MINE-02-ZONE-E,252.0,244.9,32.01,14.8,1.2,0.1,260.0
PROD-13571,2026-03-18,MINE-03,MINE-03-ZONE-A,252.0,229.3,38.8,13.8,2.2,3.1,260.0
PROD-13572,2026-03-18,MINE-03,MINE-03-ZONE-B,252.0,232.7,42.73,15.3,0.7,3.1,260.0
PROD-13573,2026-03-18,MINE-03,MINE-03-ZONE-C,252.0,218.1,37.15,13.4,2.6,3.1,260.0
PROD-13574,2026-03-18,MINE-03,MINE-03-ZONE-D,252.0,225.3,36.66,14.0,2.0,3.1,260.0
PROD-13575,2026-03-18,MINE-03,MINE-03-ZONE-E,252.0,207.5,37.43,13.8,2.2,3.1,260.0
PROD-13576,2026-03-18,MINE-04,MINE-04-ZONE-A,252.0,222.9,32.52,14.4,1.6,3.2,260.0
PROD-13577,2026-03-18,MINE-04,MINE-04-ZONE-B,252.0,206.1,36.97,13.9,2.1,3.2,260.0
PROD-13578,2026-03-18,MINE-04,MINE-04-ZONE-C,252.0,181.6,38.72,11.8,4.2,3.2,260.0
PROD-13579,2026-03-18,MINE-04,MINE-04-ZONE-D,252.0,235.0,32.7,14.3,1.7,3.2,260.0
PROD-13580,2026-03-18,MINE-04,MINE-04-ZONE-E,252.0,224.0,38.14,14.1,1.9,3.2,260.0
PROD-13581,2026-03-19,MINE-01,MINE-01-ZONE-A,256.0,239.6,39.39,14.7,1.3,3.3,260.0
PROD-13582,2026-03-19,MINE-01,MINE-01-ZONE-B,256.0,239.4,36.77,14.9,1.1,3.3,260.0
PROD-13583,2026-03-19,MINE-01,MINE-01-ZONE-C,256.0,226.9,42.05,14.4,1.6,3.3,260.0
PROD-13584,2026-03-19,MINE-01,MINE-01-ZONE-D,256.0,182.1,41.63,12.1,3.9,3.3,260.0
PROD-13585,2026-03-19,MINE-01,MINE-01-ZONE-E,256.0,195.8,40.1,12.3,3.7,3.3,260.0
PROD-13586,2026-03-19,MINE-02,MINE-02-ZONE-A,256.0,219.1,35.01,14.5,1.5,3.0,260.0
PROD-13587,2026-03-19,MINE-02,MINE-02-ZONE-B,256.0,231.9,41.2,14.6,1.4,3.0,260.0
PROD-13588,2026-03-19,MINE-02,MINE-02-ZONE-C,256.0,227.0,33.51,14.4,1.6,3.0,260.0
PROD-13589,2026-03-19,MINE-02,MINE-02-ZONE-D,256.0,234.4,34.96,15.1,0.9,3.0,260.0
PROD-13590,2026-03-19,MINE-02,MINE-02-ZONE-E,256.0,193.3,35.93,12.0,4.0,3.0,260.0
PROD-13591,2026-03-19,MINE-03,MINE-03-ZONE-A,256.0,223.1,42.15,14.1,1.9,1.9,260.0
PROD-13592,2026-03-19,MINE-03,MINE-03-ZONE-B,256.0,195.9,34.09,13.2,2.8,1.9,260.0
PROD-13593,2026-03-19,MINE-03,MINE-03-ZONE-C,256.0,224.0,32.18,13.5,2.5,1.9,260.0
PROD-13594,2026-03-19,MINE-03,MINE-03-ZONE-D,256.0,225.2,32.74,14.4,1.6,1.9,260.0
PROD-13595,2026-03-19,MINE-03,MINE-03-ZONE-E,256.0,174.3,39.89,11.5,4.5,1.9,260.0
PROD-13596,2026-03-19,MINE-04,MINE-04-ZONE-A,256.0,201.8,39.2,13.0,3.0,2.2,260.0
PROD-13597,2026-03-19,MINE-04,MINE-04-ZONE-B,256.0,237.0,42.18,14.1,1.9,2.2,260.0
PROD-13598,2026-03-19,MINE-04,MINE-04-ZONE-C,256.0,226.8,41.73,14.2,1.8,2.2,260.0
PROD-13599,2026-03-19,MINE-04,MINE-04-ZONE-D,256.0,204.8,35.35,13.4,2.6,2.2,260.0
PROD-13600,2026-03-19,MINE-04,MINE-04-ZONE-E,256.0,178.3,37.22,11.9,4.1,2.2,260.0
PROD-13601,2026-03-20,MINE-01,MINE-01-ZONE-A,300.0,288.6,39.41,14.8,1.2,0.4,260.0
PROD-13602,2026-03-20,MINE-01,MINE-01-ZONE-B,300.0,272.5,37.82,15.1,0.9,0.4,260.0
PROD-13603,2026-03-20,MINE-01,MINE-01-ZONE-C,300.0,222.1,41.95,11.7,4.3,0.4,260.0
PROD-13604,2026-03-20,MINE-01,MINE-01-ZONE-D,300.0,276.0,37.57,15.4,0.6,0.4,260.0
PROD-13605,2026-03-20,MINE-01,MINE-01-ZONE-E,300.0,211.3,33.43,11.8,4.2,0.4,260.0
PROD-13606,2026-03-20,MINE-02,MINE-02-ZONE-A,300.0,242.1,42.8,12.8,3.2,0.9,260.0
PROD-13607,2026-03-20,MINE-02,MINE-02-ZONE-B,300.0,253.1,42.3,14.0,2.0,0.9,260.0
PROD-13608,2026-03-20,MINE-02,MINE-02-ZONE-C,300.0,225.0,43.83,12.2,3.8,0.9,260.0
PROD-13609,2026-03-20,MINE-02,MINE-02-ZONE-D,300.0,235.7,43.65,12.2,3.8,0.9,260.0
PROD-13610,2026-03-20,MINE-02,MINE-02-ZONE-E,300.0,272.4,33.88,15.0,1.0,0.9,260.0
PROD-13611,2026-03-20,MINE-03,MINE-03-ZONE-A,300.0,286.9,43.25,15.3,0.7,1.1,260.0
PROD-13612,2026-03-20,MINE-03,MINE-03-ZONE-B,300.0,254.1,32.54,14.1,1.9,1.1,260.0
PROD-13613,2026-03-20,MINE-03,MINE-03-ZONE-C,300.0,284.7,33.27,15.1,0.9,1.1,260.0
PROD-13614,2026-03-20,MINE-03,MINE-03-ZONE-D,300.0,263.3,36.48,14.5,1.5,1.1,260.0
PROD-13615,2026-03-20,MINE-03,MINE-03-ZONE-E,300.0,276.0,33.02,14.6,1.4,1.1,260.0
PROD-13616,2026-03-20,MINE-04,MINE-04-ZONE-A,300.0,271.1,32.26,15.3,0.7,2.9,260.0
PROD-13617,2026-03-20,MINE-04,MINE-04-ZONE-B,300.0,240.5,37.16,12.7,3.3,2.9,260.0
PROD-13618,2026-03-20,MINE-04,MINE-04-ZONE-C,300.0,250.7,36.09,14.0,2.0,2.9,260.0
PROD-13619,2026-03-20,MINE-04,MINE-04-ZONE-D,300.0,239.5,40.4,12.6,3.4,2.9,260.0
PROD-13620,2026-03-20,MINE-04,MINE-04-ZONE-E,300.0,289.7,36.25,15.2,0.8,2.9,260.0
PROD-13621,2026-03-21,MINE-01,MINE-01-ZONE-A,304.0,233.3,37.39,13.1,2.9,0.9,260.0
PROD-13622,2026-03-21,MINE-01,MINE-01-ZONE-B,304.0,227.3,33.71,11.5,4.5,0.9,260.0
PROD-13623,2026-03-21,MINE-01,MINE-01-ZONE-C,304.0,302.5,36.13,15.5,0.5,0.9,260.0
PROD-13624,2026-03-21,MINE-01,MINE-01-ZONE-D,304.0,224.6,40.91,12.3,3.7,0.9,260.0
PROD-13625,2026-03-21,MINE-01,MINE-01-ZONE-E,304.0,284.6,39.53,15.2,0.8,0.9,260.0
PROD-13626,2026-03-21,MINE-02,MINE-02-ZONE-A,304.0,265.8,41.22,13.6,2.4,1.3,260.0
PROD-13627,2026-03-21,MINE-02,MINE-02-ZONE-B,304.0,268.8,37.29,14.4,1.6,1.3,260.0
PROD-13628,2026-03-21,MINE-02,MINE-02-ZONE-C,304.0,263.0,32.15,14.3,1.7,1.3,260.0
PROD-13629,2026-03-21,MINE-02,MINE-02-ZONE-D,304.0,240.0,43.34,12.5,3.5,1.3,260.0
PROD-13630,2026-03-21,MINE-02,MINE-02-ZONE-E,304.0,272.2,40.39,14.1,1.9,1.3,260.0
PROD-13631,2026-03-21,MINE-03,MINE-03-ZONE-A,304.0,274.1,37.42,15.1,0.9,0.2,260.0
PROD-13632,2026-03-21,MINE-03,MINE-03-ZONE-B,304.0,270.4,40.54,13.5,2.5,0.2,260.0
PROD-13633,2026-03-21,MINE-03,MINE-03-ZONE-C,304.0,263.1,39.91,14.1,1.9,0.2,260.0
PROD-13634,2026-03-21,MINE-03,MINE-03-ZONE-D,304.0,252.7,32.8,12.9,3.1,0.2,260.0
PROD-13635,2026-03-21,MINE-03,MINE-03-ZONE-E,304.0,294.7,38.65,15.4,0.6,0.2,260.0
PROD-13636,2026-03-21,MINE-04,MINE-04-ZONE-A,304.0,235.8,37.72,12.2,3.8,0.7,260.0
PROD-13637,2026-03-21,MINE-04,MINE-04-ZONE-B,304.0,295.0,41.57,15.3,0.7,0.7,260.0
PROD-13638,2026-03-21,MINE-04,MINE-04-ZONE-C,304.0,236.2,34.95,13.0,3.0,0.7,260.0
PROD-13639,2026-03-21,MINE-04,MINE-04-ZONE-D,304.0,239.4,39.51,12.8,3.2,0.7,260.0
PROD-13640,2026-03-21,MINE-04,MINE-04-ZONE-E,304.0,240.9,36.64,12.8,3.2,0.7,260.0
PROD-13641,2026-03-22,MINE-01,MINE-01-ZONE-A,224.0,173.5,34.45,12.2,3.8,2.5,260.0
PROD-13642,2026-03-22,MINE-01,MINE-01-ZONE-B,224.0,191.0,40.21,14.5,1.5,2.5,260.0
PROD-13643,2026-03-22,MINE-01,MINE-01-ZONE-C,224.0,204.1,33.86,15.0,1.0,2.5,260.0
PROD-13644,2026-03-22,MINE-01,MINE-01-ZONE-D,224.0,163.1,39.63,12.0,4.0,2.5,260.0
PROD-13645,2026-03-22,MINE-01,MINE-01-ZONE-E,224.0,179.5,36.41,12.6,3.4,2.5,260.0
PROD-13646,2026-03-22,MINE-02,MINE-02-ZONE-A,224.0,203.1,33.0,14.6,1.4,2.0,260.0
PROD-13647,2026-03-22,MINE-02,MINE-02-ZONE-B,224.0,171.6,34.31,12.1,3.9,2.0,260.0
PROD-13648,2026-03-22,MINE-02,MINE-02-ZONE-C,224.0,226.1,34.94,15.3,0.7,2.0,260.0
PROD-13649,2026-03-22,MINE-02,MINE-02-ZONE-D,224.0,178.0,34.95,12.2,3.8,2.0,260.0
PROD-13650,2026-03-22,MINE-02,MINE-02-ZONE-E,224.0,175.9,40.36,12.5,3.5,2.0,260.0
PROD-13651,2026-03-22,MINE-03,MINE-03-ZONE-A,224.0,172.5,32.88,12.0,4.0,3.2,260.0
PROD-13652,2026-03-22,MINE-03,MINE-03-ZONE-B,224.0,204.7,39.19,14.9,1.1,3.2,260.0
PROD-13653,2026-03-22,MINE-03,MINE-03-ZONE-C,224.0,190.8,36.56,13.0,3.0,3.2,260.0
PROD-13654,2026-03-22,MINE-03,MINE-03-ZONE-D,224.0,218.0,41.06,14.7,1.3,3.2,260.0
PROD-13655,2026-03-22,MINE-03,MINE-03-ZONE-E,224.0,178.5,37.89,13.4,2.6,3.2,260.0
PROD-13656,2026-03-22,MINE-04,MINE-04-ZONE-A,224.0,193.5,37.96,13.3,2.7,3.1,260.0
PROD-13657,2026-03-22,MINE-04,MINE-04-ZONE-B,224.0,182.7,43.83,14.1,1.9,3.1,260.0
PROD-13658,2026-03-22,MINE-04,MINE-04-ZONE-C,224.0,177.6,33.67,11.9,4.1,3.1,260.0
PROD-13659,2026-03-22,MINE-04,MINE-04-ZONE-D,224.0,217.8,40.01,15.1,0.9,3.1,260.0
PROD-13660,2026-03-22,MINE-04,MINE-04-ZONE-E,224.0,210.2,36.24,15.4,0.6,3.1,260.0
PROD-13661,2026-03-23,MINE-01,MINE-01-ZONE-A,228.0,176.0,34.21,12.7,3.3,3.2,260.0
PROD-13662,2026-03-23,MINE-01,MINE-01-ZONE-B,228.0,202.1,34.64,13.7,2.3,3.2,260.0
PROD-13663,2026-03-23,MINE-01,MINE-01-ZONE-C,228.0,156.3,33.73,12.0,4.0,3.2,260.0
PROD-13664,2026-03-23,MINE-01,MINE-01-ZONE-D,228.0,202.3,43.32,14.8,1.2,3.2,260.0
PROD-13665,2026-03-23,MINE-01,MINE-01-ZONE-E,228.0,215.3,34.99,14.6,1.4,3.2,260.0
PROD-13666,2026-03-23,MINE-02,MINE-02-ZONE-A,228.0,161.8,36.71,11.7,4.3,1.7,260.0
PROD-13667,2026-03-23,MINE-02,MINE-02-ZONE-B,228.0,163.9,37.63,11.8,4.2,1.7,260.0
PROD-13668,2026-03-23,MINE-02,MINE-02-ZONE-C,228.0,197.9,38.14,13.9,2.1,1.7,260.0
PROD-13669,2026-03-23,MINE-02,MINE-02-ZONE-D,228.0,175.5,35.34,13.1,2.9,1.7,260.0
PROD-13670,2026-03-23,MINE-02,MINE-02-ZONE-E,228.0,168.0,36.41,12.3,3.7,1.7,260.0
PROD-13671,2026-03-23,MINE-03,MINE-03-ZONE-A,228.0,207.6,39.51,15.0,1.0,0.5,260.0
PROD-13672,2026-03-23,MINE-03,MINE-03-ZONE-B,228.0,215.8,38.94,14.2,1.8,0.5,260.0
PROD-13673,2026-03-23,MINE-03,MINE-03-ZONE-C,228.0,162.6,36.6,11.6,4.4,0.5,260.0
PROD-13674,2026-03-23,MINE-03,MINE-03-ZONE-D,228.0,178.7,33.72,11.8,4.2,0.5,260.0
PROD-13675,2026-03-23,MINE-03,MINE-03-ZONE-E,228.0,193.1,41.19,12.8,3.2,0.5,260.0
PROD-13676,2026-03-23,MINE-04,MINE-04-ZONE-A,228.0,188.4,40.53,12.5,3.5,1.9,260.0
PROD-13677,2026-03-23,MINE-04,MINE-04-ZONE-B,228.0,223.0,40.88,14.8,1.2,1.9,260.0
PROD-13678,2026-03-23,MINE-04,MINE-04-ZONE-C,228.0,183.4,39.01,12.7,3.3,1.9,260.0
PROD-13679,2026-03-23,MINE-04,MINE-04-ZONE-D,228.0,212.4,35.23,14.6,1.4,1.9,260.0
PROD-13680,2026-03-23,MINE-04,MINE-04-ZONE-E,228.0,200.0,33.32,14.9,1.1,1.9,260.0
PROD-13681,2026-03-24,MINE-01,MINE-01-ZONE-A,232.0,208.2,36.45,13.8,2.2,0.6,260.0
PROD-13682,2026-03-24,MINE-01,MINE-01-ZONE-B,232.0,213.8,34.35,15.5,0.5,0.6,260.0
PROD-13683,2026-03-24,MINE-01,MINE-01-ZONE-C,232.0,171.1,43.81,11.9,4.1,0.6,260.0
PROD-13684,2026-03-24,MINE-01,MINE-01-ZONE-D,232.0,194.5,40.02,12.7,3.3,0.6,260.0
PROD-13685,2026-03-24,MINE-01,MINE-01-ZONE-E,232.0,177.4,36.14,12.7,3.3,0.6,260.0
PROD-13686,2026-03-24,MINE-02,MINE-02-ZONE-A,232.0,196.5,42.3,13.5,2.5,2.2,260.0
PROD-13687,2026-03-24,MINE-02,MINE-02-ZONE-B,232.0,204.6,38.24,15.0,1.0,2.2,260.0
PROD-13688,2026-03-24,MINE-02,MINE-02-ZONE-C,232.0,169.5,32.29,12.7,3.3,2.2,260.0
PROD-13689,2026-03-24,MINE-02,MINE-02-ZONE-D,232.0,213.6,33.61,14.6,1.4,2.2,260.0
PROD-13690,2026-03-24,MINE-02,MINE-02-ZONE-E,232.0,207.6,42.09,14.3,1.7,2.2,260.0
PROD-13691,2026-03-24,MINE-03,MINE-03-ZONE-A,232.0,182.6,41.29,11.7,4.3,0.9,260.0
PROD-13692,2026-03-24,MINE-03,MINE-03-ZONE-B,232.0,216.9,42.57,14.7,1.3,0.9,260.0
PROD-13693,2026-03-24,MINE-03,MINE-03-ZONE-C,232.0,196.4,40.38,12.7,3.3,0.9,260.0
PROD-13694,2026-03-24,MINE-03,MINE-03-ZONE-D,232.0,195.2,43.07,14.4,1.6,0.9,260.0
PROD-13695,2026-03-24,MINE-03,MINE-03-ZONE-E,232.0,203.2,37.34,13.5,2.5,0.9,260.0
PROD-13696,2026-03-24,MINE-04,MINE-04-ZONE-A,232.0,196.9,34.64,13.9,2.1,3.1,260.0
PROD-13697,2026-03-24,MINE-04,MINE-04-ZONE-B,232.0,224.9,43.75,14.9,1.1,3.1,260.0
PROD-13698,2026-03-24,MINE-04,MINE-04-ZONE-C,232.0,183.5,33.35,13.4,2.6,3.1,260.0
PROD-13699,2026-03-24,MINE-04,MINE-04-ZONE-D,232.0,176.7,41.91,11.5,4.5,3.1,260.0
PROD-13700,2026-03-24,MINE-04,MINE-04-ZONE-E,232.0,234.7,32.59,15.4,0.6,3.1,260.0
PROD-13701,2026-03-25,MINE-01,MINE-01-ZONE-A,276.0,209.7,35.51,11.9,4.1,1.4,260.0
PROD-13702,2026-03-25,MINE-01,MINE-01-ZONE-B,276.0,191.5,41.81,11.8,4.2,1.4,260.0
PROD-13703,2026-03-25,MINE-01,MINE-01-ZONE-C,276.0,224.1,34.44,12.4,3.6,1.4,260.0
PROD-13704,2026-03-25,MINE-01,MINE-01-ZONE-D,276.0,188.9,42.19,11.5,4.5,1.4,260.0
PROD-13705,2026-03-25,MINE-01,MINE-01-ZONE-E,276.0,216.3,43.36,12.8,3.2,1.4,260.0
PROD-13706,2026-03-25,MINE-02,MINE-02-ZONE-A,276.0,244.7,40.3,13.5,2.5,1.9,260.0
PROD-13707,2026-03-25,MINE-02,MINE-02-ZONE-B,276.0,224.6,40.88,13.1,2.9,1.9,260.0
PROD-13708,2026-03-25,MINE-02,MINE-02-ZONE-C,276.0,251.9,32.1,15.2,0.8,1.9,260.0
PROD-13709,2026-03-25,MINE-02,MINE-02-ZONE-D,276.0,248.9,39.28,14.2,1.8,1.9,260.0
PROD-13710,2026-03-25,MINE-02,MINE-02-ZONE-E,276.0,245.0,42.99,14.4,1.6,1.9,260.0
PROD-13711,2026-03-25,MINE-03,MINE-03-ZONE-A,276.0,259.5,36.45,15.0,1.0,1.4,260.0
PROD-13712,2026-03-25,MINE-03,MINE-03-ZONE-B,276.0,239.1,42.01,13.8,2.2,1.4,260.0
PROD-13713,2026-03-25,MINE-03,MINE-03-ZONE-C,276.0,248.3,35.14,15.0,1.0,1.4,260.0
PROD-13714,2026-03-25,MINE-03,MINE-03-ZONE-D,276.0,251.5,42.9,14.0,2.0,1.4,260.0
PROD-13715,2026-03-25,MINE-03,MINE-03-ZONE-E,276.0,198.9,41.9,11.8,4.2,1.4,260.0
PROD-13716,2026-03-25,MINE-04,MINE-04-ZONE-A,276.0,210.3,32.93,11.6,4.4,1.8,260.0
PROD-13717,2026-03-25,MINE-04,MINE-04-ZONE-B,276.0,197.9,33.32,11.9,4.1,1.8,260.0
PROD-13718,2026-03-25,MINE-04,MINE-04-ZONE-C,276.0,253.9,40.58,14.1,1.9,1.8,260.0
PROD-13719,2026-03-25,MINE-04,MINE-04-ZONE-D,276.0,208.4,38.49,11.9,4.1,1.8,260.0
PROD-13720,2026-03-25,MINE-04,MINE-04-ZONE-E,276.0,276.0,40.8,15.3,0.7,1.8,260.0
PROD-13721,2026-03-26,MINE-01,MINE-01-ZONE-A,280.0,237.5,40.82,13.2,2.8,1.7,260.0
PROD-13722,2026-03-26,MINE-01,MINE-01-ZONE-B,280.0,254.9,32.74,14.4,1.6,1.7,260.0
PROD-13723,2026-03-26,MINE-01,MINE-01-ZONE-C,280.0,258.6,36.18,15.3,0.7,1.7,260.0
PROD-13724,2026-03-26,MINE-01,MINE-01-ZONE-D,280.0,244.0,32.91,14.0,2.0,1.7,260.0
PROD-13725,2026-03-26,MINE-01,MINE-01-ZONE-E,280.0,249.1,38.27,14.6,1.4,1.7,260.0
PROD-13726,2026-03-26,MINE-02,MINE-02-ZONE-A,280.0,218.6,39.75,12.9,3.1,0.5,260.0
PROD-13727,2026-03-26,MINE-02,MINE-02-ZONE-B,280.0,236.4,36.23,13.6,2.4,0.5,260.0
PROD-13728,2026-03-26,MINE-02,MINE-02-ZONE-C,280.0,253.6,39.67,15.3,0.7,0.5,260.0
PROD-13729,2026-03-26,MINE-02,MINE-02-ZONE-D,280.0,261.0,43.18,15.1,0.9,0.5,260.0
PROD-13730,2026-03-26,MINE-02,MINE-02-ZONE-E,280.0,243.1,37.84,14.0,2.0,0.5,260.0
PROD-13731,2026-03-26,MINE-03,MINE-03-ZONE-A,280.0,213.2,32.43,12.2,3.8,2.8,260.0
PROD-13732,2026-03-26,MINE-03,MINE-03-ZONE-B,280.0,206.3,33.86,11.7,4.3,2.8,260.0
PROD-13733,2026-03-26,MINE-03,MINE-03-ZONE-C,280.0,248.4,33.23,13.6,2.4,2.8,260.0
PROD-13734,2026-03-26,MINE-03,MINE-03-ZONE-D,280.0,207.3,38.71,11.9,4.1,2.8,260.0
PROD-13735,2026-03-26,MINE-03,MINE-03-ZONE-E,280.0,219.9,33.23,12.7,3.3,2.8,260.0
PROD-13736,2026-03-26,MINE-04,MINE-04-ZONE-A,280.0,258.4,43.13,15.1,0.9,2.3,260.0
PROD-13737,2026-03-26,MINE-04,MINE-04-ZONE-B,280.0,248.8,43.73,13.8,2.2,2.3,260.0
PROD-13738,2026-03-26,MINE-04,MINE-04-ZONE-C,280.0,262.8,37.64,15.0,1.0,2.3,260.0
PROD-13739,2026-03-26,MINE-04,MINE-04-ZONE-D,280.0,210.2,38.95,12.2,3.8,2.3,260.0
PROD-13740,2026-03-26,MINE-04,MINE-04-ZONE-E,280.0,210.0,34.39,12.6,3.4,2.3,260.0
PROD-13741,2026-03-27,MINE-01,MINE-01-ZONE-A,284.0,243.8,32.5,13.8,2.2,0.6,260.0
PROD-13742,2026-03-27,MINE-01,MINE-01-ZONE-B,284.0,237.4,43.64,14.2,1.8,0.6,260.0
PROD-13743,2026-03-27,MINE-01,MINE-01-ZONE-C,284.0,233.7,35.07,13.4,2.6,0.6,260.0
PROD-13744,2026-03-27,MINE-01,MINE-01-ZONE-D,284.0,215.6,36.17,12.9,3.1,0.6,260.0
PROD-13745,2026-03-27,MINE-01,MINE-01-ZONE-E,284.0,257.8,38.55,14.2,1.8,0.6,260.0
PROD-13746,2026-03-27,MINE-02,MINE-02-ZONE-A,284.0,268.4,43.85,14.5,1.5,3.3,260.0
PROD-13747,2026-03-27,MINE-02,MINE-02-ZONE-B,284.0,234.8,41.13,13.2,2.8,3.3,260.0
PROD-13748,2026-03-27,MINE-02,MINE-02-ZONE-C,284.0,249.9,36.8,14.8,1.2,3.3,260.0
PROD-13749,2026-03-27,MINE-02,MINE-02-ZONE-D,284.0,260.9,41.32,14.9,1.1,3.3,260.0
PROD-13750,2026-03-27,MINE-02,MINE-02-ZONE-E,284.0,240.8,32.8,13.6,2.4,3.3,260.0
PROD-13751,2026-03-27,MINE-03,MINE-03-ZONE-A,284.0,261.0,43.15,14.2,1.8,0.6,260.0
PROD-13752,2026-03-27,MINE-03,MINE-03-ZONE-B,284.0,244.1,42.43,13.8,2.2,0.6,260.0
PROD-13753,2026-03-27,MINE-03,MINE-03-ZONE-C,284.0,285.9,34.43,15.5,0.5,0.6,260.0
PROD-13754,2026-03-27,MINE-03,MINE-03-ZONE-D,284.0,264.5,34.45,14.9,1.1,0.6,260.0
PROD-13755,2026-03-27,MINE-03,MINE-03-ZONE-E,284.0,209.7,37.75,11.9,4.1,0.6,260.0
PROD-13756,2026-03-27,MINE-04,MINE-04-ZONE-A,284.0,249.1,41.73,14.0,2.0,2.9,260.0
PROD-13757,2026-03-27,MINE-04,MINE-04-ZONE-B,284.0,251.4,39.66,14.6,1.4,2.9,260.0
PROD-13758,2026-03-27,MINE-04,MINE-04-ZONE-C,284.0,222.7,33.98,12.3,3.7,2.9,260.0
PROD-13759,2026-03-27,MINE-04,MINE-04-ZONE-D,284.0,264.5,43.32,15.0,1.0,2.9,260.0
PROD-13760,2026-03-27,MINE-04,MINE-04-ZONE-E,284.0,256.9,32.05,13.8,2.2,2.9,260.0
PROD-13761,2026-03-28,MINE-01,MINE-01-ZONE-A,288.0,248.7,43.3,13.3,2.7,0.4,260.0
PROD-13762,2026-03-28,MINE-01,MINE-01-ZONE-B,288.0,291.1,43.09,15.5,0.5,0.4,260.0
PROD-13763,2026-03-28,MINE-01,MINE-01-ZONE-C,288.0,276.3,32.1,15.0,1.0,0.4,260.0
PROD-13764,2026-03-28,MINE-01,MINE-01-ZONE-D,288.0,256.2,38.67,13.7,2.3,0.4,260.0
PROD-13765,2026-03-28,MINE-01,MINE-01-ZONE-E,288.0,216.5,37.81,12.6,3.4,0.4,260.0
PROD-13766,2026-03-28,MINE-02,MINE-02-ZONE-A,288.0,243.0,40.96,13.6,2.4,0.7,260.0
PROD-13767,2026-03-28,MINE-02,MINE-02-ZONE-B,288.0,213.2,41.12,12.5,3.5,0.7,260.0
PROD-13768,2026-03-28,MINE-02,MINE-02-ZONE-C,288.0,251.4,40.32,14.3,1.7,0.7,260.0
PROD-13769,2026-03-28,MINE-02,MINE-02-ZONE-D,288.0,244.4,36.68,13.6,2.4,0.7,260.0
PROD-13770,2026-03-28,MINE-02,MINE-02-ZONE-E,288.0,281.5,32.1,15.5,0.5,0.7,260.0
PROD-13771,2026-03-28,MINE-03,MINE-03-ZONE-A,288.0,201.2,32.58,11.9,4.1,3.8,260.0
PROD-13772,2026-03-28,MINE-03,MINE-03-ZONE-B,288.0,275.9,33.69,14.9,1.1,3.8,260.0
PROD-13773,2026-03-28,MINE-03,MINE-03-ZONE-C,288.0,248.2,34.6,14.3,1.7,3.8,260.0
PROD-13774,2026-03-28,MINE-03,MINE-03-ZONE-D,288.0,214.3,40.87,12.8,3.2,3.8,260.0
PROD-13775,2026-03-28,MINE-03,MINE-03-ZONE-E,288.0,251.7,39.95,13.6,2.4,3.8,260.0
PROD-13776,2026-03-28,MINE-04,MINE-04-ZONE-A,288.0,195.2,39.43,11.6,4.4,2.3,260.0
PROD-13777,2026-03-28,MINE-04,MINE-04-ZONE-B,288.0,217.3,37.13,11.8,4.2,2.3,260.0
PROD-13778,2026-03-28,MINE-04,MINE-04-ZONE-C,288.0,270.5,39.57,15.0,1.0,2.3,260.0
PROD-13779,2026-03-28,MINE-04,MINE-04-ZONE-D,288.0,265.9,39.32,15.1,0.9,2.3,260.0
PROD-13780,2026-03-28,MINE-04,MINE-04-ZONE-E,288.0,249.0,41.24,14.1,1.9,2.3,260.0
PROD-13781,2026-03-29,MINE-01,MINE-01-ZONE-A,208.0,166.3,39.31,13.9,2.1,1.1,260.0
PROD-13782,2026-03-29,MINE-01,MINE-01-ZONE-B,208.0,166.6,34.81,12.8,3.2,1.1,260.0
PROD-13783,2026-03-29,MINE-01,MINE-01-ZONE-C,208.0,178.3,32.21,14.3,1.7,1.1,260.0
PROD-13784,2026-03-29,MINE-01,MINE-01-ZONE-D,208.0,152.8,43.23,12.6,3.4,1.1,260.0
PROD-13785,2026-03-29,MINE-01,MINE-01-ZONE-E,208.0,170.1,43.84,12.1,3.9,1.1,260.0
PROD-13786,2026-03-29,MINE-02,MINE-02-ZONE-A,208.0,186.7,34.36,14.0,2.0,3.0,260.0
PROD-13787,2026-03-29,MINE-02,MINE-02-ZONE-B,208.0,167.5,40.33,13.7,2.3,3.0,260.0
PROD-13788,2026-03-29,MINE-02,MINE-02-ZONE-C,208.0,180.9,32.91,15.0,1.0,3.0,260.0
PROD-13789,2026-03-29,MINE-02,MINE-02-ZONE-D,208.0,201.3,40.44,14.5,1.5,3.0,260.0
PROD-13790,2026-03-29,MINE-02,MINE-02-ZONE-E,208.0,172.4,35.41,13.7,2.3,3.0,260.0
PROD-13791,2026-03-29,MINE-03,MINE-03-ZONE-A,208.0,162.4,41.15,12.8,3.2,3.3,260.0
PROD-13792,2026-03-29,MINE-03,MINE-03-ZONE-B,208.0,191.4,39.04,14.2,1.8,3.3,260.0
PROD-13793,2026-03-29,MINE-03,MINE-03-ZONE-C,208.0,209.0,32.45,15.2,0.8,3.3,260.0
PROD-13794,2026-03-29,MINE-03,MINE-03-ZONE-D,208.0,149.8,36.76,12.7,3.3,3.3,260.0
PROD-13795,2026-03-29,MINE-03,MINE-03-ZONE-E,208.0,146.6,32.11,12.2,3.8,3.3,260.0
PROD-13796,2026-03-29,MINE-04,MINE-04-ZONE-A,208.0,163.1,36.18,13.5,2.5,2.8,260.0
PROD-13797,2026-03-29,MINE-04,MINE-04-ZONE-B,208.0,161.4,35.14,13.2,2.8,2.8,260.0
PROD-13798,2026-03-29,MINE-04,MINE-04-ZONE-C,208.0,170.4,37.47,13.6,2.4,2.8,260.0
PROD-13799,2026-03-29,MINE-04,MINE-04-ZONE-D,208.0,182.1,34.65,13.3,2.7,2.8,260.0
PROD-13800,2026-03-29,MINE-04,MINE-04-ZONE-E,208.0,184.4,34.48,14.3,1.7,2.8,260.0
PROD-13801,2026-03-30,MINE-01,MINE-01-ZONE-A,252.0,199.3,34.24,13.5,2.5,1.5,260.0
PROD-13802,2026-03-30,MINE-01,MINE-01-ZONE-B,252.0,222.9,38.84,14.4,1.6,1.5,260.0
PROD-13803,2026-03-30,MINE-01,MINE-01-ZONE-C,252.0,187.8,43.64,12.2,3.8,1.5,260.0
PROD-13804,2026-03-30,MINE-01,MINE-01-ZONE-D,252.0,211.8,43.82,12.7,3.3,1.5,260.0
PROD-13805,2026-03-30,MINE-01,MINE-01-ZONE-E,252.0,213.0,41.98,14.0,2.0,1.5,260.0
PROD-13806,2026-03-30,MINE-02,MINE-02-ZONE-A,252.0,178.8,34.49,12.3,3.7,1.1,260.0
PROD-13807,2026-03-30,MINE-02,MINE-02-ZONE-B,252.0,197.2,40.31,11.7,4.3,1.1,260.0
PROD-13808,2026-03-30,MINE-02,MINE-02-ZONE-C,252.0,188.7,36.38,12.2,3.8,1.1,260.0
PROD-13809,2026-03-30,MINE-02,MINE-02-ZONE-D,252.0,183.9,36.71,12.4,3.6,1.1,260.0
PROD-13810,2026-03-30,MINE-02,MINE-02-ZONE-E,252.0,233.7,39.11,14.2,1.8,1.1,260.0
PROD-13811,2026-03-30,MINE-03,MINE-03-ZONE-A,252.0,238.8,40.04,14.8,1.2,1.3,260.0
PROD-13812,2026-03-30,MINE-03,MINE-03-ZONE-B,252.0,210.5,32.41,14.3,1.7,1.3,260.0
PROD-13813,2026-03-30,MINE-03,MINE-03-ZONE-C,252.0,193.5,33.7,12.0,4.0,1.3,260.0
PROD-13814,2026-03-30,MINE-03,MINE-03-ZONE-D,252.0,213.6,33.04,13.3,2.7,1.3,260.0
PROD-13815,2026-03-30,MINE-03,MINE-03-ZONE-E,252.0,197.1,32.21,12.8,3.2,1.3,260.0
PROD-13816,2026-03-30,MINE-04,MINE-04-ZONE-A,252.0,224.5,41.19,15.2,0.8,0.8,260.0
PROD-13817,2026-03-30,MINE-04,MINE-04-ZONE-B,252.0,236.0,37.95,14.4,1.6,0.8,260.0
PROD-13818,2026-03-30,MINE-04,MINE-04-ZONE-C,252.0,249.3,34.44,15.0,1.0,0.8,260.0
PROD-13819,2026-03-30,MINE-04,MINE-04-ZONE-D,252.0,244.7,40.71,15.3,0.7,0.8,260.0
PROD-13820,2026-03-30,MINE-04,MINE-04-ZONE-E,252.0,175.3,37.05,11.5,4.5,0.8,260.0
PROD-13821,2026-03-31,MINE-01,MINE-01-ZONE-A,256.0,197.4,39.18,12.9,3.1,0.8,260.0
PROD-13822,2026-03-31,MINE-01,MINE-01-ZONE-B,256.0,209.8,41.74,12.4,3.6,0.8,260.0
PROD-13823,2026-03-31,MINE-01,MINE-01-ZONE-C,256.0,227.8,40.67,15.1,0.9,0.8,260.0
PROD-13824,2026-03-31,MINE-01,MINE-01-ZONE-D,256.0,209.9,39.14,13.1,2.9,0.8,260.0
PROD-13825,2026-03-31,MINE-01,MINE-01-ZONE-E,256.0,234.6,38.25,14.6,1.4,0.8,260.0
PROD-13826,2026-03-31,MINE-02,MINE-02-ZONE-A,256.0,209.5,35.72,12.6,3.4,2.3,260.0
PROD-13827,2026-03-31,MINE-02,MINE-02-ZONE-B,256.0,207.9,34.08,12.2,3.8,2.3,260.0
PROD-13828,2026-03-31,MINE-02,MINE-02-ZONE-C,256.0,218.4,36.03,12.9,3.1,2.3,260.0
PROD-13829,2026-03-31,MINE-02,MINE-02-ZONE-D,256.0,172.8,38.53,11.7,4.3,2.3,260.0
PROD-13830,2026-03-31,MINE-02,MINE-02-ZONE-E,256.0,193.6,39.5,11.7,4.3,2.3,260.0
PROD-13831,2026-03-31,MINE-03,MINE-03-ZONE-A,256.0,251.8,32.59,15.3,0.7,0.2,260.0
PROD-13832,2026-03-31,MINE-03,MINE-03-ZONE-B,256.0,221.9,37.32,14.4,1.6,0.2,260.0
PROD-13833,2026-03-31,MINE-03,MINE-03-ZONE-C,256.0,212.9,37.01,13.8,2.2,0.2,260.0
PROD-13834,2026-03-31,MINE-03,MINE-03-ZONE-D,256.0,249.1,32.3,14.8,1.2,0.2,260.0
PROD-13835,2026-03-31,MINE-03,MINE-03-ZONE-E,256.0,184.2,43.82,12.3,3.7,0.2,260.0
PROD-13836,2026-03-31,MINE-04,MINE-04-ZONE-A,256.0,200.8,32.8,12.8,3.2,3.0,260.0
PROD-13837,2026-03-31,MINE-04,MINE-04-ZONE-B,256.0,202.8,38.86,12.1,3.9,3.0,260.0
PROD-13838,2026-03-31,MINE-04,MINE-04-ZONE-C,256.0,208.4,43.78,12.4,3.6,3.0,260.0
PROD-13839,2026-03-31,MINE-04,MINE-04-ZONE-D,256.0,207.0,42.46,12.4,3.6,3.0,260.0
PROD-13840,2026-03-31,MINE-04,MINE-04-ZONE-E,256.0,180.3,43.92,11.9,4.1,3.0,260.0
PROD-13841,2026-04-01,MINE-01,MINE-01-ZONE-A,260.0,181.7,43.75,12.0,4.0,1.6,260.0
PROD-13842,2026-04-01,MINE-01,MINE-01-ZONE-B,260.0,220.4,40.09,12.8,3.2,1.6,260.0
PROD-13843,2026-04-01,MINE-01,MINE-01-ZONE-C,260.0,187.4,39.35,12.5,3.5,1.6,260.0
PROD-13844,2026-04-01,MINE-01,MINE-01-ZONE-D,260.0,209.4,37.37,13.5,2.5,1.6,260.0
PROD-13845,2026-04-01,MINE-01,MINE-01-ZONE-E,260.0,232.7,33.14,13.5,2.5,1.6,260.0
PROD-13846,2026-04-01,MINE-02,MINE-02-ZONE-A,260.0,202.4,35.7,13.2,2.8,1.3,260.0
PROD-13847,2026-04-01,MINE-02,MINE-02-ZONE-B,260.0,210.4,37.69,12.8,3.2,1.3,260.0
PROD-13848,2026-04-01,MINE-02,MINE-02-ZONE-C,260.0,235.9,39.77,13.9,2.1,1.3,260.0
PROD-13849,2026-04-01,MINE-02,MINE-02-ZONE-D,260.0,190.4,41.75,12.5,3.5,1.3,260.0
PROD-13850,2026-04-01,MINE-02,MINE-02-ZONE-E,260.0,229.1,33.18,13.8,2.2,1.3,260.0
PROD-13851,2026-04-01,MINE-03,MINE-03-ZONE-A,260.0,214.3,42.78,13.5,2.5,3.1,260.0
PROD-13852,2026-04-01,MINE-03,MINE-03-ZONE-B,260.0,209.0,43.5,12.9,3.1,3.1,260.0
PROD-13853,2026-04-01,MINE-03,MINE-03-ZONE-C,260.0,215.9,38.54,13.9,2.1,3.1,260.0
PROD-13854,2026-04-01,MINE-03,MINE-03-ZONE-D,260.0,196.6,32.29,11.9,4.1,3.1,260.0
PROD-13855,2026-04-01,MINE-03,MINE-03-ZONE-E,260.0,199.7,41.31,12.6,3.4,3.1,260.0
PROD-13856,2026-04-01,MINE-04,MINE-04-ZONE-A,260.0,206.2,36.82,12.9,3.1,3.5,260.0
PROD-13857,2026-04-01,MINE-04,MINE-04-ZONE-B,260.0,201.2,37.19,13.1,2.9,3.5,260.0
PROD-13858,2026-04-01,MINE-04,MINE-04-ZONE-C,260.0,230.2,38.18,13.7,2.3,3.5,260.0
PROD-13859,2026-04-01,MINE-04,MINE-04-ZONE-D,260.0,217.9,37.37,13.2,2.8,3.5,260.0
PROD-13860,2026-04-01,MINE-04,MINE-04-ZONE-E,260.0,237.0,43.87,13.9,2.1,3.5,260.0
PROD-13861,2026-04-02,MINE-01,MINE-01-ZONE-A,264.0,224.7,43.0,14.2,1.8,0.3,260.0
PROD-13862,2026-04-02,MINE-01,MINE-01-ZONE-B,264.0,227.7,38.45,13.1,2.9,0.3,260.0
PROD-13863,2026-04-02,MINE-01,MINE-01-ZONE-C,264.0,214.9,38.97,13.1,2.9,0.3,260.0
PROD-13864,2026-04-02,MINE-01,MINE-01-ZONE-D,264.0,233.6,38.43,14.5,1.5,0.3,260.0
PROD-13865,2026-04-02,MINE-01,MINE-01-ZONE-E,264.0,242.5,37.72,15.0,1.0,0.3,260.0
PROD-13866,2026-04-02,MINE-02,MINE-02-ZONE-A,264.0,221.8,43.69,13.6,2.4,0.9,260.0
PROD-13867,2026-04-02,MINE-02,MINE-02-ZONE-B,264.0,197.2,32.3,12.2,3.8,0.9,260.0
PROD-13868,2026-04-02,MINE-02,MINE-02-ZONE-C,264.0,211.5,36.43,12.1,3.9,0.9,260.0
PROD-13869,2026-04-02,MINE-02,MINE-02-ZONE-D,264.0,191.4,32.35,12.5,3.5,0.9,260.0
PROD-13870,2026-04-02,MINE-02,MINE-02-ZONE-E,264.0,256.4,43.22,15.2,0.8,0.9,260.0
PROD-13871,2026-04-02,MINE-03,MINE-03-ZONE-A,264.0,242.8,42.7,15.0,1.0,4.0,260.0
PROD-13872,2026-04-02,MINE-03,MINE-03-ZONE-B,264.0,197.0,38.62,12.4,3.6,4.0,260.0
PROD-13873,2026-04-02,MINE-03,MINE-03-ZONE-C,264.0,226.7,41.88,14.7,1.3,4.0,260.0
PROD-13874,2026-04-02,MINE-03,MINE-03-ZONE-D,264.0,227.0,36.23,13.1,2.9,4.0,260.0
PROD-13875,2026-04-02,MINE-03,MINE-03-ZONE-E,264.0,235.6,38.41,13.9,2.1,4.0,260.0
PROD-13876,2026-04-02,MINE-04,MINE-04-ZONE-A,264.0,229.1,42.1,13.7,2.3,2.1,260.0
PROD-13877,2026-04-02,MINE-04,MINE-04-ZONE-B,264.0,232.3,32.67,14.3,1.7,2.1,260.0
PROD-13878,2026-04-02,MINE-04,MINE-04-ZONE-C,264.0,219.7,32.05,12.9,3.1,2.1,260.0
PROD-13879,2026-04-02,MINE-04,MINE-04-ZONE-D,264.0,207.6,39.13,13.1,2.9,2.1,260.0
PROD-13880,2026-04-02,MINE-04,MINE-04-ZONE-E,264.0,212.2,37.37,12.9,3.1,2.1,260.0
PROD-13881,2026-04-03,MINE-01,MINE-01-ZONE-A,268.0,203.4,39.67,12.2,3.8,1.2,260.0
PROD-13882,2026-04-03,MINE-01,MINE-01-ZONE-B,268.0,195.7,39.71,11.5,4.5,1.2,260.0
PROD-13883,2026-04-03,MINE-01,MINE-01-ZONE-C,268.0,209.6,32.22,12.4,3.6,1.2,260.0
PROD-13884,2026-04-03,MINE-01,MINE-01-ZONE-D,268.0,263.3,36.08,15.1,0.9,1.2,260.0
PROD-13885,2026-04-03,MINE-01,MINE-01-ZONE-E,268.0,261.3,36.7,15.4,0.6,1.2,260.0
PROD-13886,2026-04-03,MINE-02,MINE-02-ZONE-A,268.0,215.7,34.05,13.0,3.0,2.9,260.0
PROD-13887,2026-04-03,MINE-02,MINE-02-ZONE-B,268.0,193.2,39.94,12.5,3.5,2.9,260.0
PROD-13888,2026-04-03,MINE-02,MINE-02-ZONE-C,268.0,207.0,34.17,13.1,2.9,2.9,260.0
PROD-13889,2026-04-03,MINE-02,MINE-02-ZONE-D,268.0,233.1,39.26,14.6,1.4,2.9,260.0
PROD-13890,2026-04-03,MINE-02,MINE-02-ZONE-E,268.0,206.6,32.19,12.2,3.8,2.9,260.0
PROD-13891,2026-04-03,MINE-03,MINE-03-ZONE-A,268.0,232.4,41.39,14.8,1.2,2.4,260.0
PROD-13892,2026-04-03,MINE-03,MINE-03-ZONE-B,268.0,215.4,43.29,13.5,2.5,2.4,260.0
PROD-13893,2026-04-03,MINE-03,MINE-03-ZONE-C,268.0,213.1,42.86,12.3,3.7,2.4,260.0
PROD-13894,2026-04-03,MINE-03,MINE-03-ZONE-D,268.0,212.2,35.11,12.9,3.1,2.4,260.0
PROD-13895,2026-04-03,MINE-03,MINE-03-ZONE-E,268.0,203.1,34.87,12.3,3.7,2.4,260.0
PROD-13896,2026-04-03,MINE-04,MINE-04-ZONE-A,268.0,202.8,35.46,11.7,4.3,0.4,260.0
PROD-13897,2026-04-03,MINE-04,MINE-04-ZONE-B,268.0,266.9,37.94,15.4,0.6,0.4,260.0
PROD-13898,2026-04-03,MINE-04,MINE-04-ZONE-C,268.0,195.2,39.7,12.4,3.6,0.4,260.0
PROD-13899,2026-04-03,MINE-04,MINE-04-ZONE-D,268.0,237.6,39.96,14.4,1.6,0.4,260.0
PROD-13900,2026-04-03,MINE-04,MINE-04-ZONE-E,268.0,231.2,40.14,13.1,2.9,0.4,260.0
PROD-13901,2026-04-04,MINE-01,MINE-01-ZONE-A,312.0,222.3,40.64,11.9,4.1,3.5,260.0
PROD-13902,2026-04-04,MINE-01,MINE-01-ZONE-B,312.0,256.4,34.5,13.3,2.7,3.5,260.0
PROD-13903,2026-04-04,MINE-01,MINE-01-ZONE-C,312.0,241.5,36.47,12.9,3.1,3.5,260.0
PROD-13904,2026-04-04,MINE-01,MINE-01-ZONE-D,312.0,286.5,35.37,14.5,1.5,3.5,260.0
PROD-13905,2026-04-04,MINE-01,MINE-01-ZONE-E,312.0,260.8,43.7,12.9,3.1,3.5,260.0
PROD-13906,2026-04-04,MINE-02,MINE-02-ZONE-A,312.0,245.8,43.13,12.8,3.2,1.8,260.0
PROD-13907,2026-04-04,MINE-02,MINE-02-ZONE-B,312.0,264.9,42.47,13.4,2.6,1.8,260.0
PROD-13908,2026-04-04,MINE-02,MINE-02-ZONE-C,312.0,270.4,38.74,13.5,2.5,1.8,260.0
PROD-13909,2026-04-04,MINE-02,MINE-02-ZONE-D,312.0,239.5,43.12,12.1,3.9,1.8,260.0
PROD-13910,2026-04-04,MINE-02,MINE-02-ZONE-E,312.0,263.5,39.56,12.9,3.1,1.8,260.0
PROD-13911,2026-04-04,MINE-03,MINE-03-ZONE-A,312.0,244.3,34.59,12.1,3.9,2.3,260.0
PROD-13912,2026-04-04,MINE-03,MINE-03-ZONE-B,312.0,234.5,38.21,11.6,4.4,2.3,260.0
PROD-13913,2026-04-04,MINE-03,MINE-03-ZONE-C,312.0,266.7,39.96,14.5,1.5,2.3,260.0
PROD-13914,2026-04-04,MINE-03,MINE-03-ZONE-D,312.0,261.3,37.65,13.7,2.3,2.3,260.0
PROD-13915,2026-04-04,MINE-03,MINE-03-ZONE-E,312.0,240.5,35.49,11.8,4.2,2.3,260.0
PROD-13916,2026-04-04,MINE-04,MINE-04-ZONE-A,312.0,300.5,36.9,14.9,1.1,1.8,260.0
PROD-13917,2026-04-04,MINE-04,MINE-04-ZONE-B,312.0,240.4,39.88,12.3,3.7,1.8,260.0
PROD-13918,2026-04-04,MINE-04,MINE-04-ZONE-C,312.0,244.2,42.46,12.9,3.1,1.8,260.0
PROD-13919,2026-04-04,MINE-04,MINE-04-ZONE-D,312.0,259.3,40.29,12.6,3.4,1.8,260.0
PROD-13920,2026-04-04,MINE-04,MINE-04-ZONE-E,312.0,218.7,32.29,12.0,4.0,1.8,260.0
PROD-13921,2026-04-05,MINE-01,MINE-01-ZONE-A,232.0,175.9,41.6,12.6,3.4,1.8,260.0
PROD-13922,2026-04-05,MINE-01,MINE-01-ZONE-B,232.0,210.0,39.15,14.1,1.9,1.8,260.0
PROD-13923,2026-04-05,MINE-01,MINE-01-ZONE-C,232.0,190.3,33.98,13.4,2.6,1.8,260.0
PROD-13924,2026-04-05,MINE-01,MINE-01-ZONE-D,232.0,162.5,34.36,12.2,3.8,1.8,260.0
PROD-13925,2026-04-05,MINE-01,MINE-01-ZONE-E,232.0,228.0,39.24,14.8,1.2,1.8,260.0
PROD-13926,2026-04-05,MINE-02,MINE-02-ZONE-A,232.0,198.2,37.61,14.7,1.3,2.0,260.0
PROD-13927,2026-04-05,MINE-02,MINE-02-ZONE-B,232.0,217.6,42.88,14.6,1.4,2.0,260.0
PROD-13928,2026-04-05,MINE-02,MINE-02-ZONE-C,232.0,177.1,35.24,12.1,3.9,2.0,260.0
PROD-13929,2026-04-05,MINE-02,MINE-02-ZONE-D,232.0,172.6,39.55,12.3,3.7,2.0,260.0
PROD-13930,2026-04-05,MINE-02,MINE-02-ZONE-E,232.0,176.7,43.1,12.8,3.2,2.0,260.0
PROD-13931,2026-04-05,MINE-03,MINE-03-ZONE-A,232.0,207.9,38.71,15.2,0.8,2.5,260.0
PROD-13932,2026-04-05,MINE-03,MINE-03-ZONE-B,232.0,198.5,40.12,14.1,1.9,2.5,260.0
PROD-13933,2026-04-05,MINE-03,MINE-03-ZONE-C,232.0,186.8,35.6,12.7,3.3,2.5,260.0
PROD-13934,2026-04-05,MINE-03,MINE-03-ZONE-D,232.0,207.7,43.51,14.1,1.9,2.5,260.0
PROD-13935,2026-04-05,MINE-03,MINE-03-ZONE-E,232.0,208.6,34.72,15.1,0.9,2.5,260.0
PROD-13936,2026-04-05,MINE-04,MINE-04-ZONE-A,232.0,231.0,39.16,15.2,0.8,2.5,260.0
PROD-13937,2026-04-05,MINE-04,MINE-04-ZONE-B,232.0,184.1,40.21,12.4,3.6,2.5,260.0
PROD-13938,2026-04-05,MINE-04,MINE-04-ZONE-C,232.0,183.1,39.45,12.2,3.8,2.5,260.0
PROD-13939,2026-04-05,MINE-04,MINE-04-ZONE-D,232.0,170.5,32.94,12.2,3.8,2.5,260.0
PROD-13940,2026-04-05,MINE-04,MINE-04-ZONE-E,232.0,193.5,33.34,12.6,3.4,2.5,260.0
PROD-13941,2026-04-06,MINE-01,MINE-01-ZONE-A,236.0,208.3,32.35,14.5,1.5,1.8,260.0
PROD-13942,2026-04-06,MINE-01,MINE-01-ZONE-B,236.0,158.7,36.3,11.5,4.5,1.8,260.0
PROD-13943,2026-04-06,MINE-01,MINE-01-ZONE-C,236.0,185.6,33.79,12.0,4.0,1.8,260.0
PROD-13944,2026-04-06,MINE-01,MINE-01-ZONE-D,236.0,207.7,42.87,13.8,2.2,1.8,260.0
PROD-13945,2026-04-06,MINE-01,MINE-01-ZONE-E,236.0,175.8,40.3,12.3,3.7,1.8,260.0
PROD-13946,2026-04-06,MINE-02,MINE-02-ZONE-A,236.0,195.2,38.34,13.4,2.6,3.9,260.0
PROD-13947,2026-04-06,MINE-02,MINE-02-ZONE-B,236.0,199.2,36.18,13.3,2.7,3.9,260.0
PROD-13948,2026-04-06,MINE-02,MINE-02-ZONE-C,236.0,192.9,39.58,14.1,1.9,3.9,260.0
PROD-13949,2026-04-06,MINE-02,MINE-02-ZONE-D,236.0,187.4,39.24,13.8,2.2,3.9,260.0
PROD-13950,2026-04-06,MINE-02,MINE-02-ZONE-E,236.0,160.9,34.79,11.9,4.1,3.9,260.0
PROD-13951,2026-04-06,MINE-03,MINE-03-ZONE-A,236.0,220.6,42.82,15.1,0.9,2.2,260.0
PROD-13952,2026-04-06,MINE-03,MINE-03-ZONE-B,236.0,219.4,35.75,14.3,1.7,2.2,260.0
PROD-13953,2026-04-06,MINE-03,MINE-03-ZONE-C,236.0,193.2,40.38,12.8,3.2,2.2,260.0
PROD-13954,2026-04-06,MINE-03,MINE-03-ZONE-D,236.0,170.4,37.69,11.8,4.2,2.2,260.0
PROD-13955,2026-04-06,MINE-03,MINE-03-ZONE-E,236.0,183.1,37.47,13.3,2.7,2.2,260.0
PROD-13956,2026-04-06,MINE-04,MINE-04-ZONE-A,236.0,204.9,33.15,14.5,1.5,2.3,260.0
PROD-13957,2026-04-06,MINE-04,MINE-04-ZONE-B,236.0,187.6,40.01,12.1,3.9,2.3,260.0
PROD-13958,2026-04-06,MINE-04,MINE-04-ZONE-C,236.0,174.9,37.08,12.2,3.8,2.3,260.0
PROD-13959,2026-04-06,MINE-04,MINE-04-ZONE-D,236.0,195.7,34.0,12.6,3.4,2.3,260.0
PROD-13960,2026-04-06,MINE-04,MINE-04-ZONE-E,236.0,213.6,34.09,13.8,2.2,2.3,260.0
PROD-13961,2026-04-07,MINE-01,MINE-01-ZONE-A,240.0,205.7,38.31,13.8,2.2,2.7,260.0
PROD-13962,2026-04-07,MINE-01,MINE-01-ZONE-B,240.0,209.4,37.3,13.5,2.5,2.7,260.0
PROD-13963,2026-04-07,MINE-01,MINE-01-ZONE-C,240.0,224.4,43.19,14.9,1.1,2.7,260.0
PROD-13964,2026-04-07,MINE-01,MINE-01-ZONE-D,240.0,197.3,39.24,13.8,2.2,2.7,260.0
PROD-13965,2026-04-07,MINE-01,MINE-01-ZONE-E,240.0,190.9,42.13,13.8,2.2,2.7,260.0
PROD-13966,2026-04-07,MINE-02,MINE-02-ZONE-A,240.0,178.2,43.4,11.8,4.2,3.3,260.0
PROD-13967,2026-04-07,MINE-02,MINE-02-ZONE-B,240.0,204.8,32.71,13.8,2.2,3.3,260.0
PROD-13968,2026-04-07,MINE-02,MINE-02-ZONE-C,240.0,217.3,40.65,14.2,1.8,3.3,260.0
PROD-13969,2026-04-07,MINE-02,MINE-02-ZONE-D,240.0,182.4,43.01,12.2,3.8,3.3,260.0
PROD-13970,2026-04-07,MINE-02,MINE-02-ZONE-E,240.0,228.1,40.68,15.0,1.0,3.3,260.0
PROD-13971,2026-04-07,MINE-03,MINE-03-ZONE-A,240.0,208.5,33.2,13.7,2.3,3.8,260.0
PROD-13972,2026-04-07,MINE-03,MINE-03-ZONE-B,240.0,227.3,35.36,14.8,1.2,3.8,260.0
PROD-13973,2026-04-07,MINE-03,MINE-03-ZONE-C,240.0,224.8,43.04,14.6,1.4,3.8,260.0
PROD-13974,2026-04-07,MINE-03,MINE-03-ZONE-D,240.0,184.9,38.02,13.4,2.6,3.8,260.0
PROD-13975,2026-04-07,MINE-03,MINE-03-ZONE-E,240.0,167.1,35.5,12.1,3.9,3.8,260.0
PROD-13976,2026-04-07,MINE-04,MINE-04-ZONE-A,240.0,212.7,39.29,14.9,1.1,0.3,260.0
PROD-13977,2026-04-07,MINE-04,MINE-04-ZONE-B,240.0,211.2,32.55,14.5,1.5,0.3,260.0
PROD-13978,2026-04-07,MINE-04,MINE-04-ZONE-C,240.0,193.4,41.43,12.8,3.2,0.3,260.0
PROD-13979,2026-04-07,MINE-04,MINE-04-ZONE-D,240.0,209.7,33.59,14.5,1.5,0.3,260.0
PROD-13980,2026-04-07,MINE-04,MINE-04-ZONE-E,240.0,207.4,36.54,14.1,1.9,0.3,260.0
PROD-13981,2026-04-08,MINE-01,MINE-01-ZONE-A,244.0,227.0,33.32,14.8,1.2,3.0,260.0
PROD-13982,2026-04-08,MINE-01,MINE-01-ZONE-B,244.0,217.3,40.98,14.2,1.8,3.0,260.0
PROD-13983,2026-04-08,MINE-01,MINE-01-ZONE-C,244.0,187.3,33.02,13.0,3.0,3.0,260.0
PROD-13984,2026-04-08,MINE-01,MINE-01-ZONE-D,244.0,174.0,35.59,12.1,3.9,3.0,260.0
PROD-13985,2026-04-08,MINE-01,MINE-01-ZONE-E,244.0,212.0,34.7,13.8,2.2,3.0,260.0
PROD-13986,2026-04-08,MINE-02,MINE-02-ZONE-A,244.0,197.0,40.23,12.3,3.7,3.8,260.0
PROD-13987,2026-04-08,MINE-02,MINE-02-ZONE-B,244.0,187.4,39.02,12.1,3.9,3.8,260.0
PROD-13988,2026-04-08,MINE-02,MINE-02-ZONE-C,244.0,210.4,33.29,13.6,2.4,3.8,260.0
PROD-13989,2026-04-08,MINE-02,MINE-02-ZONE-D,244.0,221.6,39.01,15.4,0.6,3.8,260.0
PROD-13990,2026-04-08,MINE-02,MINE-02-ZONE-E,244.0,189.5,39.26,11.7,4.3,3.8,260.0
PROD-13991,2026-04-08,MINE-03,MINE-03-ZONE-A,244.0,217.9,36.08,13.9,2.1,4.0,260.0
PROD-13992,2026-04-08,MINE-03,MINE-03-ZONE-B,244.0,227.6,42.29,15.2,0.8,4.0,260.0
PROD-13993,2026-04-08,MINE-03,MINE-03-ZONE-C,244.0,213.7,33.7,13.5,2.5,4.0,260.0
PROD-13994,2026-04-08,MINE-03,MINE-03-ZONE-D,244.0,203.2,40.77,13.0,3.0,4.0,260.0
PROD-13995,2026-04-08,MINE-03,MINE-03-ZONE-E,244.0,213.0,33.87,13.5,2.5,4.0,260.0
PROD-13996,2026-04-08,MINE-04,MINE-04-ZONE-A,244.0,229.6,36.76,15.1,0.9,3.2,260.0
PROD-13997,2026-04-08,MINE-04,MINE-04-ZONE-B,244.0,188.3,37.31,11.9,4.1,3.2,260.0
PROD-13998,2026-04-08,MINE-04,MINE-04-ZONE-C,244.0,191.4,37.81,12.8,3.2,3.2,260.0
PROD-13999,2026-04-08,MINE-04,MINE-04-ZONE-D,244.0,183.1,38.78,12.4,3.6,3.2,260.0
PROD-14000,2026-04-08,MINE-04,MINE-04-ZONE-E,244.0,192.9,37.3,12.8,3.2,3.2,260.0
PROD-14001,2026-04-09,MINE-01,MINE-01-ZONE-A,288.0,267.8,40.89,14.3,1.7,0.1,260.0
PROD-14002,2026-04-09,MINE-01,MINE-01-ZONE-B,288.0,205.2,42.36,12.1,3.9,0.1,260.0
PROD-14003,2026-04-09,MINE-01,MINE-01-ZONE-C,288.0,268.5,32.61,15.3,0.7,0.1,260.0
PROD-14004,2026-04-09,MINE-01,MINE-01-ZONE-D,288.0,211.7,33.57,12.3,3.7,0.1,260.0
PROD-14005,2026-04-09,MINE-01,MINE-01-ZONE-E,288.0,239.4,38.25,12.9,3.1,0.1,260.0
PROD-14006,2026-04-09,MINE-02,MINE-02-ZONE-A,288.0,240.5,32.41,13.3,2.7,0.7,260.0
PROD-14007,2026-04-09,MINE-02,MINE-02-ZONE-B,288.0,275.5,39.66,14.6,1.4,0.7,260.0
PROD-14008,2026-04-09,MINE-02,MINE-02-ZONE-C,288.0,205.6,35.79,12.0,4.0,0.7,260.0
PROD-14009,2026-04-09,MINE-02,MINE-02-ZONE-D,288.0,257.5,32.57,13.9,2.1,0.7,260.0
PROD-14010,2026-04-09,MINE-02,MINE-02-ZONE-E,288.0,218.1,32.1,12.9,3.1,0.7,260.0
PROD-14011,2026-04-09,MINE-03,MINE-03-ZONE-A,288.0,229.5,35.28,12.4,3.6,3.5,260.0
PROD-14012,2026-04-09,MINE-03,MINE-03-ZONE-B,288.0,226.8,36.18,12.8,3.2,3.5,260.0
PROD-14013,2026-04-09,MINE-03,MINE-03-ZONE-C,288.0,232.6,40.68,13.0,3.0,3.5,260.0
PROD-14014,2026-04-09,MINE-03,MINE-03-ZONE-D,288.0,256.0,38.06,14.5,1.5,3.5,260.0
PROD-14015,2026-04-09,MINE-03,MINE-03-ZONE-E,288.0,284.2,41.96,15.3,0.7,3.5,260.0
PROD-14016,2026-04-09,MINE-04,MINE-04-ZONE-A,288.0,226.3,32.86,12.8,3.2,3.6,260.0
PROD-14017,2026-04-09,MINE-04,MINE-04-ZONE-B,288.0,208.1,34.92,12.0,4.0,3.6,260.0
PROD-14018,2026-04-09,MINE-04,MINE-04-ZONE-C,288.0,243.2,38.55,14.4,1.6,3.6,260.0
PROD-14019,2026-04-09,MINE-04,MINE-04-ZONE-D,288.0,250.4,34.82,14.9,1.1,3.6,260.0
PROD-14020,2026-04-09,MINE-04,MINE-04-ZONE-E,288.0,219.8,41.55,12.9,3.1,3.6,260.0
PROD-14021,2026-04-10,MINE-01,MINE-01-ZONE-A,292.0,276.9,40.88,14.8,1.2,1.7,260.0
PROD-14022,2026-04-10,MINE-01,MINE-01-ZONE-B,292.0,219.7,41.03,12.8,3.2,1.7,260.0
PROD-14023,2026-04-10,MINE-01,MINE-01-ZONE-C,292.0,242.8,41.36,14.0,2.0,1.7,260.0
PROD-14024,2026-04-10,MINE-01,MINE-01-ZONE-D,292.0,249.8,32.11,13.9,2.1,1.7,260.0
PROD-14025,2026-04-10,MINE-01,MINE-01-ZONE-E,292.0,248.6,40.16,13.4,2.6,1.7,260.0
PROD-14026,2026-04-10,MINE-02,MINE-02-ZONE-A,292.0,238.8,43.88,12.9,3.1,3.8,260.0
PROD-14027,2026-04-10,MINE-02,MINE-02-ZONE-B,292.0,228.5,37.59,12.5,3.5,3.8,260.0
PROD-14028,2026-04-10,MINE-02,MINE-02-ZONE-C,292.0,249.8,39.78,13.5,2.5,3.8,260.0
PROD-14029,2026-04-10,MINE-02,MINE-02-ZONE-D,292.0,239.5,32.51,13.8,2.2,3.8,260.0
PROD-14030,2026-04-10,MINE-02,MINE-02-ZONE-E,292.0,241.8,40.38,14.1,1.9,3.8,260.0
PROD-14031,2026-04-10,MINE-03,MINE-03-ZONE-A,292.0,258.9,37.69,15.1,0.9,3.9,260.0
PROD-14032,2026-04-10,MINE-03,MINE-03-ZONE-B,292.0,268.0,34.9,15.5,0.5,3.9,260.0
PROD-14033,2026-04-10,MINE-03,MINE-03-ZONE-C,292.0,251.0,32.33,13.3,2.7,3.9,260.0
PROD-14034,2026-04-10,MINE-03,MINE-03-ZONE-D,292.0,233.7,39.28,12.9,3.1,3.9,260.0
PROD-14035,2026-04-10,MINE-03,MINE-03-ZONE-E,292.0,263.9,32.08,15.1,0.9,3.9,260.0
PROD-14036,2026-04-10,MINE-04,MINE-04-ZONE-A,292.0,260.9,42.59,14.0,2.0,3.3,260.0
PROD-14037,2026-04-10,MINE-04,MINE-04-ZONE-B,292.0,225.9,35.18,13.2,2.8,3.3,260.0
PROD-14038,2026-04-10,MINE-04,MINE-04-ZONE-C,292.0,228.9,43.22,12.9,3.1,3.3,260.0
PROD-14039,2026-04-10,MINE-04,MINE-04-ZONE-D,292.0,248.5,39.4,13.8,2.2,3.3,260.0
PROD-14040,2026-04-10,MINE-04,MINE-04-ZONE-E,292.0,251.5,33.38,14.1,1.9,3.3,260.0
PROD-14041,2026-04-11,MINE-01,MINE-01-ZONE-A,296.0,269.3,32.94,14.8,1.2,2.9,260.0
PROD-14042,2026-04-11,MINE-01,MINE-01-ZONE-B,296.0,258.3,41.73,13.7,2.3,2.9,260.0
PROD-14043,2026-04-11,MINE-01,MINE-01-ZONE-C,296.0,238.2,38.01,12.7,3.3,2.9,260.0
PROD-14044,2026-04-11,MINE-01,MINE-01-ZONE-D,296.0,239.6,34.89,12.5,3.5,2.9,260.0
PROD-14045,2026-04-11,MINE-01,MINE-01-ZONE-E,296.0,246.8,40.91,14.1,1.9,2.9,260.0
PROD-14046,2026-04-11,MINE-02,MINE-02-ZONE-A,296.0,223.6,41.32,12.4,3.6,3.3,260.0
PROD-14047,2026-04-11,MINE-02,MINE-02-ZONE-B,296.0,256.8,36.47,13.3,2.7,3.3,260.0
PROD-14048,2026-04-11,MINE-02,MINE-02-ZONE-C,296.0,246.0,34.35,13.5,2.5,3.3,260.0
PROD-14049,2026-04-11,MINE-02,MINE-02-ZONE-D,296.0,222.4,40.97,12.1,3.9,3.3,260.0
PROD-14050,2026-04-11,MINE-02,MINE-02-ZONE-E,296.0,209.9,40.75,12.2,3.8,3.3,260.0
PROD-14051,2026-04-11,MINE-03,MINE-03-ZONE-A,296.0,274.7,40.61,14.6,1.4,0.1,260.0
PROD-14052,2026-04-11,MINE-03,MINE-03-ZONE-B,296.0,221.4,43.54,11.7,4.3,0.1,260.0
PROD-14053,2026-04-11,MINE-03,MINE-03-ZONE-C,296.0,273.1,42.63,14.3,1.7,0.1,260.0
PROD-14054,2026-04-11,MINE-03,MINE-03-ZONE-D,296.0,271.4,40.73,14.8,1.2,0.1,260.0
PROD-14055,2026-04-11,MINE-03,MINE-03-ZONE-E,296.0,300.2,33.33,15.5,0.5,0.1,260.0
PROD-14056,2026-04-11,MINE-04,MINE-04-ZONE-A,296.0,224.1,33.16,12.3,3.7,1.3,260.0
PROD-14057,2026-04-11,MINE-04,MINE-04-ZONE-B,296.0,267.3,33.23,14.3,1.7,1.3,260.0
PROD-14058,2026-04-11,MINE-04,MINE-04-ZONE-C,296.0,273.1,33.35,14.8,1.2,1.3,260.0
PROD-14059,2026-04-11,MINE-04,MINE-04-ZONE-D,296.0,257.1,37.06,13.9,2.1,1.3,260.0
PROD-14060,2026-04-11,MINE-04,MINE-04-ZONE-E,296.0,218.6,37.75,12.0,4.0,1.3,260.0
PROD-14061,2026-04-12,MINE-01,MINE-01-ZONE-A,216.0,158.6,36.53,12.1,3.9,2.9,260.0
PROD-14062,2026-04-12,MINE-01,MINE-01-ZONE-B,216.0,151.9,38.13,11.6,4.4,2.9,260.0
PROD-14063,2026-04-12,MINE-01,MINE-01-ZONE-C,216.0,167.7,36.53,13.6,2.4,2.9,260.0
PROD-14064,2026-04-12,MINE-01,MINE-01-ZONE-D,216.0,191.8,32.04,13.3,2.7,2.9,260.0
PROD-14065,2026-04-12,MINE-01,MINE-01-ZONE-E,216.0,184.3,40.19,14.4,1.6,2.9,260.0
PROD-14066,2026-04-12,MINE-02,MINE-02-ZONE-A,216.0,149.9,40.75,11.8,4.2,2.5,260.0
PROD-14067,2026-04-12,MINE-02,MINE-02-ZONE-B,216.0,157.5,36.13,12.7,3.3,2.5,260.0
PROD-14068,2026-04-12,MINE-02,MINE-02-ZONE-C,216.0,162.8,33.74,11.6,4.4,2.5,260.0
PROD-14069,2026-04-12,MINE-02,MINE-02-ZONE-D,216.0,171.4,39.13,11.7,4.3,2.5,260.0
PROD-14070,2026-04-12,MINE-02,MINE-02-ZONE-E,216.0,162.9,43.22,12.9,3.1,2.5,260.0
PROD-14071,2026-04-12,MINE-03,MINE-03-ZONE-A,216.0,190.2,35.36,14.0,2.0,3.0,260.0
PROD-14072,2026-04-12,MINE-03,MINE-03-ZONE-B,216.0,197.6,36.53,15.3,0.7,3.0,260.0
PROD-14073,2026-04-12,MINE-03,MINE-03-ZONE-C,216.0,147.2,33.13,11.8,4.2,3.0,260.0
PROD-14074,2026-04-12,MINE-03,MINE-03-ZONE-D,216.0,168.0,38.16,13.3,2.7,3.0,260.0
PROD-14075,2026-04-12,MINE-03,MINE-03-ZONE-E,216.0,181.4,34.31,14.4,1.6,3.0,260.0
PROD-14076,2026-04-12,MINE-04,MINE-04-ZONE-A,216.0,190.8,40.36,15.1,0.9,2.4,260.0
PROD-14077,2026-04-12,MINE-04,MINE-04-ZONE-B,216.0,179.6,39.82,12.4,3.6,2.4,260.0
PROD-14078,2026-04-12,MINE-04,MINE-04-ZONE-C,216.0,161.6,40.13,12.1,3.9,2.4,260.0
PROD-14079,2026-04-12,MINE-04,MINE-04-ZONE-D,216.0,186.5,42.04,13.4,2.6,2.4,260.0
PROD-14080,2026-04-12,MINE-04,MINE-04-ZONE-E,216.0,172.2,38.92,13.4,2.6,2.4,260.0
PROD-14081,2026-04-13,MINE-01,MINE-01-ZONE-A,220.0,164.7,37.39,11.9,4.1,2.7,260.0
PROD-14082,2026-04-13,MINE-01,MINE-01-ZONE-B,220.0,173.1,43.16,13.1,2.9,2.7,260.0
PROD-14083,2026-04-13,MINE-01,MINE-01-ZONE-C,220.0,204.3,33.32,15.0,1.0,2.7,260.0
PROD-14084,2026-04-13,MINE-01,MINE-01-ZONE-D,220.0,178.7,36.03,13.3,2.7,2.7,260.0
PROD-14085,2026-04-13,MINE-01,MINE-01-ZONE-E,220.0,188.7,33.14,13.8,2.2,2.7,260.0
PROD-14086,2026-04-13,MINE-02,MINE-02-ZONE-A,220.0,183.0,43.94,13.0,3.0,1.2,260.0
PROD-14087,2026-04-13,MINE-02,MINE-02-ZONE-B,220.0,148.3,32.92,11.9,4.1,1.2,260.0
PROD-14088,2026-04-13,MINE-02,MINE-02-ZONE-C,220.0,210.4,42.25,14.7,1.3,1.2,260.0
PROD-14089,2026-04-13,MINE-02,MINE-02-ZONE-D,220.0,158.8,42.34,12.0,4.0,1.2,260.0
PROD-14090,2026-04-13,MINE-02,MINE-02-ZONE-E,220.0,204.1,41.95,15.1,0.9,1.2,260.0
PROD-14091,2026-04-13,MINE-03,MINE-03-ZONE-A,220.0,201.1,43.46,14.8,1.2,2.0,260.0
PROD-14092,2026-04-13,MINE-03,MINE-03-ZONE-B,220.0,165.2,34.14,12.2,3.8,2.0,260.0
PROD-14093,2026-04-13,MINE-03,MINE-03-ZONE-C,220.0,161.4,37.02,12.0,4.0,2.0,260.0
PROD-14094,2026-04-13,MINE-03,MINE-03-ZONE-D,220.0,192.8,37.86,14.3,1.7,2.0,260.0
PROD-14095,2026-04-13,MINE-03,MINE-03-ZONE-E,220.0,168.9,38.89,13.3,2.7,2.0,260.0
PROD-14096,2026-04-13,MINE-04,MINE-04-ZONE-A,220.0,162.8,40.28,11.9,4.1,3.3,260.0
PROD-14097,2026-04-13,MINE-04,MINE-04-ZONE-B,220.0,180.8,39.02,13.1,2.9,3.3,260.0
PROD-14098,2026-04-13,MINE-04,MINE-04-ZONE-C,220.0,203.6,34.0,13.9,2.1,3.3,260.0
PROD-14099,2026-04-13,MINE-04,MINE-04-ZONE-D,220.0,216.2,39.72,15.3,0.7,3.3,260.0
PROD-14100,2026-04-13,MINE-04,MINE-04-ZONE-E,220.0,197.0,43.89,15.4,0.6,3.3,260.0
PROD-14101,2026-04-14,MINE-01,MINE-01-ZONE-A,264.0,238.9,40.35,14.1,1.9,3.7,260.0
PROD-14102,2026-04-14,MINE-01,MINE-01-ZONE-B,264.0,236.4,43.8,15.0,1.0,3.7,260.0
PROD-14103,2026-04-14,MINE-01,MINE-01-ZONE-C,264.0,252.5,41.63,14.7,1.3,3.7,260.0
PROD-14104,2026-04-14,MINE-01,MINE-01-ZONE-D,264.0,235.7,42.33,14.5,1.5,3.7,260.0
PROD-14105,2026-04-14,MINE-01,MINE-01-ZONE-E,264.0,234.1,41.05,14.2,1.8,3.7,260.0
PROD-14106,2026-04-14,MINE-02,MINE-02-ZONE-A,264.0,257.6,42.02,15.3,0.7,0.7,260.0
PROD-14107,2026-04-14,MINE-02,MINE-02-ZONE-B,264.0,243.9,39.22,14.5,1.5,0.7,260.0
PROD-14108,2026-04-14,MINE-02,MINE-02-ZONE-C,264.0,202.0,41.32,12.5,3.5,0.7,260.0
PROD-14109,2026-04-14,MINE-02,MINE-02-ZONE-D,264.0,217.5,37.05,13.5,2.5,0.7,260.0
PROD-14110,2026-04-14,MINE-02,MINE-02-ZONE-E,264.0,202.0,40.16,11.6,4.4,0.7,260.0
PROD-14111,2026-04-14,MINE-03,MINE-03-ZONE-A,264.0,194.6,41.97,11.8,4.2,2.7,260.0
PROD-14112,2026-04-14,MINE-03,MINE-03-ZONE-B,264.0,254.4,43.99,14.9,1.1,2.7,260.0
PROD-14113,2026-04-14,MINE-03,MINE-03-ZONE-C,264.0,242.9,33.75,14.6,1.4,2.7,260.0
PROD-14114,2026-04-14,MINE-03,MINE-03-ZONE-D,264.0,246.2,36.1,14.2,1.8,2.7,260.0
PROD-14115,2026-04-14,MINE-03,MINE-03-ZONE-E,264.0,217.4,42.0,13.7,2.3,2.7,260.0
PROD-14116,2026-04-14,MINE-04,MINE-04-ZONE-A,264.0,197.8,38.69,12.7,3.3,3.6,260.0
PROD-14117,2026-04-14,MINE-04,MINE-04-ZONE-B,264.0,199.7,42.12,12.0,4.0,3.6,260.0
PROD-14118,2026-04-14,MINE-04,MINE-04-ZONE-C,264.0,204.2,41.98,11.9,4.1,3.6,260.0
PROD-14119,2026-04-14,MINE-04,MINE-04-ZONE-D,264.0,207.8,42.86,12.0,4.0,3.6,260.0
PROD-14120,2026-04-14,MINE-04,MINE-04-ZONE-E,264.0,252.6,34.19,15.1,0.9,3.6,260.0
PROD-14121,2026-04-15,MINE-01,MINE-01-ZONE-A,268.0,255.3,33.46,14.7,1.3,0.4,260.0
PROD-14122,2026-04-15,MINE-01,MINE-01-ZONE-B,268.0,214.5,39.18,13.3,2.7,0.4,260.0
PROD-14123,2026-04-15,MINE-01,MINE-01-ZONE-C,268.0,223.8,34.49,14.1,1.9,0.4,260.0
PROD-14124,2026-04-15,MINE-01,MINE-01-ZONE-D,268.0,200.0,34.81,12.4,3.6,0.4,260.0
PROD-14125,2026-04-15,MINE-01,MINE-01-ZONE-E,268.0,229.1,32.63,14.2,1.8,0.4,260.0
PROD-14126,2026-04-15,MINE-02,MINE-02-ZONE-A,268.0,252.5,41.61,14.5,1.5,3.0,260.0
PROD-14127,2026-04-15,MINE-02,MINE-02-ZONE-B,268.0,218.1,40.84,13.1,2.9,3.0,260.0
PROD-14128,2026-04-15,MINE-02,MINE-02-ZONE-C,268.0,209.5,39.81,12.4,3.6,3.0,260.0
PROD-14129,2026-04-15,MINE-02,MINE-02-ZONE-D,268.0,233.9,36.35,13.8,2.2,3.0,260.0
PROD-14130,2026-04-15,MINE-02,MINE-02-ZONE-E,268.0,205.3,33.63,12.3,3.7,3.0,260.0
PROD-14131,2026-04-15,MINE-03,MINE-03-ZONE-A,268.0,246.6,38.75,14.4,1.6,2.0,260.0
PROD-14132,2026-04-15,MINE-03,MINE-03-ZONE-B,268.0,211.3,34.11,12.5,3.5,2.0,260.0
PROD-14133,2026-04-15,MINE-03,MINE-03-ZONE-C,268.0,250.9,41.32,15.1,0.9,2.0,260.0
PROD-14134,2026-04-15,MINE-03,MINE-03-ZONE-D,268.0,249.3,41.13,14.7,1.3,2.0,260.0
PROD-14135,2026-04-15,MINE-03,MINE-03-ZONE-E,268.0,248.4,32.77,15.1,0.9,2.0,260.0
PROD-14136,2026-04-15,MINE-04,MINE-04-ZONE-A,268.0,192.0,39.46,12.0,4.0,0.8,260.0
PROD-14137,2026-04-15,MINE-04,MINE-04-ZONE-B,268.0,243.5,32.35,14.7,1.3,0.8,260.0
PROD-14138,2026-04-15,MINE-04,MINE-04-ZONE-C,268.0,200.8,39.88,12.7,3.3,0.8,260.0
PROD-14139,2026-04-15,MINE-04,MINE-04-ZONE-D,268.0,226.5,40.48,12.7,3.3,0.8,260.0
PROD-14140,2026-04-15,MINE-04,MINE-04-ZONE-E,268.0,236.3,34.06,14.8,1.2,0.8,260.0
PROD-14141,2026-04-16,MINE-01,MINE-01-ZONE-A,272.0,259.6,35.24,14.8,1.2,3.4,260.0
PROD-14142,2026-04-16,MINE-01,MINE-01-ZONE-B,272.0,214.5,41.5,12.7,3.3,3.4,260.0
PROD-14143,2026-04-16,MINE-01,MINE-01-ZONE-C,272.0,221.3,32.74,12.6,3.4,3.4,260.0
PROD-14144,2026-04-16,MINE-01,MINE-01-ZONE-D,272.0,207.7,40.8,12.8,3.2,3.4,260.0
PROD-14145,2026-04-16,MINE-01,MINE-01-ZONE-E,272.0,226.5,32.17,13.8,2.2,3.4,260.0
PROD-14146,2026-04-16,MINE-02,MINE-02-ZONE-A,272.0,189.1,41.49,11.9,4.1,1.9,260.0
PROD-14147,2026-04-16,MINE-02,MINE-02-ZONE-B,272.0,231.8,41.13,14.3,1.7,1.9,260.0
PROD-14148,2026-04-16,MINE-02,MINE-02-ZONE-C,272.0,235.4,33.86,13.3,2.7,1.9,260.0
PROD-14149,2026-04-16,MINE-02,MINE-02-ZONE-D,272.0,182.0,40.32,11.6,4.4,1.9,260.0
PROD-14150,2026-04-16,MINE-02,MINE-02-ZONE-E,272.0,255.2,36.41,14.5,1.5,1.9,260.0
PROD-14151,2026-04-16,MINE-03,MINE-03-ZONE-A,272.0,209.1,36.94,12.7,3.3,1.6,260.0
PROD-14152,2026-04-16,MINE-03,MINE-03-ZONE-B,272.0,228.0,33.42,12.7,3.3,1.6,260.0
PROD-14153,2026-04-16,MINE-03,MINE-03-ZONE-C,272.0,210.9,32.78,12.6,3.4,1.6,260.0
PROD-14154,2026-04-16,MINE-03,MINE-03-ZONE-D,272.0,254.9,32.1,14.2,1.8,1.6,260.0
PROD-14155,2026-04-16,MINE-03,MINE-03-ZONE-E,272.0,201.6,35.71,12.3,3.7,1.6,260.0
PROD-14156,2026-04-16,MINE-04,MINE-04-ZONE-A,272.0,242.5,39.44,14.1,1.9,1.1,260.0
PROD-14157,2026-04-16,MINE-04,MINE-04-ZONE-B,272.0,248.3,32.47,15.2,0.8,1.1,260.0
PROD-14158,2026-04-16,MINE-04,MINE-04-ZONE-C,272.0,246.4,35.6,14.3,1.7,1.1,260.0
PROD-14159,2026-04-16,MINE-04,MINE-04-ZONE-D,272.0,228.4,39.6,14.2,1.8,1.1,260.0
PROD-14160,2026-04-16,MINE-04,MINE-04-ZONE-E,272.0,271.5,34.15,15.3,0.7,1.1,260.0
PROD-14161,2026-04-17,MINE-01,MINE-01-ZONE-A,276.0,211.5,41.86,12.1,3.9,3.6,260.0
PROD-14162,2026-04-17,MINE-01,MINE-01-ZONE-B,276.0,263.7,35.82,15.2,0.8,3.6,260.0
PROD-14163,2026-04-17,MINE-01,MINE-01-ZONE-C,276.0,235.3,40.99,14.2,1.8,3.6,260.0
PROD-14164,2026-04-17,MINE-01,MINE-01-ZONE-D,276.0,213.8,39.61,13.1,2.9,3.6,260.0
PROD-14165,2026-04-17,MINE-01,MINE-01-ZONE-E,276.0,252.0,40.53,14.8,1.2,3.6,260.0
PROD-14166,2026-04-17,MINE-02,MINE-02-ZONE-A,276.0,242.9,43.99,13.8,2.2,0.1,260.0
PROD-14167,2026-04-17,MINE-02,MINE-02-ZONE-B,276.0,234.2,38.84,13.1,2.9,0.1,260.0
PROD-14168,2026-04-17,MINE-02,MINE-02-ZONE-C,276.0,252.9,33.12,14.6,1.4,0.1,260.0
PROD-14169,2026-04-17,MINE-02,MINE-02-ZONE-D,276.0,260.1,39.5,14.5,1.5,0.1,260.0
PROD-14170,2026-04-17,MINE-02,MINE-02-ZONE-E,276.0,237.0,39.31,13.3,2.7,0.1,260.0
PROD-14171,2026-04-17,MINE-03,MINE-03-ZONE-A,276.0,267.6,34.77,15.4,0.6,2.1,260.0
PROD-14172,2026-04-17,MINE-03,MINE-03-ZONE-B,276.0,199.6,39.84,12.3,3.7,2.1,260.0
PROD-14173,2026-04-17,MINE-03,MINE-03-ZONE-C,276.0,201.2,36.54,12.1,3.9,2.1,260.0
PROD-14174,2026-04-17,MINE-03,MINE-03-ZONE-D,276.0,219.8,34.25,12.8,3.2,2.1,260.0
PROD-14175,2026-04-17,MINE-03,MINE-03-ZONE-E,276.0,229.3,35.6,13.9,2.1,2.1,260.0
PROD-14176,2026-04-17,MINE-04,MINE-04-ZONE-A,276.0,232.7,43.43,13.4,2.6,2.3,260.0
PROD-14177,2026-04-17,MINE-04,MINE-04-ZONE-B,276.0,247.6,33.23,14.5,1.5,2.3,260.0
PROD-14178,2026-04-17,MINE-04,MINE-04-ZONE-C,276.0,201.2,37.23,11.7,4.3,2.3,260.0
PROD-14179,2026-04-17,MINE-04,MINE-04-ZONE-D,276.0,231.4,38.09,13.1,2.9,2.3,260.0
PROD-14180,2026-04-17,MINE-04,MINE-04-ZONE-E,276.0,208.3,35.46,12.4,3.6,2.3,260.0
PROD-14181,2026-04-18,MINE-01,MINE-01-ZONE-A,280.0,256.9,34.12,14.4,1.6,2.5,260.0
PROD-14182,2026-04-18,MINE-01,MINE-01-ZONE-B,280.0,216.6,38.65,11.7,4.3,2.5,260.0
PROD-14183,2026-04-18,MINE-01,MINE-01-ZONE-C,280.0,243.4,34.45,14.1,1.9,2.5,260.0
PROD-14184,2026-04-18,MINE-01,MINE-01-ZONE-D,280.0,197.6,42.34,12.2,3.8,2.5,260.0
PROD-14185,2026-04-18,MINE-01,MINE-01-ZONE-E,280.0,264.8,38.71,14.8,1.2,2.5,260.0
PROD-14186,2026-04-18,MINE-02,MINE-02-ZONE-A,280.0,207.9,39.46,11.9,4.1,1.7,260.0
PROD-14187,2026-04-18,MINE-02,MINE-02-ZONE-B,280.0,236.9,43.83,14.0,2.0,1.7,260.0
PROD-14188,2026-04-18,MINE-02,MINE-02-ZONE-C,280.0,240.7,32.1,13.6,2.4,1.7,260.0
PROD-14189,2026-04-18,MINE-02,MINE-02-ZONE-D,280.0,239.0,39.26,13.2,2.8,1.7,260.0
PROD-14190,2026-04-18,MINE-02,MINE-02-ZONE-E,280.0,197.2,34.51,11.7,4.3,1.7,260.0
PROD-14191,2026-04-18,MINE-03,MINE-03-ZONE-A,280.0,238.3,37.64,13.1,2.9,1.6,260.0
PROD-14192,2026-04-18,MINE-03,MINE-03-ZONE-B,280.0,240.1,33.5,14.2,1.8,1.6,260.0
PROD-14193,2026-04-18,MINE-03,MINE-03-ZONE-C,280.0,222.7,32.45,13.3,2.7,1.6,260.0
PROD-14194,2026-04-18,MINE-03,MINE-03-ZONE-D,280.0,230.8,35.29,13.1,2.9,1.6,260.0
PROD-14195,2026-04-18,MINE-03,MINE-03-ZONE-E,280.0,245.1,34.55,13.3,2.7,1.6,260.0
PROD-14196,2026-04-18,MINE-04,MINE-04-ZONE-A,280.0,243.4,40.76,14.4,1.6,2.8,260.0
PROD-14197,2026-04-18,MINE-04,MINE-04-ZONE-B,280.0,228.9,38.2,12.9,3.1,2.8,260.0
PROD-14198,2026-04-18,MINE-04,MINE-04-ZONE-C,280.0,238.0,38.47,13.8,2.2,2.8,260.0
PROD-14199,2026-04-18,MINE-04,MINE-04-ZONE-D,280.0,227.8,36.9,13.2,2.8,2.8,260.0
PROD-14200,2026-04-18,MINE-04,MINE-04-ZONE-E,280.0,268.0,42.26,15.1,0.9,2.8,260.0
PROD-14201,2026-04-19,MINE-01,MINE-01-ZONE-A,240.0,240.8,42.26,15.4,0.6,1.6,260.0
PROD-14202,2026-04-19,MINE-01,MINE-01-ZONE-B,240.0,184.6,35.13,13.2,2.8,1.6,260.0
PROD-14203,2026-04-19,MINE-01,MINE-01-ZONE-C,240.0,192.0,32.32,13.7,2.3,1.6,260.0
PROD-14204,2026-04-19,MINE-01,MINE-01-ZONE-D,240.0,195.6,35.13,12.5,3.5,1.6,260.0
PROD-14205,2026-04-19,MINE-01,MINE-01-ZONE-E,240.0,181.1,43.34,11.7,4.3,1.6,260.0
PROD-14206,2026-04-19,MINE-02,MINE-02-ZONE-A,240.0,222.9,41.95,15.1,0.9,0.6,260.0
PROD-14207,2026-04-19,MINE-02,MINE-02-ZONE-B,240.0,213.5,32.0,13.8,2.2,0.6,260.0
PROD-14208,2026-04-19,MINE-02,MINE-02-ZONE-C,240.0,212.4,38.06,14.1,1.9,0.6,260.0
PROD-14209,2026-04-19,MINE-02,MINE-02-ZONE-D,240.0,180.8,36.61,11.7,4.3,0.6,260.0
PROD-14210,2026-04-19,MINE-02,MINE-02-ZONE-E,240.0,186.0,42.64,12.9,3.1,0.6,260.0
PROD-14211,2026-04-19,MINE-03,MINE-03-ZONE-A,240.0,183.1,40.33,12.8,3.2,0.0,260.0
PROD-14212,2026-04-19,MINE-03,MINE-03-ZONE-B,240.0,170.0,42.65,11.6,4.4,0.0,260.0
PROD-14213,2026-04-19,MINE-03,MINE-03-ZONE-C,240.0,176.3,35.93,11.6,4.4,0.0,260.0
PROD-14214,2026-04-19,MINE-03,MINE-03-ZONE-D,240.0,194.8,35.34,12.0,4.0,0.0,260.0
PROD-14215,2026-04-19,MINE-03,MINE-03-ZONE-E,240.0,173.0,36.02,12.5,3.5,0.0,260.0
PROD-14216,2026-04-19,MINE-04,MINE-04-ZONE-A,240.0,217.8,38.92,13.9,2.1,2.2,260.0
PROD-14217,2026-04-19,MINE-04,MINE-04-ZONE-B,240.0,173.9,35.73,11.7,4.3,2.2,260.0
PROD-14218,2026-04-19,MINE-04,MINE-04-ZONE-C,240.0,229.9,42.81,15.0,1.0,2.2,260.0
PROD-14219,2026-04-19,MINE-04,MINE-04-ZONE-D,240.0,186.2,37.22,11.9,4.1,2.2,260.0
PROD-14220,2026-04-19,MINE-04,MINE-04-ZONE-E,240.0,208.7,39.05,13.6,2.4,2.2,260.0
PROD-14221,2026-04-20,MINE-01,MINE-01-ZONE-A,244.0,188.9,33.49,11.9,4.1,2.9,260.0
PROD-14222,2026-04-20,MINE-01,MINE-01-ZONE-B,244.0,187.2,35.97,11.7,4.3,2.9,260.0
PROD-14223,2026-04-20,MINE-01,MINE-01-ZONE-C,244.0,180.8,34.89,11.6,4.4,2.9,260.0
PROD-14224,2026-04-20,MINE-01,MINE-01-ZONE-D,244.0,220.8,37.89,14.2,1.8,2.9,260.0
PROD-14225,2026-04-20,MINE-01,MINE-01-ZONE-E,244.0,196.6,42.49,12.5,3.5,2.9,260.0
PROD-14226,2026-04-20,MINE-02,MINE-02-ZONE-A,244.0,232.4,32.86,14.3,1.7,0.7,260.0
PROD-14227,2026-04-20,MINE-02,MINE-02-ZONE-B,244.0,219.2,38.21,13.9,2.1,0.7,260.0
PROD-14228,2026-04-20,MINE-02,MINE-02-ZONE-C,244.0,210.0,40.98,14.3,1.7,0.7,260.0
PROD-14229,2026-04-20,MINE-02,MINE-02-ZONE-D,244.0,195.2,40.05,12.1,3.9,0.7,260.0
PROD-14230,2026-04-20,MINE-02,MINE-02-ZONE-E,244.0,224.1,34.65,14.7,1.3,0.7,260.0
PROD-14231,2026-04-20,MINE-03,MINE-03-ZONE-A,244.0,177.7,41.24,12.6,3.4,3.4,260.0
PROD-14232,2026-04-20,MINE-03,MINE-03-ZONE-B,244.0,171.9,38.59,12.1,3.9,3.4,260.0
PROD-14233,2026-04-20,MINE-03,MINE-03-ZONE-C,244.0,206.3,43.6,14.0,2.0,3.4,260.0
PROD-14234,2026-04-20,MINE-03,MINE-03-ZONE-D,244.0,189.0,41.11,13.1,2.9,3.4,260.0
PROD-14235,2026-04-20,MINE-03,MINE-03-ZONE-E,244.0,194.8,36.43,12.9,3.1,3.4,260.0
PROD-14236,2026-04-20,MINE-04,MINE-04-ZONE-A,244.0,193.0,37.88,11.9,4.1,1.0,260.0
PROD-14237,2026-04-20,MINE-04,MINE-04-ZONE-B,244.0,210.7,37.7,14.1,1.9,1.0,260.0
PROD-14238,2026-04-20,MINE-04,MINE-04-ZONE-C,244.0,177.5,36.98,11.9,4.1,1.0,260.0
PROD-14239,2026-04-20,MINE-04,MINE-04-ZONE-D,244.0,223.5,37.07,15.3,0.7,1.0,260.0
PROD-14240,2026-04-20,MINE-04,MINE-04-ZONE-E,244.0,225.9,34.54,14.5,1.5,1.0,260.0
PROD-14241,2026-04-21,MINE-01,MINE-01-ZONE-A,248.0,200.1,41.37,13.1,2.9,0.1,260.0
PROD-14242,2026-04-21,MINE-01,MINE-01-ZONE-B,248.0,224.1,34.94,14.0,2.0,0.1,260.0
PROD-14243,2026-04-21,MINE-01,MINE-01-ZONE-C,248.0,221.1,43.56,15.1,0.9,0.1,260.0
PROD-14244,2026-04-21,MINE-01,MINE-01-ZONE-D,248.0,223.9,40.16,14.7,1.3,0.1,260.0
PROD-14245,2026-04-21,MINE-01,MINE-01-ZONE-E,248.0,240.4,40.91,15.1,0.9,0.1,260.0
PROD-14246,2026-04-21,MINE-02,MINE-02-ZONE-A,248.0,246.0,42.06,15.3,0.7,3.7,260.0
PROD-14247,2026-04-21,MINE-02,MINE-02-ZONE-B,248.0,178.0,42.4,12.0,4.0,3.7,260.0
PROD-14248,2026-04-21,MINE-02,MINE-02-ZONE-C,248.0,221.6,34.08,13.7,2.3,3.7,260.0
PROD-14249,2026-04-21,MINE-02,MINE-02-ZONE-D,248.0,200.6,34.94,13.8,2.2,3.7,260.0
PROD-14250,2026-04-21,MINE-02,MINE-02-ZONE-E,248.0,214.2,40.36,13.9,2.1,3.7,260.0
PROD-14251,2026-04-21,MINE-03,MINE-03-ZONE-A,248.0,220.9,38.65,13.5,2.5,0.7,260.0
PROD-14252,2026-04-21,MINE-03,MINE-03-ZONE-B,248.0,185.3,37.95,12.0,4.0,0.7,260.0
PROD-14253,2026-04-21,MINE-03,MINE-03-ZONE-C,248.0,205.8,42.3,12.4,3.6,0.7,260.0
PROD-14254,2026-04-21,MINE-03,MINE-03-ZONE-D,248.0,206.6,39.8,13.0,3.0,0.7,260.0
PROD-14255,2026-04-21,MINE-03,MINE-03-ZONE-E,248.0,191.1,40.55,11.7,4.3,0.7,260.0
PROD-14256,2026-04-21,MINE-04,MINE-04-ZONE-A,248.0,226.0,34.28,14.9,1.1,0.8,260.0
PROD-14257,2026-04-21,MINE-04,MINE-04-ZONE-B,248.0,201.9,42.54,12.5,3.5,0.8,260.0
PROD-14258,2026-04-21,MINE-04,MINE-04-ZONE-C,248.0,199.4,41.41,12.0,4.0,0.8,260.0
PROD-14259,2026-04-21,MINE-04,MINE-04-ZONE-D,248.0,209.3,38.69,13.6,2.4,0.8,260.0
PROD-14260,2026-04-21,MINE-04,MINE-04-ZONE-E,248.0,215.6,33.8,14.4,1.6,0.8,260.0
PROD-14261,2026-04-22,MINE-01,MINE-01-ZONE-A,252.0,182.6,37.61,11.7,4.3,1.9,260.0
PROD-14262,2026-04-22,MINE-01,MINE-01-ZONE-B,252.0,240.9,36.21,15.2,0.8,1.9,260.0
PROD-14263,2026-04-22,MINE-01,MINE-01-ZONE-C,252.0,211.2,41.05,14.3,1.7,1.9,260.0
PROD-14264,2026-04-22,MINE-01,MINE-01-ZONE-D,252.0,198.7,34.5,12.4,3.6,1.9,260.0
PROD-14265,2026-04-22,MINE-01,MINE-01-ZONE-E,252.0,190.3,32.39,13.0,3.0,1.9,260.0
PROD-14266,2026-04-22,MINE-02,MINE-02-ZONE-A,252.0,198.4,35.33,12.6,3.4,3.6,260.0
PROD-14267,2026-04-22,MINE-02,MINE-02-ZONE-B,252.0,237.2,36.78,15.4,0.6,3.6,260.0
PROD-14268,2026-04-22,MINE-02,MINE-02-ZONE-C,252.0,185.8,40.94,12.6,3.4,3.6,260.0
PROD-14269,2026-04-22,MINE-02,MINE-02-ZONE-D,252.0,191.6,38.3,12.6,3.4,3.6,260.0
PROD-14270,2026-04-22,MINE-02,MINE-02-ZONE-E,252.0,177.3,39.89,11.7,4.3,3.6,260.0
PROD-14271,2026-04-22,MINE-03,MINE-03-ZONE-A,252.0,215.0,34.16,14.0,2.0,1.2,260.0
PROD-14272,2026-04-22,MINE-03,MINE-03-ZONE-B,252.0,236.0,43.3,14.7,1.3,1.2,260.0
PROD-14273,2026-04-22,MINE-03,MINE-03-ZONE-C,252.0,202.5,40.2,13.8,2.2,1.2,260.0
PROD-14274,2026-04-22,MINE-03,MINE-03-ZONE-D,252.0,193.1,42.34,11.8,4.2,1.2,260.0
PROD-14275,2026-04-22,MINE-03,MINE-03-ZONE-E,252.0,240.7,42.27,15.4,0.6,1.2,260.0
PROD-14276,2026-04-22,MINE-04,MINE-04-ZONE-A,252.0,193.1,32.72,13.2,2.8,3.4,260.0
PROD-14277,2026-04-22,MINE-04,MINE-04-ZONE-B,252.0,220.3,43.88,14.5,1.5,3.4,260.0
PROD-14278,2026-04-22,MINE-04,MINE-04-ZONE-C,252.0,209.3,32.93,12.8,3.2,3.4,260.0
PROD-14279,2026-04-22,MINE-04,MINE-04-ZONE-D,252.0,212.2,38.02,13.1,2.9,3.4,260.0
PROD-14280,2026-04-22,MINE-04,MINE-04-ZONE-E,252.0,201.2,35.77,13.1,2.9,3.4,260.0
PROD-14281,2026-04-23,MINE-01,MINE-01-ZONE-A,256.0,241.7,40.19,15.2,0.8,4.0,260.0
PROD-14282,2026-04-23,MINE-01,MINE-01-ZONE-B,256.0,215.9,43.54,14.2,1.8,4.0,260.0
PROD-14283,2026-04-23,MINE-01,MINE-01-ZONE-C,256.0,187.7,37.12,12.3,3.7,4.0,260.0
PROD-14284,2026-04-23,MINE-01,MINE-01-ZONE-D,256.0,220.2,37.38,14.3,1.7,4.0,260.0
PROD-14285,2026-04-23,MINE-01,MINE-01-ZONE-E,256.0,186.9,41.17,11.8,4.2,4.0,260.0
PROD-14286,2026-04-23,MINE-02,MINE-02-ZONE-A,256.0,221.3,32.0,13.9,2.1,1.0,260.0
PROD-14287,2026-04-23,MINE-02,MINE-02-ZONE-B,256.0,208.0,36.94,12.6,3.4,1.0,260.0
PROD-14288,2026-04-23,MINE-02,MINE-02-ZONE-C,256.0,214.9,42.01,12.8,3.2,1.0,260.0
PROD-14289,2026-04-23,MINE-02,MINE-02-ZONE-D,256.0,201.6,39.37,13.3,2.7,1.0,260.0
PROD-14290,2026-04-23,MINE-02,MINE-02-ZONE-E,256.0,205.8,36.43,12.5,3.5,1.0,260.0
PROD-14291,2026-04-23,MINE-03,MINE-03-ZONE-A,256.0,227.2,36.5,14.1,1.9,2.1,260.0
PROD-14292,2026-04-23,MINE-03,MINE-03-ZONE-B,256.0,216.6,35.31,13.4,2.6,2.1,260.0
PROD-14293,2026-04-23,MINE-03,MINE-03-ZONE-C,256.0,227.3,34.78,14.8,1.2,2.1,260.0
PROD-14294,2026-04-23,MINE-03,MINE-03-ZONE-D,256.0,202.6,34.23,12.6,3.4,2.1,260.0
PROD-14295,2026-04-23,MINE-03,MINE-03-ZONE-E,256.0,213.0,32.21,13.8,2.2,2.1,260.0
PROD-14296,2026-04-23,MINE-04,MINE-04-ZONE-A,256.0,227.3,34.9,14.4,1.6,3.6,260.0
PROD-14297,2026-04-23,MINE-04,MINE-04-ZONE-B,256.0,202.3,33.87,13.4,2.6,3.6,260.0
PROD-14298,2026-04-23,MINE-04,MINE-04-ZONE-C,256.0,225.1,34.6,14.5,1.5,3.6,260.0
PROD-14299,2026-04-23,MINE-04,MINE-04-ZONE-D,256.0,235.6,32.39,15.1,0.9,3.6,260.0
PROD-14300,2026-04-23,MINE-04,MINE-04-ZONE-E,256.0,213.8,34.92,13.6,2.4,3.6,260.0
PROD-14301,2026-04-24,MINE-01,MINE-01-ZONE-A,300.0,257.4,35.04,13.3,2.7,2.8,260.0
PROD-14302,2026-04-24,MINE-01,MINE-01-ZONE-B,300.0,234.3,34.01,12.6,3.4,2.8,260.0
PROD-14303,2026-04-24,MINE-01,MINE-01-ZONE-C,300.0,265.7,41.93,13.7,2.3,2.8,260.0
PROD-14304,2026-04-24,MINE-01,MINE-01-ZONE-D,300.0,283.0,35.15,15.5,0.5,2.8,260.0
PROD-14305,2026-04-24,MINE-01,MINE-01-ZONE-E,300.0,293.6,40.96,15.1,0.9,2.8,260.0
PROD-14306,2026-04-24,MINE-02,MINE-02-ZONE-A,300.0,252.2,34.71,12.8,3.2,0.4,260.0
PROD-14307,2026-04-24,MINE-02,MINE-02-ZONE-B,300.0,257.2,42.06,13.5,2.5,0.4,260.0
PROD-14308,2026-04-24,MINE-02,MINE-02-ZONE-C,300.0,216.5,40.97,11.5,4.5,0.4,260.0
PROD-14309,2026-04-24,MINE-02,MINE-02-ZONE-D,300.0,248.6,36.96,12.7,3.3,0.4,260.0
PROD-14310,2026-04-24,MINE-02,MINE-02-ZONE-E,300.0,231.9,37.75,11.8,4.2,0.4,260.0
PROD-14311,2026-04-24,MINE-03,MINE-03-ZONE-A,300.0,268.1,34.44,15.1,0.9,3.2,260.0
PROD-14312,2026-04-24,MINE-03,MINE-03-ZONE-B,300.0,260.1,34.25,14.0,2.0,3.2,260.0
PROD-14313,2026-04-24,MINE-03,MINE-03-ZONE-C,300.0,277.1,34.35,14.9,1.1,3.2,260.0
PROD-14314,2026-04-24,MINE-03,MINE-03-ZONE-D,300.0,235.1,41.27,11.9,4.1,3.2,260.0
PROD-14315,2026-04-24,MINE-03,MINE-03-ZONE-E,300.0,236.2,34.52,13.4,2.6,3.2,260.0
PROD-14316,2026-04-24,MINE-04,MINE-04-ZONE-A,300.0,243.8,38.46,13.0,3.0,1.0,260.0
PROD-14317,2026-04-24,MINE-04,MINE-04-ZONE-B,300.0,247.0,37.87,12.9,3.1,1.0,260.0
PROD-14318,2026-04-24,MINE-04,MINE-04-ZONE-C,300.0,240.2,39.47,13.1,2.9,1.0,260.0
PROD-14319,2026-04-24,MINE-04,MINE-04-ZONE-D,300.0,252.3,38.27,13.0,3.0,1.0,260.0
PROD-14320,2026-04-24,MINE-04,MINE-04-ZONE-E,300.0,242.7,43.68,12.7,3.3,1.0,260.0
PROD-14321,2026-04-25,MINE-01,MINE-01-ZONE-A,304.0,235.8,38.65,11.8,4.2,3.8,260.0
PROD-14322,2026-04-25,MINE-01,MINE-01-ZONE-B,304.0,258.8,38.23,14.0,2.0,3.8,260.0
PROD-14323,2026-04-25,MINE-01,MINE-01-ZONE-C,304.0,236.4,36.52,12.0,4.0,3.8,260.0
PROD-14324,2026-04-25,MINE-01,MINE-01-ZONE-D,304.0,268.5,34.58,14.1,1.9,3.8,260.0
PROD-14325,2026-04-25,MINE-01,MINE-01-ZONE-E,304.0,286.7,39.05,14.7,1.3,3.8,260.0
PROD-14326,2026-04-25,MINE-02,MINE-02-ZONE-A,304.0,279.0,38.86,14.3,1.7,0.7,260.0
PROD-14327,2026-04-25,MINE-02,MINE-02-ZONE-B,304.0,258.7,32.49,13.3,2.7,0.7,260.0
PROD-14328,2026-04-25,MINE-02,MINE-02-ZONE-C,304.0,281.0,38.39,15.3,0.7,0.7,260.0
PROD-14329,2026-04-25,MINE-02,MINE-02-ZONE-D,304.0,242.3,34.27,12.2,3.8,0.7,260.0
PROD-14330,2026-04-25,MINE-02,MINE-02-ZONE-E,304.0,287.6,41.8,15.0,1.0,0.7,260.0
PROD-14331,2026-04-25,MINE-03,MINE-03-ZONE-A,304.0,259.9,40.27,14.3,1.7,1.8,260.0
PROD-14332,2026-04-25,MINE-03,MINE-03-ZONE-B,304.0,229.0,40.93,12.0,4.0,1.8,260.0
PROD-14333,2026-04-25,MINE-03,MINE-03-ZONE-C,304.0,281.9,32.62,14.5,1.5,1.8,260.0
PROD-14334,2026-04-25,MINE-03,MINE-03-ZONE-D,304.0,260.3,34.08,13.1,2.9,1.8,260.0
PROD-14335,2026-04-25,MINE-03,MINE-03-ZONE-E,304.0,242.9,42.86,13.4,2.6,1.8,260.0
PROD-14336,2026-04-25,MINE-04,MINE-04-ZONE-A,304.0,286.1,35.55,14.3,1.7,0.4,260.0
PROD-14337,2026-04-25,MINE-04,MINE-04-ZONE-B,304.0,254.7,33.01,13.9,2.1,0.4,260.0
PROD-14338,2026-04-25,MINE-04,MINE-04-ZONE-C,304.0,223.4,34.35,12.0,4.0,0.4,260.0
PROD-14339,2026-04-25,MINE-04,MINE-04-ZONE-D,304.0,277.2,34.68,15.3,0.7,0.4,260.0
PROD-14340,2026-04-25,MINE-04,MINE-04-ZONE-E,304.0,288.2,35.56,14.7,1.3,0.4,260.0
PROD-14341,2026-04-26,MINE-01,MINE-01-ZONE-A,224.0,190.7,40.06,13.7,2.3,3.6,260.0
PROD-14342,2026-04-26,MINE-01,MINE-01-ZONE-B,224.0,195.5,44.0,15.1,0.9,3.6,260.0
PROD-14343,2026-04-26,MINE-01,MINE-01-ZONE-C,224.0,168.9,38.59,12.5,3.5,3.6,260.0
PROD-14344,2026-04-26,MINE-01,MINE-01-ZONE-D,224.0,171.7,37.48,12.8,3.2,3.6,260.0
PROD-14345,2026-04-26,MINE-01,MINE-01-ZONE-E,224.0,179.3,34.85,12.5,3.5,3.6,260.0
PROD-14346,2026-04-26,MINE-02,MINE-02-ZONE-A,224.0,165.0,42.64,12.3,3.7,3.8,260.0
PROD-14347,2026-04-26,MINE-02,MINE-02-ZONE-B,224.0,209.4,43.69,15.0,1.0,3.8,260.0
PROD-14348,2026-04-26,MINE-02,MINE-02-ZONE-C,224.0,169.3,36.88,13.1,2.9,3.8,260.0
PROD-14349,2026-04-26,MINE-02,MINE-02-ZONE-D,224.0,192.1,35.2,13.0,3.0,3.8,260.0
PROD-14350,2026-04-26,MINE-02,MINE-02-ZONE-E,224.0,203.7,40.21,14.9,1.1,3.8,260.0
PROD-14351,2026-04-26,MINE-03,MINE-03-ZONE-A,224.0,176.0,41.64,11.8,4.2,3.5,260.0
PROD-14352,2026-04-26,MINE-03,MINE-03-ZONE-B,224.0,227.5,43.01,15.4,0.6,3.5,260.0
PROD-14353,2026-04-26,MINE-03,MINE-03-ZONE-C,224.0,187.6,36.57,12.5,3.5,3.5,260.0
PROD-14354,2026-04-26,MINE-03,MINE-03-ZONE-D,224.0,165.6,42.74,13.0,3.0,3.5,260.0
PROD-14355,2026-04-26,MINE-03,MINE-03-ZONE-E,224.0,175.3,40.72,11.9,4.1,3.5,260.0
PROD-14356,2026-04-26,MINE-04,MINE-04-ZONE-A,224.0,171.5,35.0,13.0,3.0,0.5,260.0
PROD-14357,2026-04-26,MINE-04,MINE-04-ZONE-B,224.0,160.6,38.43,12.3,3.7,0.5,260.0
PROD-14358,2026-04-26,MINE-04,MINE-04-ZONE-C,224.0,193.0,33.51,13.8,2.2,0.5,260.0
PROD-14359,2026-04-26,MINE-04,MINE-04-ZONE-D,224.0,182.9,37.99,12.8,3.2,0.5,260.0
PROD-14360,2026-04-26,MINE-04,MINE-04-ZONE-E,224.0,162.0,39.8,11.8,4.2,0.5,260.0
PROD-14361,2026-04-27,MINE-01,MINE-01-ZONE-A,228.0,202.4,41.35,14.0,2.0,1.0,260.0
PROD-14362,2026-04-27,MINE-01,MINE-01-ZONE-B,228.0,152.1,34.32,11.7,4.3,1.0,260.0
PROD-14363,2026-04-27,MINE-01,MINE-01-ZONE-C,228.0,206.8,43.19,14.4,1.6,1.0,260.0
PROD-14364,2026-04-27,MINE-01,MINE-01-ZONE-D,228.0,201.1,36.14,15.2,0.8,1.0,260.0
PROD-14365,2026-04-27,MINE-01,MINE-01-ZONE-E,228.0,212.3,39.61,14.6,1.4,1.0,260.0
PROD-14366,2026-04-27,MINE-02,MINE-02-ZONE-A,228.0,180.9,36.22,11.8,4.2,1.3,260.0
PROD-14367,2026-04-27,MINE-02,MINE-02-ZONE-B,228.0,201.9,39.53,15.0,1.0,1.3,260.0
PROD-14368,2026-04-27,MINE-02,MINE-02-ZONE-C,228.0,208.2,33.75,15.3,0.7,1.3,260.0
PROD-14369,2026-04-27,MINE-02,MINE-02-ZONE-D,228.0,221.5,37.56,15.3,0.7,1.3,260.0
PROD-14370,2026-04-27,MINE-02,MINE-02-ZONE-E,228.0,173.5,39.39,12.1,3.9,1.3,260.0
PROD-14371,2026-04-27,MINE-03,MINE-03-ZONE-A,228.0,171.7,34.3,12.6,3.4,0.9,260.0
PROD-14372,2026-04-27,MINE-03,MINE-03-ZONE-B,228.0,181.9,39.32,13.6,2.4,0.9,260.0
PROD-14373,2026-04-27,MINE-03,MINE-03-ZONE-C,228.0,209.6,42.81,15.1,0.9,0.9,260.0
PROD-14374,2026-04-27,MINE-03,MINE-03-ZONE-D,228.0,169.7,43.95,12.3,3.7,0.9,260.0
PROD-14375,2026-04-27,MINE-03,MINE-03-ZONE-E,228.0,179.6,32.28,12.0,4.0,0.9,260.0
PROD-14376,2026-04-27,MINE-04,MINE-04-ZONE-A,228.0,180.4,43.37,11.8,4.2,0.3,260.0
PROD-14377,2026-04-27,MINE-04,MINE-04-ZONE-B,228.0,207.1,32.53,13.9,2.1,0.3,260.0
PROD-14378,2026-04-27,MINE-04,MINE-04-ZONE-C,228.0,179.6,43.22,13.3,2.7,0.3,260.0
PROD-14379,2026-04-27,MINE-04,MINE-04-ZONE-D,228.0,196.1,41.4,14.8,1.2,0.3,260.0
PROD-14380,2026-04-27,MINE-04,MINE-04-ZONE-E,228.0,183.9,35.16,12.1,3.9,0.3,260.0
PROD-14381,2026-04-28,MINE-01,MINE-01-ZONE-A,232.0,165.5,43.76,11.7,4.3,2.2,260.0
PROD-14382,2026-04-28,MINE-01,MINE-01-ZONE-B,232.0,153.3,38.95,11.6,4.4,2.2,260.0
PROD-14383,2026-04-28,MINE-01,MINE-01-ZONE-C,232.0,196.4,38.03,14.5,1.5,2.2,260.0
PROD-14384,2026-04-28,MINE-01,MINE-01-ZONE-D,232.0,181.6,37.23,12.6,3.4,2.2,260.0
PROD-14385,2026-04-28,MINE-01,MINE-01-ZONE-E,232.0,159.9,32.42,11.6,4.4,2.2,260.0
PROD-14386,2026-04-28,MINE-02,MINE-02-ZONE-A,232.0,166.0,42.09,11.9,4.1,2.7,260.0
PROD-14387,2026-04-28,MINE-02,MINE-02-ZONE-B,232.0,187.5,38.18,13.8,2.2,2.7,260.0
PROD-14388,2026-04-28,MINE-02,MINE-02-ZONE-C,232.0,194.4,38.13,13.5,2.5,2.7,260.0
PROD-14389,2026-04-28,MINE-02,MINE-02-ZONE-D,232.0,177.6,37.11,12.6,3.4,2.7,260.0
PROD-14390,2026-04-28,MINE-02,MINE-02-ZONE-E,232.0,181.1,39.48,11.6,4.4,2.7,260.0
PROD-14391,2026-04-28,MINE-03,MINE-03-ZONE-A,232.0,200.4,39.91,14.5,1.5,1.7,260.0
PROD-14392,2026-04-28,MINE-03,MINE-03-ZONE-B,232.0,225.1,42.62,15.3,0.7,1.7,260.0
PROD-14393,2026-04-28,MINE-03,MINE-03-ZONE-C,232.0,217.7,42.62,14.9,1.1,1.7,260.0
PROD-14394,2026-04-28,MINE-03,MINE-03-ZONE-D,232.0,174.9,42.42,11.5,4.5,1.7,260.0
PROD-14395,2026-04-28,MINE-03,MINE-03-ZONE-E,232.0,177.1,35.35,13.3,2.7,1.7,260.0
PROD-14396,2026-04-28,MINE-04,MINE-04-ZONE-A,232.0,169.2,41.04,12.2,3.8,2.0,260.0
PROD-14397,2026-04-28,MINE-04,MINE-04-ZONE-B,232.0,158.9,38.93,11.9,4.1,2.0,260.0
PROD-14398,2026-04-28,MINE-04,MINE-04-ZONE-C,232.0,222.2,34.49,15.4,0.6,2.0,260.0
PROD-14399,2026-04-28,MINE-04,MINE-04-ZONE-D,232.0,222.8,35.08,15.0,1.0,2.0,260.0
PROD-14400,2026-04-28,MINE-04,MINE-04-ZONE-E,232.0,168.4,43.88,11.5,4.5,2.0,260.0
PROD-14401,2026-04-29,MINE-01,MINE-01-ZONE-A,276.0,236.0,34.02,14.2,1.8,1.8,260.0
PROD-14402,2026-04-29,MINE-01,MINE-01-ZONE-B,276.0,209.9,32.88,12.6,3.4,1.8,260.0
PROD-14403,2026-04-29,MINE-01,MINE-01-ZONE-C,276.0,206.6,37.52,12.7,3.3,1.8,260.0
PROD-14404,2026-04-29,MINE-01,MINE-01-ZONE-D,276.0,212.9,36.34,13.2,2.8,1.8,260.0
PROD-14405,2026-04-29,MINE-01,MINE-01-ZONE-E,276.0,234.2,34.87,14.3,1.7,1.8,260.0
PROD-14406,2026-04-29,MINE-02,MINE-02-ZONE-A,276.0,230.9,40.82,14.1,1.9,0.1,260.0
PROD-14407,2026-04-29,MINE-02,MINE-02-ZONE-B,276.0,238.7,41.84,13.6,2.4,0.1,260.0
PROD-14408,2026-04-29,MINE-02,MINE-02-ZONE-C,276.0,236.5,39.89,14.2,1.8,0.1,260.0
PROD-14409,2026-04-29,MINE-02,MINE-02-ZONE-D,276.0,224.9,38.68,13.9,2.1,0.1,260.0
PROD-14410,2026-04-29,MINE-02,MINE-02-ZONE-E,276.0,214.7,36.85,12.0,4.0,0.1,260.0
PROD-14411,2026-04-29,MINE-03,MINE-03-ZONE-A,276.0,231.7,36.97,13.0,3.0,0.0,260.0
PROD-14412,2026-04-29,MINE-03,MINE-03-ZONE-B,276.0,208.6,39.93,12.3,3.7,0.0,260.0
PROD-14413,2026-04-29,MINE-03,MINE-03-ZONE-C,276.0,216.0,41.29,13.1,2.9,0.0,260.0
PROD-14414,2026-04-29,MINE-03,MINE-03-ZONE-D,276.0,202.9,34.23,11.7,4.3,0.0,260.0
PROD-14415,2026-04-29,MINE-03,MINE-03-ZONE-E,276.0,207.8,33.98,12.0,4.0,0.0,260.0
PROD-14416,2026-04-29,MINE-04,MINE-04-ZONE-A,276.0,216.1,41.17,13.4,2.6,0.1,260.0
PROD-14417,2026-04-29,MINE-04,MINE-04-ZONE-B,276.0,220.7,36.48,13.4,2.6,0.1,260.0
PROD-14418,2026-04-29,MINE-04,MINE-04-ZONE-C,276.0,275.8,38.17,15.3,0.7,0.1,260.0
PROD-14419,2026-04-29,MINE-04,MINE-04-ZONE-D,276.0,244.8,40.18,13.8,2.2,0.1,260.0
PROD-14420,2026-04-29,MINE-04,MINE-04-ZONE-E,276.0,209.9,36.91,12.2,3.8,0.1,260.0
PROD-14421,2026-04-30,MINE-01,MINE-01-ZONE-A,280.0,221.7,43.39,13.5,2.5,0.1,260.0
PROD-14422,2026-04-30,MINE-01,MINE-01-ZONE-B,280.0,261.0,34.63,14.4,1.6,0.1,260.0
PROD-14423,2026-04-30,MINE-01,MINE-01-ZONE-C,280.0,210.0,38.89,11.6,4.4,0.1,260.0
PROD-14424,2026-04-30,MINE-01,MINE-01-ZONE-D,280.0,212.7,33.76,12.2,3.8,0.1,260.0
PROD-14425,2026-04-30,MINE-01,MINE-01-ZONE-E,280.0,259.5,32.97,14.6,1.4,0.1,260.0
PROD-14426,2026-04-30,MINE-02,MINE-02-ZONE-A,280.0,249.1,40.2,13.6,2.4,1.2,260.0
PROD-14427,2026-04-30,MINE-02,MINE-02-ZONE-B,280.0,224.4,33.9,12.7,3.3,1.2,260.0
PROD-14428,2026-04-30,MINE-02,MINE-02-ZONE-C,280.0,239.1,35.29,13.5,2.5,1.2,260.0
PROD-14429,2026-04-30,MINE-02,MINE-02-ZONE-D,280.0,235.4,33.04,12.7,3.3,1.2,260.0
PROD-14430,2026-04-30,MINE-02,MINE-02-ZONE-E,280.0,229.4,35.49,12.8,3.2,1.2,260.0
PROD-14431,2026-04-30,MINE-03,MINE-03-ZONE-A,280.0,237.8,43.79,13.4,2.6,3.1,260.0
PROD-14432,2026-04-30,MINE-03,MINE-03-ZONE-B,280.0,256.6,41.13,14.9,1.1,3.1,260.0
PROD-14433,2026-04-30,MINE-03,MINE-03-ZONE-C,280.0,214.3,41.48,12.1,3.9,3.1,260.0
PROD-14434,2026-04-30,MINE-03,MINE-03-ZONE-D,280.0,223.1,36.02,13.0,3.0,3.1,260.0
PROD-14435,2026-04-30,MINE-03,MINE-03-ZONE-E,280.0,246.8,41.45,14.4,1.6,3.1,260.0
PROD-14436,2026-04-30,MINE-04,MINE-04-ZONE-A,280.0,258.6,39.7,15.2,0.8,3.9,260.0
PROD-14437,2026-04-30,MINE-04,MINE-04-ZONE-B,280.0,235.7,36.84,14.3,1.7,3.9,260.0
PROD-14438,2026-04-30,MINE-04,MINE-04-ZONE-C,280.0,229.6,43.22,13.4,2.6,3.9,260.0
PROD-14439,2026-04-30,MINE-04,MINE-04-ZONE-D,280.0,277.3,38.79,15.5,0.5,3.9,260.0
PROD-14440,2026-04-30,MINE-04,MINE-04-ZONE-E,280.0,261.3,41.82,14.7,1.3,3.9,260.0
PROD-14441,2026-05-01,MINE-01,MINE-01-ZONE-A,284.0,257.1,41.41,15.3,0.7,3.4,260.0
PROD-14442,2026-05-01,MINE-01,MINE-01-ZONE-B,284.0,201.9,40.84,12.2,3.8,3.4,260.0
PROD-14443,2026-05-01,MINE-01,MINE-01-ZONE-C,284.0,236.5,33.86,13.2,2.8,3.4,260.0
PROD-14444,2026-05-01,MINE-01,MINE-01-ZONE-D,284.0,196.7,38.29,11.8,4.2,3.4,260.0
PROD-14445,2026-05-01,MINE-01,MINE-01-ZONE-E,284.0,228.4,34.58,12.5,3.5,3.4,260.0
PROD-14446,2026-05-01,MINE-02,MINE-02-ZONE-A,284.0,220.9,37.76,12.4,3.6,3.3,260.0
PROD-14447,2026-05-01,MINE-02,MINE-02-ZONE-B,284.0,230.7,39.54,13.9,2.1,3.3,260.0
PROD-14448,2026-05-01,MINE-02,MINE-02-ZONE-C,284.0,216.0,40.33,12.4,3.6,3.3,260.0
PROD-14449,2026-05-01,MINE-02,MINE-02-ZONE-D,284.0,214.8,42.49,11.7,4.3,3.3,260.0
PROD-14450,2026-05-01,MINE-02,MINE-02-ZONE-E,284.0,197.1,41.52,11.6,4.4,3.3,260.0
PROD-14451,2026-05-01,MINE-03,MINE-03-ZONE-A,284.0,252.7,32.06,14.7,1.3,2.9,260.0
PROD-14452,2026-05-01,MINE-03,MINE-03-ZONE-B,284.0,207.9,34.63,12.1,3.9,2.9,260.0
PROD-14453,2026-05-01,MINE-03,MINE-03-ZONE-C,284.0,216.2,42.57,12.5,3.5,2.9,260.0
PROD-14454,2026-05-01,MINE-03,MINE-03-ZONE-D,284.0,259.2,37.83,13.9,2.1,2.9,260.0
PROD-14455,2026-05-01,MINE-03,MINE-03-ZONE-E,284.0,202.4,35.27,11.8,4.2,2.9,260.0
PROD-14456,2026-05-01,MINE-04,MINE-04-ZONE-A,284.0,206.3,39.03,12.0,4.0,3.2,260.0
PROD-14457,2026-05-01,MINE-04,MINE-04-ZONE-B,284.0,195.4,42.69,11.9,4.1,3.2,260.0
PROD-14458,2026-05-01,MINE-04,MINE-04-ZONE-C,284.0,232.1,40.97,13.6,2.4,3.2,260.0
PROD-14459,2026-05-01,MINE-04,MINE-04-ZONE-D,284.0,206.2,33.65,11.5,4.5,3.2,260.0
PROD-14460,2026-05-01,MINE-04,MINE-04-ZONE-E,284.0,267.6,40.99,15.0,1.0,3.2,260.0
PROD-14461,2026-05-02,MINE-01,MINE-01-ZONE-A,288.0,254.0,41.52,13.9,2.1,2.8,260.0
PROD-14462,2026-05-02,MINE-01,MINE-01-ZONE-B,288.0,218.9,39.19,13.0,3.0,2.8,260.0
PROD-14463,2026-05-02,MINE-01,MINE-01-ZONE-C,288.0,266.9,43.78,14.9,1.1,2.8,260.0
PROD-14464,2026-05-02,MINE-01,MINE-01-ZONE-D,288.0,255.3,43.11,13.9,2.1,2.8,260.0
PROD-14465,2026-05-02,MINE-01,MINE-01-ZONE-E,288.0,266.0,40.85,14.9,1.1,2.8,260.0
PROD-14466,2026-05-02,MINE-02,MINE-02-ZONE-A,288.0,253.8,42.57,14.8,1.2,0.2,260.0
PROD-14467,2026-05-02,MINE-02,MINE-02-ZONE-B,288.0,248.3,42.63,14.1,1.9,0.2,260.0
PROD-14468,2026-05-02,MINE-02,MINE-02-ZONE-C,288.0,233.2,34.61,12.4,3.6,0.2,260.0
PROD-14469,2026-05-02,MINE-02,MINE-02-ZONE-D,288.0,246.4,37.97,14.5,1.5,0.2,260.0
PROD-14470,2026-05-02,MINE-02,MINE-02-ZONE-E,288.0,248.2,33.67,14.1,1.9,0.2,260.0
PROD-14471,2026-05-02,MINE-03,MINE-03-ZONE-A,288.0,206.9,37.0,11.8,4.2,3.2,260.0
PROD-14472,2026-05-02,MINE-03,MINE-03-ZONE-B,288.0,263.5,36.77,14.6,1.4,3.2,260.0
PROD-14473,2026-05-02,MINE-03,MINE-03-ZONE-C,288.0,223.0,40.98,12.9,3.1,3.2,260.0
PROD-14474,2026-05-02,MINE-03,MINE-03-ZONE-D,288.0,278.2,41.32,15.5,0.5,3.2,260.0
PROD-14475,2026-05-02,MINE-03,MINE-03-ZONE-E,288.0,274.0,36.12,15.4,0.6,3.2,260.0
PROD-14476,2026-05-02,MINE-04,MINE-04-ZONE-A,288.0,240.6,40.36,12.8,3.2,2.3,260.0
PROD-14477,2026-05-02,MINE-04,MINE-04-ZONE-B,288.0,212.4,32.78,11.7,4.3,2.3,260.0
PROD-14478,2026-05-02,MINE-04,MINE-04-ZONE-C,288.0,239.2,33.84,13.6,2.4,2.3,260.0
PROD-14479,2026-05-02,MINE-04,MINE-04-ZONE-D,288.0,222.1,33.15,12.8,3.2,2.3,260.0
PROD-14480,2026-05-02,MINE-04,MINE-04-ZONE-E,288.0,264.0,36.07,14.3,1.7,2.3,260.0
PROD-14481,2026-05-03,MINE-01,MINE-01-ZONE-A,208.0,163.1,35.31,12.8,3.2,2.3,260.0
PROD-14482,2026-05-03,MINE-01,MINE-01-ZONE-B,208.0,172.3,40.08,13.3,2.7,2.3,260.0
PROD-14483,2026-05-03,MINE-01,MINE-01-ZONE-C,208.0,195.6,36.04,14.5,1.5,2.3,260.0
PROD-14484,2026-05-03,MINE-01,MINE-01-ZONE-D,208.0,163.6,37.34,13.2,2.8,2.3,260.0
PROD-14485,2026-05-03,MINE-01,MINE-01-ZONE-E,208.0,190.4,38.99,14.1,1.9,2.3,260.0
PROD-14486,2026-05-03,MINE-02,MINE-02-ZONE-A,208.0,184.1,35.91,15.4,0.6,2.7,260.0
PROD-14487,2026-05-03,MINE-02,MINE-02-ZONE-B,208.0,155.4,41.53,12.6,3.4,2.7,260.0
PROD-14488,2026-05-03,MINE-02,MINE-02-ZONE-C,208.0,199.6,34.67,14.7,1.3,2.7,260.0
PROD-14489,2026-05-03,MINE-02,MINE-02-ZONE-D,208.0,161.0,39.89,12.4,3.6,2.7,260.0
PROD-14490,2026-05-03,MINE-02,MINE-02-ZONE-E,208.0,205.5,41.61,15.1,0.9,2.7,260.0
PROD-14491,2026-05-03,MINE-03,MINE-03-ZONE-A,208.0,180.5,32.03,14.8,1.2,2.0,260.0
PROD-14492,2026-05-03,MINE-03,MINE-03-ZONE-B,208.0,178.6,42.3,13.2,2.8,2.0,260.0
PROD-14493,2026-05-03,MINE-03,MINE-03-ZONE-C,208.0,194.9,43.39,15.3,0.7,2.0,260.0
PROD-14494,2026-05-03,MINE-03,MINE-03-ZONE-D,208.0,198.3,36.15,14.5,1.5,2.0,260.0
PROD-14495,2026-05-03,MINE-03,MINE-03-ZONE-E,208.0,181.1,33.5,14.1,1.9,2.0,260.0
PROD-14496,2026-05-03,MINE-04,MINE-04-ZONE-A,208.0,185.1,33.48,15.3,0.7,0.4,260.0
PROD-14497,2026-05-03,MINE-04,MINE-04-ZONE-B,208.0,176.9,37.46,14.2,1.8,0.4,260.0
PROD-14498,2026-05-03,MINE-04,MINE-04-ZONE-C,208.0,183.2,43.53,14.6,1.4,0.4,260.0
PROD-14499,2026-05-03,MINE-04,MINE-04-ZONE-D,208.0,175.4,42.73,14.5,1.5,0.4,260.0
PROD-14500,2026-05-03,MINE-04,MINE-04-ZONE-E,208.0,189.4,33.6,14.5,1.5,0.4,260.0
PROD-14501,2026-05-04,MINE-01,MINE-01-ZONE-A,252.0,215.8,43.54,14.1,1.9,3.3,260.0
PROD-14502,2026-05-04,MINE-01,MINE-01-ZONE-B,252.0,214.1,34.68,14.2,1.8,3.3,260.0
PROD-14503,2026-05-04,MINE-01,MINE-01-ZONE-C,252.0,238.5,39.61,14.4,1.6,3.3,260.0
PROD-14504,2026-05-04,MINE-01,MINE-01-ZONE-D,252.0,219.8,35.95,14.3,1.7,3.3,260.0
PROD-14505,2026-05-04,MINE-01,MINE-01-ZONE-E,252.0,200.2,39.43,12.9,3.1,3.3,260.0
PROD-14506,2026-05-04,MINE-02,MINE-02-ZONE-A,252.0,213.9,33.73,14.2,1.8,2.8,260.0
PROD-14507,2026-05-04,MINE-02,MINE-02-ZONE-B,252.0,214.8,38.63,14.0,2.0,2.8,260.0
PROD-14508,2026-05-04,MINE-02,MINE-02-ZONE-C,252.0,195.8,38.98,12.2,3.8,2.8,260.0
PROD-14509,2026-05-04,MINE-02,MINE-02-ZONE-D,252.0,176.5,40.96,11.6,4.4,2.8,260.0
PROD-14510,2026-05-04,MINE-02,MINE-02-ZONE-E,252.0,223.0,43.14,14.3,1.7,2.8,260.0
PROD-14511,2026-05-04,MINE-03,MINE-03-ZONE-A,252.0,233.2,32.53,15.1,0.9,2.7,260.0
PROD-14512,2026-05-04,MINE-03,MINE-03-ZONE-B,252.0,206.0,41.28,12.4,3.6,2.7,260.0
PROD-14513,2026-05-04,MINE-03,MINE-03-ZONE-C,252.0,230.7,41.32,14.5,1.5,2.7,260.0
PROD-14514,2026-05-04,MINE-03,MINE-03-ZONE-D,252.0,209.3,40.9,13.9,2.1,2.7,260.0
PROD-14515,2026-05-04,MINE-03,MINE-03-ZONE-E,252.0,215.4,35.62,12.9,3.1,2.7,260.0
PROD-14516,2026-05-04,MINE-04,MINE-04-ZONE-A,252.0,228.6,33.22,15.5,0.5,1.4,260.0
PROD-14517,2026-05-04,MINE-04,MINE-04-ZONE-B,252.0,220.8,43.71,13.9,2.1,1.4,260.0
PROD-14518,2026-05-04,MINE-04,MINE-04-ZONE-C,252.0,191.8,40.75,13.0,3.0,1.4,260.0
PROD-14519,2026-05-04,MINE-04,MINE-04-ZONE-D,252.0,214.4,40.64,13.5,2.5,1.4,260.0
PROD-14520,2026-05-04,MINE-04,MINE-04-ZONE-E,252.0,198.7,43.69,12.3,3.7,1.4,260.0
PROD-14521,2026-05-05,MINE-01,MINE-01-ZONE-A,256.0,234.5,35.83,15.0,1.0,1.3,260.0
PROD-14522,2026-05-05,MINE-01,MINE-01-ZONE-B,256.0,211.0,40.55,14.1,1.9,1.3,260.0
PROD-14523,2026-05-05,MINE-01,MINE-01-ZONE-C,256.0,208.7,40.57,13.5,2.5,1.3,260.0
PROD-14524,2026-05-05,MINE-01,MINE-01-ZONE-D,256.0,210.2,32.3,13.9,2.1,1.3,260.0
PROD-14525,2026-05-05,MINE-01,MINE-01-ZONE-E,256.0,205.4,32.23,13.1,2.9,1.3,260.0
PROD-14526,2026-05-05,MINE-02,MINE-02-ZONE-A,256.0,220.4,32.37,13.7,2.3,3.4,260.0
PROD-14527,2026-05-05,MINE-02,MINE-02-ZONE-B,256.0,199.4,37.26,12.1,3.9,3.4,260.0
PROD-14528,2026-05-05,MINE-02,MINE-02-ZONE-C,256.0,240.4,38.87,15.4,0.6,3.4,260.0
PROD-14529,2026-05-05,MINE-02,MINE-02-ZONE-D,256.0,206.5,37.87,12.9,3.1,3.4,260.0
PROD-14530,2026-05-05,MINE-02,MINE-02-ZONE-E,256.0,221.5,43.33,13.8,2.2,3.4,260.0
PROD-14531,2026-05-05,MINE-03,MINE-03-ZONE-A,256.0,231.6,36.77,14.2,1.8,1.5,260.0
PROD-14532,2026-05-05,MINE-03,MINE-03-ZONE-B,256.0,190.6,41.58,12.7,3.3,1.5,260.0
PROD-14533,2026-05-05,MINE-03,MINE-03-ZONE-C,256.0,218.7,39.97,13.2,2.8,1.5,260.0
PROD-14534,2026-05-05,MINE-03,MINE-03-ZONE-D,256.0,210.2,37.09,12.4,3.6,1.5,260.0
PROD-14535,2026-05-05,MINE-03,MINE-03-ZONE-E,256.0,213.9,43.98,13.9,2.1,1.5,260.0
PROD-14536,2026-05-05,MINE-04,MINE-04-ZONE-A,256.0,195.5,34.88,12.3,3.7,1.6,260.0
PROD-14537,2026-05-05,MINE-04,MINE-04-ZONE-B,256.0,199.9,40.44,12.0,4.0,1.6,260.0
PROD-14538,2026-05-05,MINE-04,MINE-04-ZONE-C,256.0,195.0,32.69,13.1,2.9,1.6,260.0
PROD-14539,2026-05-05,MINE-04,MINE-04-ZONE-D,256.0,239.9,34.57,15.0,1.0,1.6,260.0
PROD-14540,2026-05-05,MINE-04,MINE-04-ZONE-E,256.0,211.5,34.77,12.4,3.6,1.6,260.0
PROD-14541,2026-05-06,MINE-01,MINE-01-ZONE-A,260.0,214.7,34.33,14.1,1.9,3.8,260.0
PROD-14542,2026-05-06,MINE-01,MINE-01-ZONE-B,260.0,242.2,32.57,15.5,0.5,3.8,260.0
PROD-14543,2026-05-06,MINE-01,MINE-01-ZONE-C,260.0,229.2,33.98,13.6,2.4,3.8,260.0
PROD-14544,2026-05-06,MINE-01,MINE-01-ZONE-D,260.0,223.1,34.72,13.0,3.0,3.8,260.0
PROD-14545,2026-05-06,MINE-01,MINE-01-ZONE-E,260.0,228.5,34.7,13.9,2.1,3.8,260.0
PROD-14546,2026-05-06,MINE-02,MINE-02-ZONE-A,260.0,228.9,38.81,13.6,2.4,0.4,260.0
PROD-14547,2026-05-06,MINE-02,MINE-02-ZONE-B,260.0,232.0,32.75,13.7,2.3,0.4,260.0
PROD-14548,2026-05-06,MINE-02,MINE-02-ZONE-C,260.0,206.7,32.27,12.7,3.3,0.4,260.0
PROD-14549,2026-05-06,MINE-02,MINE-02-ZONE-D,260.0,216.8,42.7,12.7,3.3,0.4,260.0
PROD-14550,2026-05-06,MINE-02,MINE-02-ZONE-E,260.0,238.1,37.48,15.5,0.5,0.4,260.0
PROD-14551,2026-05-06,MINE-03,MINE-03-ZONE-A,260.0,213.2,41.29,12.6,3.4,1.1,260.0
PROD-14552,2026-05-06,MINE-03,MINE-03-ZONE-B,260.0,219.5,41.77,13.8,2.2,1.1,260.0
PROD-14553,2026-05-06,MINE-03,MINE-03-ZONE-C,260.0,210.9,34.09,13.9,2.1,1.1,260.0
PROD-14554,2026-05-06,MINE-03,MINE-03-ZONE-D,260.0,186.4,43.9,12.1,3.9,1.1,260.0
PROD-14555,2026-05-06,MINE-03,MINE-03-ZONE-E,260.0,235.4,37.65,13.8,2.2,1.1,260.0
PROD-14556,2026-05-06,MINE-04,MINE-04-ZONE-A,260.0,205.5,41.34,13.1,2.9,0.5,260.0
PROD-14557,2026-05-06,MINE-04,MINE-04-ZONE-B,260.0,258.2,42.37,15.2,0.8,0.5,260.0
PROD-14558,2026-05-06,MINE-04,MINE-04-ZONE-C,260.0,215.3,39.0,13.4,2.6,0.5,260.0
PROD-14559,2026-05-06,MINE-04,MINE-04-ZONE-D,260.0,233.8,33.54,15.1,0.9,0.5,260.0
PROD-14560,2026-05-06,MINE-04,MINE-04-ZONE-E,260.0,247.6,32.91,14.7,1.3,0.5,260.0
PROD-14561,2026-05-07,MINE-01,MINE-01-ZONE-A,264.0,203.5,42.4,13.0,3.0,1.6,260.0
PROD-14562,2026-05-07,MINE-01,MINE-01-ZONE-B,264.0,189.5,33.3,12.3,3.7,1.6,260.0
PROD-14563,2026-05-07,MINE-01,MINE-01-ZONE-C,264.0,225.9,38.81,13.5,2.5,1.6,260.0
PROD-14564,2026-05-07,MINE-01,MINE-01-ZONE-D,264.0,200.8,41.72,11.6,4.4,1.6,260.0
PROD-14565,2026-05-07,MINE-01,MINE-01-ZONE-E,264.0,193.9,41.1,12.0,4.0,1.6,260.0
PROD-14566,2026-05-07,MINE-02,MINE-02-ZONE-A,264.0,247.2,39.55,14.2,1.8,1.5,260.0
PROD-14567,2026-05-07,MINE-02,MINE-02-ZONE-B,264.0,249.0,40.4,14.4,1.6,1.5,260.0
PROD-14568,2026-05-07,MINE-02,MINE-02-ZONE-C,264.0,248.7,35.8,14.8,1.2,1.5,260.0
PROD-14569,2026-05-07,MINE-02,MINE-02-ZONE-D,264.0,223.8,38.25,14.4,1.6,1.5,260.0
PROD-14570,2026-05-07,MINE-02,MINE-02-ZONE-E,264.0,207.7,39.99,12.3,3.7,1.5,260.0
PROD-14571,2026-05-07,MINE-03,MINE-03-ZONE-A,264.0,210.0,33.02,12.4,3.6,0.8,260.0
PROD-14572,2026-05-07,MINE-03,MINE-03-ZONE-B,264.0,228.9,38.13,14.0,2.0,0.8,260.0
PROD-14573,2026-05-07,MINE-03,MINE-03-ZONE-C,264.0,248.6,32.7,15.4,0.6,0.8,260.0
PROD-14574,2026-05-07,MINE-03,MINE-03-ZONE-D,264.0,223.4,38.48,13.3,2.7,0.8,260.0
PROD-14575,2026-05-07,MINE-03,MINE-03-ZONE-E,264.0,200.5,42.05,12.7,3.3,0.8,260.0
PROD-14576,2026-05-07,MINE-04,MINE-04-ZONE-A,264.0,206.8,41.36,12.6,3.4,2.4,260.0
PROD-14577,2026-05-07,MINE-04,MINE-04-ZONE-B,264.0,231.4,42.34,13.4,2.6,2.4,260.0
PROD-14578,2026-05-07,MINE-04,MINE-04-ZONE-C,264.0,184.5,40.05,11.7,4.3,2.4,260.0
PROD-14579,2026-05-07,MINE-04,MINE-04-ZONE-D,264.0,255.8,35.13,14.8,1.2,2.4,260.0
PROD-14580,2026-05-07,MINE-04,MINE-04-ZONE-E,264.0,210.5,35.88,13.4,2.6,2.4,260.0
PROD-14581,2026-05-08,MINE-01,MINE-01-ZONE-A,268.0,205.7,33.34,11.6,4.4,1.0,260.0
PROD-14582,2026-05-08,MINE-01,MINE-01-ZONE-B,268.0,230.0,42.94,13.7,2.3,1.0,260.0
PROD-14583,2026-05-08,MINE-01,MINE-01-ZONE-C,268.0,243.9,37.78,15.5,0.5,1.0,260.0
PROD-14584,2026-05-08,MINE-01,MINE-01-ZONE-D,268.0,219.7,37.62,12.4,3.6,1.0,260.0
PROD-14585,2026-05-08,MINE-01,MINE-01-ZONE-E,268.0,234.1,32.13,13.6,2.4,1.0,260.0
PROD-14586,2026-05-08,MINE-02,MINE-02-ZONE-A,268.0,234.5,37.23,13.8,2.2,2.3,260.0
PROD-14587,2026-05-08,MINE-02,MINE-02-ZONE-B,268.0,185.1,37.58,11.6,4.4,2.3,260.0
PROD-14588,2026-05-08,MINE-02,MINE-02-ZONE-C,268.0,251.0,32.03,14.9,1.1,2.3,260.0
PROD-14589,2026-05-08,MINE-02,MINE-02-ZONE-D,268.0,229.0,42.06,13.8,2.2,2.3,260.0
PROD-14590,2026-05-08,MINE-02,MINE-02-ZONE-E,268.0,206.8,33.13,13.0,3.0,2.3,260.0
PROD-14591,2026-05-08,MINE-03,MINE-03-ZONE-A,268.0,240.4,38.28,14.9,1.1,3.5,260.0
PROD-14592,2026-05-08,MINE-03,MINE-03-ZONE-B,268.0,223.9,39.88,13.4,2.6,3.5,260.0
PROD-14593,2026-05-08,MINE-03,MINE-03-ZONE-C,268.0,247.0,38.89,15.1,0.9,3.5,260.0
PROD-14594,2026-05-08,MINE-03,MINE-03-ZONE-D,268.0,265.2,40.06,15.3,0.7,3.5,260.0
PROD-14595,2026-05-08,MINE-03,MINE-03-ZONE-E,268.0,226.0,35.94,14.0,2.0,3.5,260.0
PROD-14596,2026-05-08,MINE-04,MINE-04-ZONE-A,268.0,235.6,37.61,13.9,2.1,0.9,260.0
PROD-14597,2026-05-08,MINE-04,MINE-04-ZONE-B,268.0,255.6,36.82,15.1,0.9,0.9,260.0
PROD-14598,2026-05-08,MINE-04,MINE-04-ZONE-C,268.0,249.4,41.03,14.2,1.8,0.9,260.0
PROD-14599,2026-05-08,MINE-04,MINE-04-ZONE-D,268.0,204.4,41.42,13.1,2.9,0.9,260.0
PROD-14600,2026-05-08,MINE-04,MINE-04-ZONE-E,268.0,251.1,32.4,14.5,1.5,0.9,260.0
PROD-14601,2026-05-09,MINE-01,MINE-01-ZONE-A,312.0,263.1,37.84,13.2,2.8,0.7,260.0
PROD-14602,2026-05-09,MINE-01,MINE-01-ZONE-B,312.0,293.6,36.04,15.4,0.6,0.7,260.0
PROD-14603,2026-05-09,MINE-01,MINE-01-ZONE-C,312.0,239.5,43.54,12.9,3.1,0.7,260.0
PROD-14604,2026-05-09,MINE-01,MINE-01-ZONE-D,312.0,253.2,38.63,13.7,2.3,0.7,260.0
PROD-14605,2026-05-09,MINE-01,MINE-01-ZONE-E,312.0,241.4,38.89,12.6,3.4,0.7,260.0
PROD-14606,2026-05-09,MINE-02,MINE-02-ZONE-A,312.0,300.4,33.71,14.7,1.3,1.2,260.0
PROD-14607,2026-05-09,MINE-02,MINE-02-ZONE-B,312.0,283.7,37.55,13.9,2.1,1.2,260.0
PROD-14608,2026-05-09,MINE-02,MINE-02-ZONE-C,312.0,301.4,43.07,14.8,1.2,1.2,260.0
PROD-14609,2026-05-09,MINE-02,MINE-02-ZONE-D,312.0,287.8,42.82,15.2,0.8,1.2,260.0
PROD-14610,2026-05-09,MINE-02,MINE-02-ZONE-E,312.0,253.2,36.09,12.6,3.4,1.2,260.0
PROD-14611,2026-05-09,MINE-03,MINE-03-ZONE-A,312.0,295.3,33.69,14.8,1.2,2.5,260.0
PROD-14612,2026-05-09,MINE-03,MINE-03-ZONE-B,312.0,292.4,43.15,15.0,1.0,2.5,260.0
PROD-14613,2026-05-09,MINE-03,MINE-03-ZONE-C,312.0,304.3,37.47,15.4,0.6,2.5,260.0
PROD-14614,2026-05-09,MINE-03,MINE-03-ZONE-D,312.0,238.5,33.7,12.3,3.7,2.5,260.0
PROD-14615,2026-05-09,MINE-03,MINE-03-ZONE-E,312.0,237.3,34.39,12.1,3.9,2.5,260.0
PROD-14616,2026-05-09,MINE-04,MINE-04-ZONE-A,312.0,225.1,41.07,11.5,4.5,0.7,260.0
PROD-14617,2026-05-09,MINE-04,MINE-04-ZONE-B,312.0,228.2,42.07,12.2,3.8,0.7,260.0
PROD-14618,2026-05-09,MINE-04,MINE-04-ZONE-C,312.0,236.1,36.35,12.9,3.1,0.7,260.0
PROD-14619,2026-05-09,MINE-04,MINE-04-ZONE-D,312.0,291.3,42.22,14.5,1.5,0.7,260.0
PROD-14620,2026-05-09,MINE-04,MINE-04-ZONE-E,312.0,259.8,35.04,13.6,2.4,0.7,260.0
PROD-14621,2026-05-10,MINE-01,MINE-01-ZONE-A,232.0,198.5,40.47,13.2,2.8,1.8,260.0
PROD-14622,2026-05-10,MINE-01,MINE-01-ZONE-B,232.0,227.6,40.81,15.0,1.0,1.8,260.0
PROD-14623,2026-05-10,MINE-01,MINE-01-ZONE-C,232.0,218.5,41.18,14.3,1.7,1.8,260.0
PROD-14624,2026-05-10,MINE-01,MINE-01-ZONE-D,232.0,216.2,34.27,14.9,1.1,1.8,260.0
PROD-14625,2026-05-10,MINE-01,MINE-01-ZONE-E,232.0,186.4,43.42,13.2,2.8,1.8,260.0
PROD-14626,2026-05-10,MINE-02,MINE-02-ZONE-A,232.0,190.8,38.94,13.2,2.8,0.1,260.0
PROD-14627,2026-05-10,MINE-02,MINE-02-ZONE-B,232.0,166.2,41.1,11.8,4.2,0.1,260.0
PROD-14628,2026-05-10,MINE-02,MINE-02-ZONE-C,232.0,177.9,43.15,13.1,2.9,0.1,260.0
PROD-14629,2026-05-10,MINE-02,MINE-02-ZONE-D,232.0,219.9,32.32,15.2,0.8,0.1,260.0
PROD-14630,2026-05-10,MINE-02,MINE-02-ZONE-E,232.0,220.6,37.42,15.4,0.6,0.1,260.0
PROD-14631,2026-05-10,MINE-03,MINE-03-ZONE-A,232.0,222.0,32.88,15.3,0.7,3.0,260.0
PROD-14632,2026-05-10,MINE-03,MINE-03-ZONE-B,232.0,221.3,36.58,14.5,1.5,3.0,260.0
PROD-14633,2026-05-10,MINE-03,MINE-03-ZONE-C,232.0,217.9,35.04,14.2,1.8,3.0,260.0
PROD-14634,2026-05-10,MINE-03,MINE-03-ZONE-D,232.0,184.6,39.57,12.3,3.7,3.0,260.0
PROD-14635,2026-05-10,MINE-03,MINE-03-ZONE-E,232.0,179.5,37.38,13.1,2.9,3.0,260.0
PROD-14636,2026-05-10,MINE-04,MINE-04-ZONE-A,232.0,181.3,38.69,13.3,2.7,0.0,260.0
PROD-14637,2026-05-10,MINE-04,MINE-04-ZONE-B,232.0,176.9,37.58,12.4,3.6,0.0,260.0
PROD-14638,2026-05-10,MINE-04,MINE-04-ZONE-C,232.0,196.3,32.11,12.8,3.2,0.0,260.0
PROD-14639,2026-05-10,MINE-04,MINE-04-ZONE-D,232.0,203.1,43.3,14.4,1.6,0.0,260.0
PROD-14640,2026-05-10,MINE-04,MINE-04-ZONE-E,232.0,193.5,39.05,12.9,3.1,0.0,260.0
PROD-14641,2026-05-11,MINE-01,MINE-01-ZONE-A,236.0,191.1,40.02,12.6,3.4,0.1,260.0
PROD-14642,2026-05-11,MINE-01,MINE-01-ZONE-B,236.0,202.7,41.15,14.6,1.4,0.1,260.0
PROD-14643,2026-05-11,MINE-01,MINE-01-ZONE-C,236.0,170.7,34.71,12.5,3.5,0.1,260.0
PROD-14644,2026-05-11,MINE-01,MINE-01-ZONE-D,236.0,221.1,40.98,14.4,1.6,0.1,260.0
PROD-14645,2026-05-11,MINE-01,MINE-01-ZONE-E,236.0,184.3,42.95,12.6,3.4,0.1,260.0
PROD-14646,2026-05-11,MINE-02,MINE-02-ZONE-A,236.0,182.0,35.17,11.6,4.4,2.0,260.0
PROD-14647,2026-05-11,MINE-02,MINE-02-ZONE-B,236.0,164.4,32.0,12.0,4.0,2.0,260.0
PROD-14648,2026-05-11,MINE-02,MINE-02-ZONE-C,236.0,206.9,42.31,13.3,2.7,2.0,260.0
PROD-14649,2026-05-11,MINE-02,MINE-02-ZONE-D,236.0,199.6,43.8,13.2,2.8,2.0,260.0
PROD-14650,2026-05-11,MINE-02,MINE-02-ZONE-E,236.0,176.3,33.4,12.6,3.4,2.0,260.0
PROD-14651,2026-05-11,MINE-03,MINE-03-ZONE-A,236.0,215.9,32.23,15.1,0.9,3.2,260.0
PROD-14652,2026-05-11,MINE-03,MINE-03-ZONE-B,236.0,199.7,37.8,14.1,1.9,3.2,260.0
PROD-14653,2026-05-11,MINE-03,MINE-03-ZONE-C,236.0,208.5,39.0,13.7,2.3,3.2,260.0
PROD-14654,2026-05-11,MINE-03,MINE-03-ZONE-D,236.0,180.4,40.62,11.7,4.3,3.2,260.0
PROD-14655,2026-05-11,MINE-03,MINE-03-ZONE-E,236.0,208.2,41.98,14.3,1.7,3.2,260.0
PROD-14656,2026-05-11,MINE-04,MINE-04-ZONE-A,236.0,207.8,43.44,15.1,0.9,2.2,260.0
PROD-14657,2026-05-11,MINE-04,MINE-04-ZONE-B,236.0,190.2,42.57,13.2,2.8,2.2,260.0
PROD-14658,2026-05-11,MINE-04,MINE-04-ZONE-C,236.0,211.8,36.21,14.1,1.9,2.2,260.0
PROD-14659,2026-05-11,MINE-04,MINE-04-ZONE-D,236.0,196.1,38.78,14.1,1.9,2.2,260.0
PROD-14660,2026-05-11,MINE-04,MINE-04-ZONE-E,236.0,190.7,40.2,13.7,2.3,2.2,260.0
PROD-14661,2026-05-12,MINE-01,MINE-01-ZONE-A,240.0,218.5,35.22,14.7,1.3,3.3,260.0
PROD-14662,2026-05-12,MINE-01,MINE-01-ZONE-B,240.0,156.5,34.44,11.5,4.5,3.3,260.0
PROD-14663,2026-05-12,MINE-01,MINE-01-ZONE-C,240.0,230.4,43.48,15.5,0.5,3.3,260.0
PROD-14664,2026-05-12,MINE-01,MINE-01-ZONE-D,240.0,218.7,40.9,14.0,2.0,3.3,260.0
PROD-14665,2026-05-12,MINE-01,MINE-01-ZONE-E,240.0,228.2,40.68,15.5,0.5,3.3,260.0
PROD-14666,2026-05-12,MINE-02,MINE-02-ZONE-A,240.0,177.9,42.39,12.6,3.4,2.7,260.0
PROD-14667,2026-05-12,MINE-02,MINE-02-ZONE-B,240.0,202.8,32.81,12.9,3.1,2.7,260.0
PROD-14668,2026-05-12,MINE-02,MINE-02-ZONE-C,240.0,212.3,41.38,13.4,2.6,2.7,260.0
PROD-14669,2026-05-12,MINE-02,MINE-02-ZONE-D,240.0,206.1,42.35,13.6,2.4,2.7,260.0
PROD-14670,2026-05-12,MINE-02,MINE-02-ZONE-E,240.0,190.3,37.27,12.0,4.0,2.7,260.0
PROD-14671,2026-05-12,MINE-03,MINE-03-ZONE-A,240.0,195.5,39.85,14.0,2.0,1.1,260.0
PROD-14672,2026-05-12,MINE-03,MINE-03-ZONE-B,240.0,209.1,36.88,13.2,2.8,1.1,260.0
PROD-14673,2026-05-12,MINE-03,MINE-03-ZONE-C,240.0,209.2,39.07,14.0,2.0,1.1,260.0
PROD-14674,2026-05-12,MINE-03,MINE-03-ZONE-D,240.0,188.6,43.07,12.0,4.0,1.1,260.0
PROD-14675,2026-05-12,MINE-03,MINE-03-ZONE-E,240.0,235.8,32.66,15.2,0.8,1.1,260.0
PROD-14676,2026-05-12,MINE-04,MINE-04-ZONE-A,240.0,196.7,36.29,13.7,2.3,1.6,260.0
PROD-14677,2026-05-12,MINE-04,MINE-04-ZONE-B,240.0,226.8,34.07,15.0,1.0,1.6,260.0
PROD-14678,2026-05-12,MINE-04,MINE-04-ZONE-C,240.0,178.5,38.48,12.9,3.1,1.6,260.0
PROD-14679,2026-05-12,MINE-04,MINE-04-ZONE-D,240.0,190.1,35.45,11.9,4.1,1.6,260.0
PROD-14680,2026-05-12,MINE-04,MINE-04-ZONE-E,240.0,211.7,43.3,14.8,1.2,1.6,260.0
PROD-14681,2026-05-13,MINE-01,MINE-01-ZONE-A,244.0,229.7,34.59,14.5,1.5,0.1,260.0
PROD-14682,2026-05-13,MINE-01,MINE-01-ZONE-B,244.0,191.6,35.36,13.1,2.9,0.1,260.0
PROD-14683,2026-05-13,MINE-01,MINE-01-ZONE-C,244.0,231.8,40.5,15.4,0.6,0.1,260.0
PROD-14684,2026-05-13,MINE-01,MINE-01-ZONE-D,244.0,245.2,43.37,15.4,0.6,0.1,260.0
PROD-14685,2026-05-13,MINE-01,MINE-01-ZONE-E,244.0,215.5,40.49,13.2,2.8,0.1,260.0
PROD-14686,2026-05-13,MINE-02,MINE-02-ZONE-A,244.0,179.8,39.34,12.8,3.2,0.8,260.0
PROD-14687,2026-05-13,MINE-02,MINE-02-ZONE-B,244.0,187.0,37.25,12.9,3.1,0.8,260.0
PROD-14688,2026-05-13,MINE-02,MINE-02-ZONE-C,244.0,177.3,33.69,12.0,4.0,0.8,260.0
PROD-14689,2026-05-13,MINE-02,MINE-02-ZONE-D,244.0,206.6,36.12,14.3,1.7,0.8,260.0
PROD-14690,2026-05-13,MINE-02,MINE-02-ZONE-E,244.0,216.9,32.4,13.6,2.4,0.8,260.0
PROD-14691,2026-05-13,MINE-03,MINE-03-ZONE-A,244.0,226.4,35.05,14.0,2.0,0.4,260.0
PROD-14692,2026-05-13,MINE-03,MINE-03-ZONE-B,244.0,184.5,35.45,12.0,4.0,0.4,260.0
PROD-14693,2026-05-13,MINE-03,MINE-03-ZONE-C,244.0,220.6,34.94,13.6,2.4,0.4,260.0
PROD-14694,2026-05-13,MINE-03,MINE-03-ZONE-D,244.0,230.8,41.04,15.0,1.0,0.4,260.0
PROD-14695,2026-05-13,MINE-03,MINE-03-ZONE-E,244.0,195.8,35.07,12.3,3.7,0.4,260.0
PROD-14696,2026-05-13,MINE-04,MINE-04-ZONE-A,244.0,226.6,42.85,14.1,1.9,3.6,260.0
PROD-14697,2026-05-13,MINE-04,MINE-04-ZONE-B,244.0,187.3,34.97,13.4,2.6,3.6,260.0
PROD-14698,2026-05-13,MINE-04,MINE-04-ZONE-C,244.0,214.5,35.63,13.7,2.3,3.6,260.0
PROD-14699,2026-05-13,MINE-04,MINE-04-ZONE-D,244.0,221.3,32.36,15.0,1.0,3.6,260.0
PROD-14700,2026-05-13,MINE-04,MINE-04-ZONE-E,244.0,214.8,37.09,13.3,2.7,3.6,260.0
PROD-14701,2026-05-14,MINE-01,MINE-01-ZONE-A,288.0,252.4,38.53,13.4,2.6,3.6,260.0
PROD-14702,2026-05-14,MINE-01,MINE-01-ZONE-B,288.0,264.6,34.74,15.4,0.6,3.6,260.0
PROD-14703,2026-05-14,MINE-01,MINE-01-ZONE-C,288.0,222.2,33.47,13.1,2.9,3.6,260.0
PROD-14704,2026-05-14,MINE-01,MINE-01-ZONE-D,288.0,224.4,32.41,11.9,4.1,3.6,260.0
PROD-14705,2026-05-14,MINE-01,MINE-01-ZONE-E,288.0,215.5,40.6,11.9,4.1,3.6,260.0
PROD-14706,2026-05-14,MINE-02,MINE-02-ZONE-A,288.0,249.7,36.98,14.2,1.8,3.8,260.0
PROD-14707,2026-05-14,MINE-02,MINE-02-ZONE-B,288.0,264.3,38.92,14.7,1.3,3.8,260.0
PROD-14708,2026-05-14,MINE-02,MINE-02-ZONE-C,288.0,276.3,38.79,15.0,1.0,3.8,260.0
PROD-14709,2026-05-14,MINE-02,MINE-02-ZONE-D,288.0,210.4,42.63,12.4,3.6,3.8,260.0
PROD-14710,2026-05-14,MINE-02,MINE-02-ZONE-E,288.0,250.0,40.4,13.5,2.5,3.8,260.0
PROD-14711,2026-05-14,MINE-03,MINE-03-ZONE-A,288.0,248.5,35.72,14.5,1.5,2.8,260.0
PROD-14712,2026-05-14,MINE-03,MINE-03-ZONE-B,288.0,248.9,38.92,14.1,1.9,2.8,260.0
PROD-14713,2026-05-14,MINE-03,MINE-03-ZONE-C,288.0,280.2,38.93,15.0,1.0,2.8,260.0
PROD-14714,2026-05-14,MINE-03,MINE-03-ZONE-D,288.0,243.7,32.1,14.3,1.7,2.8,260.0
PROD-14715,2026-05-14,MINE-03,MINE-03-ZONE-E,288.0,252.9,38.68,14.7,1.3,2.8,260.0
PROD-14716,2026-05-14,MINE-04,MINE-04-ZONE-A,288.0,262.2,35.89,15.5,0.5,2.3,260.0
PROD-14717,2026-05-14,MINE-04,MINE-04-ZONE-B,288.0,217.4,37.85,12.7,3.3,2.3,260.0
PROD-14718,2026-05-14,MINE-04,MINE-04-ZONE-C,288.0,239.4,43.27,14.1,1.9,2.3,260.0
PROD-14719,2026-05-14,MINE-04,MINE-04-ZONE-D,288.0,256.1,40.44,14.9,1.1,2.3,260.0
PROD-14720,2026-05-14,MINE-04,MINE-04-ZONE-E,288.0,210.9,42.65,12.5,3.5,2.3,260.0
PROD-14721,2026-05-15,MINE-01,MINE-01-ZONE-A,292.0,253.3,35.26,14.1,1.9,0.0,260.0
PROD-14722,2026-05-15,MINE-01,MINE-01-ZONE-B,292.0,254.6,39.43,13.9,2.1,0.0,260.0
PROD-14723,2026-05-15,MINE-01,MINE-01-ZONE-C,292.0,241.3,32.67,12.9,3.1,0.0,260.0
PROD-14724,2026-05-15,MINE-01,MINE-01-ZONE-D,292.0,214.3,33.58,11.9,4.1,0.0,260.0
PROD-14725,2026-05-15,MINE-01,MINE-01-ZONE-E,292.0,252.7,32.21,13.6,2.4,0.0,260.0
PROD-14726,2026-05-15,MINE-02,MINE-02-ZONE-A,292.0,264.0,40.17,15.1,0.9,2.1,260.0
PROD-14727,2026-05-15,MINE-02,MINE-02-ZONE-B,292.0,232.0,34.05,13.2,2.8,2.1,260.0
PROD-14728,2026-05-15,MINE-02,MINE-02-ZONE-C,292.0,288.5,36.78,15.3,0.7,2.1,260.0
PROD-14729,2026-05-15,MINE-02,MINE-02-ZONE-D,292.0,258.9,36.1,13.6,2.4,2.1,260.0
PROD-14730,2026-05-15,MINE-02,MINE-02-ZONE-E,292.0,241.5,41.66,12.6,3.4,2.1,260.0
PROD-14731,2026-05-15,MINE-03,MINE-03-ZONE-A,292.0,268.9,36.47,14.7,1.3,1.9,260.0
PROD-14732,2026-05-15,MINE-03,MINE-03-ZONE-B,292.0,201.6,34.85,11.7,4.3,1.9,260.0
PROD-14733,2026-05-15,MINE-03,MINE-03-ZONE-C,292.0,238.3,40.49,13.3,2.7,1.9,260.0
PROD-14734,2026-05-15,MINE-03,MINE-03-ZONE-D,292.0,267.7,33.06,15.5,0.5,1.9,260.0
PROD-14735,2026-05-15,MINE-03,MINE-03-ZONE-E,292.0,261.5,39.13,14.5,1.5,1.9,260.0
PROD-14736,2026-05-15,MINE-04,MINE-04-ZONE-A,292.0,262.8,32.91,14.6,1.4,0.9,260.0
PROD-14737,2026-05-15,MINE-04,MINE-04-ZONE-B,292.0,228.5,38.0,12.5,3.5,0.9,260.0
PROD-14738,2026-05-15,MINE-04,MINE-04-ZONE-C,292.0,278.9,32.08,15.1,0.9,0.9,260.0
PROD-14739,2026-05-15,MINE-04,MINE-04-ZONE-D,292.0,261.5,38.79,14.0,2.0,0.9,260.0
PROD-14740,2026-05-15,MINE-04,MINE-04-ZONE-E,292.0,260.1,43.71,13.5,2.5,0.9,260.0
PROD-14741,2026-05-16,MINE-01,MINE-01-ZONE-A,296.0,222.6,33.55,12.8,3.2,0.0,260.0
PROD-14742,2026-05-16,MINE-01,MINE-01-ZONE-B,296.0,270.1,33.43,15.2,0.8,0.0,260.0
PROD-14743,2026-05-16,MINE-01,MINE-01-ZONE-C,296.0,247.5,40.65,13.3,2.7,0.0,260.0
PROD-14744,2026-05-16,MINE-01,MINE-01-ZONE-D,296.0,269.3,33.79,15.0,1.0,0.0,260.0
PROD-14745,2026-05-16,MINE-01,MINE-01-ZONE-E,296.0,254.5,41.98,13.2,2.8,0.0,260.0
PROD-14746,2026-05-16,MINE-02,MINE-02-ZONE-A,296.0,254.3,41.05,13.2,2.8,0.6,260.0
PROD-14747,2026-05-16,MINE-02,MINE-02-ZONE-B,296.0,243.9,39.12,13.2,2.8,0.6,260.0
PROD-14748,2026-05-16,MINE-02,MINE-02-ZONE-C,296.0,279.9,43.25,15.1,0.9,0.6,260.0
PROD-14749,2026-05-16,MINE-02,MINE-02-ZONE-D,296.0,232.2,41.73,11.9,4.1,0.6,260.0
PROD-14750,2026-05-16,MINE-02,MINE-02-ZONE-E,296.0,291.0,41.62,15.2,0.8,0.6,260.0
PROD-14751,2026-05-16,MINE-03,MINE-03-ZONE-A,296.0,223.4,39.22,12.9,3.1,3.8,260.0
PROD-14752,2026-05-16,MINE-03,MINE-03-ZONE-B,296.0,224.3,37.6,11.6,4.4,3.8,260.0
PROD-14753,2026-05-16,MINE-03,MINE-03-ZONE-C,296.0,221.9,40.35,12.2,3.8,3.8,260.0
PROD-14754,2026-05-16,MINE-03,MINE-03-ZONE-D,296.0,284.9,35.72,15.1,0.9,3.8,260.0
PROD-14755,2026-05-16,MINE-03,MINE-03-ZONE-E,296.0,272.5,37.61,14.8,1.2,3.8,260.0
PROD-14756,2026-05-16,MINE-04,MINE-04-ZONE-A,296.0,265.1,36.63,14.5,1.5,0.6,260.0
PROD-14757,2026-05-16,MINE-04,MINE-04-ZONE-B,296.0,247.8,43.11,14.1,1.9,0.6,260.0
PROD-14758,2026-05-16,MINE-04,MINE-04-ZONE-C,296.0,254.9,35.6,14.5,1.5,0.6,260.0
PROD-14759,2026-05-16,MINE-04,MINE-04-ZONE-D,296.0,258.1,41.5,13.2,2.8,0.6,260.0
PROD-14760,2026-05-16,MINE-04,MINE-04-ZONE-E,296.0,249.6,41.12,13.6,2.4,0.6,260.0
PROD-14761,2026-05-17,MINE-01,MINE-01-ZONE-A,216.0,179.8,37.53,12.9,3.1,1.2,260.0
PROD-14762,2026-05-17,MINE-01,MINE-01-ZONE-B,216.0,206.6,35.56,14.8,1.2,1.2,260.0
PROD-14763,2026-05-17,MINE-01,MINE-01-ZONE-C,216.0,165.8,42.6,13.0,3.0,1.2,260.0
PROD-14764,2026-05-17,MINE-01,MINE-01-ZONE-D,216.0,166.4,37.55,12.1,3.9,1.2,260.0
PROD-14765,2026-05-17,MINE-01,MINE-01-ZONE-E,216.0,184.7,42.4,13.5,2.5,1.2,260.0
PROD-14766,2026-05-17,MINE-02,MINE-02-ZONE-A,216.0,177.1,42.85,14.1,1.9,2.7,260.0
PROD-14767,2026-05-17,MINE-02,MINE-02-ZONE-B,216.0,177.9,34.67,12.5,3.5,2.7,260.0
PROD-14768,2026-05-17,MINE-02,MINE-02-ZONE-C,216.0,184.7,32.52,13.4,2.6,2.7,260.0
PROD-14769,2026-05-17,MINE-02,MINE-02-ZONE-D,216.0,212.0,32.56,14.9,1.1,2.7,260.0
PROD-14770,2026-05-17,MINE-02,MINE-02-ZONE-E,216.0,157.8,38.41,12.3,3.7,2.7,260.0
PROD-14771,2026-05-17,MINE-03,MINE-03-ZONE-A,216.0,199.6,35.52,15.4,0.6,3.6,260.0
PROD-14772,2026-05-17,MINE-03,MINE-03-ZONE-B,216.0,173.8,32.61,13.2,2.8,3.6,260.0
PROD-14773,2026-05-17,MINE-03,MINE-03-ZONE-C,216.0,192.1,35.44,15.4,0.6,3.6,260.0
PROD-14774,2026-05-17,MINE-03,MINE-03-ZONE-D,216.0,172.5,36.25,13.1,2.9,3.6,260.0
PROD-14775,2026-05-17,MINE-03,MINE-03-ZONE-E,216.0,192.4,35.46,14.6,1.4,3.6,260.0
PROD-14776,2026-05-17,MINE-04,MINE-04-ZONE-A,216.0,195.2,41.35,14.8,1.2,1.7,260.0
PROD-14777,2026-05-17,MINE-04,MINE-04-ZONE-B,216.0,159.7,36.39,12.7,3.3,1.7,260.0
PROD-14778,2026-05-17,MINE-04,MINE-04-ZONE-C,216.0,188.6,34.65,13.1,2.9,1.7,260.0
PROD-14779,2026-05-17,MINE-04,MINE-04-ZONE-D,216.0,158.5,39.15,12.4,3.6,1.7,260.0
PROD-14780,2026-05-17,MINE-04,MINE-04-ZONE-E,216.0,217.9,43.08,15.2,0.8,1.7,260.0
PROD-14781,2026-05-18,MINE-01,MINE-01-ZONE-A,220.0,163.8,33.2,13.0,3.0,3.1,260.0
PROD-14782,2026-05-18,MINE-01,MINE-01-ZONE-B,220.0,192.4,33.3,14.2,1.8,3.1,260.0
PROD-14783,2026-05-18,MINE-01,MINE-01-ZONE-C,220.0,180.6,34.21,12.7,3.3,3.1,260.0
PROD-14784,2026-05-18,MINE-01,MINE-01-ZONE-D,220.0,195.9,32.79,14.8,1.2,3.1,260.0
PROD-14785,2026-05-18,MINE-01,MINE-01-ZONE-E,220.0,194.9,37.05,13.5,2.5,3.1,260.0
PROD-14786,2026-05-18,MINE-02,MINE-02-ZONE-A,220.0,144.3,32.14,11.6,4.4,1.2,260.0
PROD-14787,2026-05-18,MINE-02,MINE-02-ZONE-B,220.0,201.2,43.02,15.2,0.8,1.2,260.0
PROD-14788,2026-05-18,MINE-02,MINE-02-ZONE-C,220.0,160.0,35.96,12.3,3.7,1.2,260.0
PROD-14789,2026-05-18,MINE-02,MINE-02-ZONE-D,220.0,190.7,37.38,13.4,2.6,1.2,260.0
PROD-14790,2026-05-18,MINE-02,MINE-02-ZONE-E,220.0,185.7,38.46,14.3,1.7,1.2,260.0
PROD-14791,2026-05-18,MINE-03,MINE-03-ZONE-A,220.0,207.8,41.14,14.5,1.5,0.7,260.0
PROD-14792,2026-05-18,MINE-03,MINE-03-ZONE-B,220.0,175.0,40.21,12.5,3.5,0.7,260.0
PROD-14793,2026-05-18,MINE-03,MINE-03-ZONE-C,220.0,162.7,37.72,11.9,4.1,0.7,260.0
PROD-14794,2026-05-18,MINE-03,MINE-03-ZONE-D,220.0,176.4,34.99,11.8,4.2,0.7,260.0
PROD-14795,2026-05-18,MINE-03,MINE-03-ZONE-E,220.0,188.4,33.99,13.1,2.9,0.7,260.0
PROD-14796,2026-05-18,MINE-04,MINE-04-ZONE-A,220.0,159.3,35.61,12.4,3.6,2.1,260.0
PROD-14797,2026-05-18,MINE-04,MINE-04-ZONE-B,220.0,164.2,35.89,12.6,3.4,2.1,260.0
PROD-14798,2026-05-18,MINE-04,MINE-04-ZONE-C,220.0,200.1,39.26,15.3,0.7,2.1,260.0
PROD-14799,2026-05-18,MINE-04,MINE-04-ZONE-D,220.0,196.6,43.66,15.4,0.6,2.1,260.0
PROD-14800,2026-05-18,MINE-04,MINE-04-ZONE-E,220.0,203.1,37.44,15.3,0.7,2.1,260.0
PROD-14801,2026-05-19,MINE-01,MINE-01-ZONE-A,264.0,260.0,35.74,15.2,0.8,1.4,260.0
PROD-14802,2026-05-19,MINE-01,MINE-01-ZONE-B,264.0,244.9,34.99,14.9,1.1,1.4,260.0
PROD-14803,2026-05-19,MINE-01,MINE-01-ZONE-C,264.0,200.1,35.12,12.5,3.5,1.4,260.0
PROD-14804,2026-05-19,MINE-01,MINE-01-ZONE-D,264.0,198.7,35.41,11.7,4.3,1.4,260.0
PROD-14805,2026-05-19,MINE-01,MINE-01-ZONE-E,264.0,200.7,39.43,12.9,3.1,1.4,260.0
PROD-14806,2026-05-19,MINE-02,MINE-02-ZONE-A,264.0,221.7,41.0,13.1,2.9,1.8,260.0
PROD-14807,2026-05-19,MINE-02,MINE-02-ZONE-B,264.0,205.1,36.36,12.6,3.4,1.8,260.0
PROD-14808,2026-05-19,MINE-02,MINE-02-ZONE-C,264.0,210.3,34.7,12.0,4.0,1.8,260.0
PROD-14809,2026-05-19,MINE-02,MINE-02-ZONE-D,264.0,254.9,40.21,14.7,1.3,1.8,260.0
PROD-14810,2026-05-19,MINE-02,MINE-02-ZONE-E,264.0,213.7,35.83,13.9,2.1,1.8,260.0
PROD-14811,2026-05-19,MINE-03,MINE-03-ZONE-A,264.0,250.6,39.08,14.7,1.3,0.4,260.0
PROD-14812,2026-05-19,MINE-03,MINE-03-ZONE-B,264.0,258.6,36.16,14.8,1.2,0.4,260.0
PROD-14813,2026-05-19,MINE-03,MINE-03-ZONE-C,264.0,222.6,34.67,13.4,2.6,0.4,260.0
PROD-14814,2026-05-19,MINE-03,MINE-03-ZONE-D,264.0,218.2,41.58,13.7,2.3,0.4,260.0
PROD-14815,2026-05-19,MINE-03,MINE-03-ZONE-E,264.0,234.2,34.96,13.5,2.5,0.4,260.0
PROD-14816,2026-05-19,MINE-04,MINE-04-ZONE-A,264.0,185.3,36.08,11.8,4.2,2.3,260.0
PROD-14817,2026-05-19,MINE-04,MINE-04-ZONE-B,264.0,223.2,34.5,13.0,3.0,2.3,260.0
PROD-14818,2026-05-19,MINE-04,MINE-04-ZONE-C,264.0,234.4,35.72,14.8,1.2,2.3,260.0
PROD-14819,2026-05-19,MINE-04,MINE-04-ZONE-D,264.0,187.8,41.1,12.1,3.9,2.3,260.0
PROD-14820,2026-05-19,MINE-04,MINE-04-ZONE-E,264.0,179.0,38.84,11.8,4.2,2.3,260.0
PROD-14821,2026-05-20,MINE-01,MINE-01-ZONE-A,268.0,238.5,37.5,14.0,2.0,3.5,260.0
PROD-14822,2026-05-20,MINE-01,MINE-01-ZONE-B,268.0,245.5,32.54,15.3,0.7,3.5,260.0
PROD-14823,2026-05-20,MINE-01,MINE-01-ZONE-C,268.0,192.6,33.51,11.8,4.2,3.5,260.0
PROD-14824,2026-05-20,MINE-01,MINE-01-ZONE-D,268.0,197.0,41.83,12.2,3.8,3.5,260.0
PROD-14825,2026-05-20,MINE-01,MINE-01-ZONE-E,268.0,213.1,43.37,13.6,2.4,3.5,260.0
PROD-14826,2026-05-20,MINE-02,MINE-02-ZONE-A,268.0,246.7,32.65,14.2,1.8,2.7,260.0
PROD-14827,2026-05-20,MINE-02,MINE-02-ZONE-B,268.0,231.6,39.61,13.1,2.9,2.7,260.0
PROD-14828,2026-05-20,MINE-02,MINE-02-ZONE-C,268.0,204.2,33.83,12.7,3.3,2.7,260.0
PROD-14829,2026-05-20,MINE-02,MINE-02-ZONE-D,268.0,219.9,35.59,12.9,3.1,2.7,260.0
PROD-14830,2026-05-20,MINE-02,MINE-02-ZONE-E,268.0,228.4,32.94,14.1,1.9,2.7,260.0
PROD-14831,2026-05-20,MINE-03,MINE-03-ZONE-A,268.0,211.7,36.47,13.0,3.0,3.4,260.0
PROD-14832,2026-05-20,MINE-03,MINE-03-ZONE-B,268.0,245.0,38.13,15.1,0.9,3.4,260.0
PROD-14833,2026-05-20,MINE-03,MINE-03-ZONE-C,268.0,215.5,41.25,12.2,3.8,3.4,260.0
PROD-14834,2026-05-20,MINE-03,MINE-03-ZONE-D,268.0,239.7,34.99,15.2,0.8,3.4,260.0
PROD-14835,2026-05-20,MINE-03,MINE-03-ZONE-E,268.0,206.5,36.14,11.6,4.4,3.4,260.0
PROD-14836,2026-05-20,MINE-04,MINE-04-ZONE-A,268.0,264.1,34.68,15.4,0.6,0.4,260.0
PROD-14837,2026-05-20,MINE-04,MINE-04-ZONE-B,268.0,215.8,35.05,12.7,3.3,0.4,260.0
PROD-14838,2026-05-20,MINE-04,MINE-04-ZONE-C,268.0,196.2,40.56,12.5,3.5,0.4,260.0
PROD-14839,2026-05-20,MINE-04,MINE-04-ZONE-D,268.0,222.5,37.97,13.6,2.4,0.4,260.0
PROD-14840,2026-05-20,MINE-04,MINE-04-ZONE-E,268.0,204.9,43.39,12.5,3.5,0.4,260.0
PROD-14841,2026-05-21,MINE-01,MINE-01-ZONE-A,272.0,197.4,41.57,11.9,4.1,2.8,260.0
PROD-14842,2026-05-21,MINE-01,MINE-01-ZONE-B,272.0,249.9,39.8,14.8,1.2,2.8,260.0
PROD-14843,2026-05-21,MINE-01,MINE-01-ZONE-C,272.0,192.8,32.21,11.6,4.4,2.8,260.0
PROD-14844,2026-05-21,MINE-01,MINE-01-ZONE-D,272.0,197.6,36.93,12.4,3.6,2.8,260.0
PROD-14845,2026-05-21,MINE-01,MINE-01-ZONE-E,272.0,191.2,40.04,12.1,3.9,2.8,260.0
PROD-14846,2026-05-21,MINE-02,MINE-02-ZONE-A,272.0,222.4,43.38,13.4,2.6,2.0,260.0
PROD-14847,2026-05-21,MINE-02,MINE-02-ZONE-B,272.0,227.7,32.11,13.8,2.2,2.0,260.0
PROD-14848,2026-05-21,MINE-02,MINE-02-ZONE-C,272.0,208.3,43.27,12.4,3.6,2.0,260.0
PROD-14849,2026-05-21,MINE-02,MINE-02-ZONE-D,272.0,233.6,32.66,14.2,1.8,2.0,260.0
PROD-14850,2026-05-21,MINE-02,MINE-02-ZONE-E,272.0,226.1,38.01,13.1,2.9,2.0,260.0
PROD-14851,2026-05-21,MINE-03,MINE-03-ZONE-A,272.0,242.7,39.15,14.1,1.9,2.2,260.0
PROD-14852,2026-05-21,MINE-03,MINE-03-ZONE-B,272.0,218.7,34.28,13.7,2.3,2.2,260.0
PROD-14853,2026-05-21,MINE-03,MINE-03-ZONE-C,272.0,260.5,32.29,14.6,1.4,2.2,260.0
PROD-14854,2026-05-21,MINE-03,MINE-03-ZONE-D,272.0,185.5,41.19,11.8,4.2,2.2,260.0
PROD-14855,2026-05-21,MINE-03,MINE-03-ZONE-E,272.0,244.7,43.0,15.3,0.7,2.2,260.0
PROD-14856,2026-05-21,MINE-04,MINE-04-ZONE-A,272.0,206.7,33.15,12.4,3.6,2.6,260.0
PROD-14857,2026-05-21,MINE-04,MINE-04-ZONE-B,272.0,249.6,33.79,15.3,0.7,2.6,260.0
PROD-14858,2026-05-21,MINE-04,MINE-04-ZONE-C,272.0,206.5,38.69,12.2,3.8,2.6,260.0
PROD-14859,2026-05-21,MINE-04,MINE-04-ZONE-D,272.0,215.6,35.37,13.3,2.7,2.6,260.0
PROD-14860,2026-05-21,MINE-04,MINE-04-ZONE-E,272.0,192.4,33.37,11.6,4.4,2.6,260.0
PROD-14861,2026-05-22,MINE-01,MINE-01-ZONE-A,276.0,201.2,33.37,11.7,4.3,3.7,260.0
PROD-14862,2026-05-22,MINE-01,MINE-01-ZONE-B,276.0,197.1,38.43,11.6,4.4,3.7,260.0
PROD-14863,2026-05-22,MINE-01,MINE-01-ZONE-C,276.0,241.3,40.22,14.1,1.9,3.7,260.0
PROD-14864,2026-05-22,MINE-01,MINE-01-ZONE-D,276.0,214.2,32.55,11.8,4.2,3.7,260.0
PROD-14865,2026-05-22,MINE-01,MINE-01-ZONE-E,276.0,226.6,39.09,14.1,1.9,3.7,260.0
PROD-14866,2026-05-22,MINE-02,MINE-02-ZONE-A,276.0,241.7,38.68,14.2,1.8,0.3,260.0
PROD-14867,2026-05-22,MINE-02,MINE-02-ZONE-B,276.0,211.8,34.11,12.5,3.5,0.3,260.0
PROD-14868,2026-05-22,MINE-02,MINE-02-ZONE-C,276.0,264.8,33.87,15.4,0.6,0.3,260.0
PROD-14869,2026-05-22,MINE-02,MINE-02-ZONE-D,276.0,242.4,40.69,13.5,2.5,0.3,260.0
PROD-14870,2026-05-22,MINE-02,MINE-02-ZONE-E,276.0,188.3,40.03,11.6,4.4,0.3,260.0
PROD-14871,2026-05-22,MINE-03,MINE-03-ZONE-A,276.0,204.8,39.59,12.0,4.0,1.0,260.0
PROD-14872,2026-05-22,MINE-03,MINE-03-ZONE-B,276.0,231.2,35.39,13.7,2.3,1.0,260.0
PROD-14873,2026-05-22,MINE-03,MINE-03-ZONE-C,276.0,225.6,40.69,13.6,2.4,1.0,260.0
PROD-14874,2026-05-22,MINE-03,MINE-03-ZONE-D,276.0,227.0,34.66,12.4,3.6,1.0,260.0
PROD-14875,2026-05-22,MINE-03,MINE-03-ZONE-E,276.0,216.4,43.43,12.4,3.6,1.0,260.0
PROD-14876,2026-05-22,MINE-04,MINE-04-ZONE-A,276.0,233.0,39.55,13.4,2.6,1.6,260.0
PROD-14877,2026-05-22,MINE-04,MINE-04-ZONE-B,276.0,214.7,35.06,13.2,2.8,1.6,260.0
PROD-14878,2026-05-22,MINE-04,MINE-04-ZONE-C,276.0,202.4,34.45,11.6,4.4,1.6,260.0
PROD-14879,2026-05-22,MINE-04,MINE-04-ZONE-D,276.0,222.6,36.65,13.7,2.3,1.6,260.0
PROD-14880,2026-05-22,MINE-04,MINE-04-ZONE-E,276.0,233.3,37.22,14.4,1.6,1.6,260.0
PROD-14881,2026-05-23,MINE-01,MINE-01-ZONE-A,280.0,240.7,37.39,13.4,2.6,0.7,260.0
PROD-14882,2026-05-23,MINE-01,MINE-01-ZONE-B,280.0,267.3,41.15,15.2,0.8,0.7,260.0
PROD-14883,2026-05-23,MINE-01,MINE-01-ZONE-C,280.0,195.3,35.65,11.9,4.1,0.7,260.0
PROD-14884,2026-05-23,MINE-01,MINE-01-ZONE-D,280.0,236.5,39.29,13.8,2.2,0.7,260.0
PROD-14885,2026-05-23,MINE-01,MINE-01-ZONE-E,280.0,241.6,43.96,14.0,2.0,0.7,260.0
PROD-14886,2026-05-23,MINE-02,MINE-02-ZONE-A,280.0,259.4,38.05,14.5,1.5,2.5,260.0
PROD-14887,2026-05-23,MINE-02,MINE-02-ZONE-B,280.0,209.6,34.51,11.8,4.2,2.5,260.0
PROD-14888,2026-05-23,MINE-02,MINE-02-ZONE-C,280.0,190.4,32.39,11.8,4.2,2.5,260.0
PROD-14889,2026-05-23,MINE-02,MINE-02-ZONE-D,280.0,254.9,36.15,14.1,1.9,2.5,260.0
PROD-14890,2026-05-23,MINE-02,MINE-02-ZONE-E,280.0,255.4,34.88,14.2,1.8,2.5,260.0
PROD-14891,2026-05-23,MINE-03,MINE-03-ZONE-A,280.0,236.9,41.54,13.6,2.4,0.6,260.0
PROD-14892,2026-05-23,MINE-03,MINE-03-ZONE-B,280.0,260.0,36.54,15.4,0.6,0.6,260.0
PROD-14893,2026-05-23,MINE-03,MINE-03-ZONE-C,280.0,221.3,39.1,12.7,3.3,0.6,260.0
PROD-14894,2026-05-23,MINE-03,MINE-03-ZONE-D,280.0,257.8,36.45,14.9,1.1,0.6,260.0
PROD-14895,2026-05-23,MINE-03,MINE-03-ZONE-E,280.0,237.5,32.15,13.3,2.7,0.6,260.0
PROD-14896,2026-05-23,MINE-04,MINE-04-ZONE-A,280.0,256.3,32.69,15.1,0.9,1.0,260.0
PROD-14897,2026-05-23,MINE-04,MINE-04-ZONE-B,280.0,217.8,35.48,11.7,4.3,1.0,260.0
PROD-14898,2026-05-23,MINE-04,MINE-04-ZONE-C,280.0,252.5,43.96,14.2,1.8,1.0,260.0
PROD-14899,2026-05-23,MINE-04,MINE-04-ZONE-D,280.0,264.3,38.09,14.3,1.7,1.0,260.0
PROD-14900,2026-05-23,MINE-04,MINE-04-ZONE-E,280.0,204.2,38.76,12.5,3.5,1.0,260.0
PROD-14901,2026-05-24,MINE-01,MINE-01-ZONE-A,240.0,186.3,38.82,11.8,4.2,1.9,260.0
PROD-14902,2026-05-24,MINE-01,MINE-01-ZONE-B,240.0,205.3,34.84,13.5,2.5,1.9,260.0
PROD-14903,2026-05-24,MINE-01,MINE-01-ZONE-C,240.0,190.4,36.53,13.5,2.5,1.9,260.0
PROD-14904,2026-05-24,MINE-01,MINE-01-ZONE-D,240.0,192.7,41.58,13.9,2.1,1.9,260.0
PROD-14905,2026-05-24,MINE-01,MINE-01-ZONE-E,240.0,177.4,34.64,12.4,3.6,1.9,260.0
PROD-14906,2026-05-24,MINE-02,MINE-02-ZONE-A,240.0,177.0,38.96,12.8,3.2,1.5,260.0
PROD-14907,2026-05-24,MINE-02,MINE-02-ZONE-B,240.0,207.9,39.38,14.3,1.7,1.5,260.0
PROD-14908,2026-05-24,MINE-02,MINE-02-ZONE-C,240.0,185.9,32.21,13.0,3.0,1.5,260.0
PROD-14909,2026-05-24,MINE-02,MINE-02-ZONE-D,240.0,196.1,33.28,12.7,3.3,1.5,260.0
PROD-14910,2026-05-24,MINE-02,MINE-02-ZONE-E,240.0,173.7,39.73,11.5,4.5,1.5,260.0
PROD-14911,2026-05-24,MINE-03,MINE-03-ZONE-A,240.0,204.9,41.06,14.2,1.8,1.9,260.0
PROD-14912,2026-05-24,MINE-03,MINE-03-ZONE-B,240.0,225.8,40.32,14.9,1.1,1.9,260.0
PROD-14913,2026-05-24,MINE-03,MINE-03-ZONE-C,240.0,211.0,41.58,14.1,1.9,1.9,260.0
PROD-14914,2026-05-24,MINE-03,MINE-03-ZONE-D,240.0,217.3,37.43,14.9,1.1,1.9,260.0
PROD-14915,2026-05-24,MINE-03,MINE-03-ZONE-E,240.0,208.9,32.05,14.2,1.8,1.9,260.0
PROD-14916,2026-05-24,MINE-04,MINE-04-ZONE-A,240.0,210.8,34.69,15.0,1.0,0.5,260.0
PROD-14917,2026-05-24,MINE-04,MINE-04-ZONE-B,240.0,161.4,36.59,11.7,4.3,0.5,260.0
PROD-14918,2026-05-24,MINE-04,MINE-04-ZONE-C,240.0,214.3,43.71,13.6,2.4,0.5,260.0
PROD-14919,2026-05-24,MINE-04,MINE-04-ZONE-D,240.0,221.9,39.91,15.1,0.9,0.5,260.0
PROD-14920,2026-05-24,MINE-04,MINE-04-ZONE-E,240.0,207.8,41.91,13.4,2.6,0.5,260.0
PROD-14921,2026-05-25,MINE-01,MINE-01-ZONE-A,244.0,229.0,39.55,15.1,0.9,2.6,260.0
PROD-14922,2026-05-25,MINE-01,MINE-01-ZONE-B,244.0,187.8,42.9,12.4,3.6,2.6,260.0
PROD-14923,2026-05-25,MINE-01,MINE-01-ZONE-C,244.0,212.2,37.18,14.2,1.8,2.6,260.0
PROD-14924,2026-05-25,MINE-01,MINE-01-ZONE-D,244.0,201.2,42.2,12.7,3.3,2.6,260.0
PROD-14925,2026-05-25,MINE-01,MINE-01-ZONE-E,244.0,209.7,38.33,14.6,1.4,2.6,260.0
PROD-14926,2026-05-25,MINE-02,MINE-02-ZONE-A,244.0,210.4,39.62,14.3,1.7,1.4,260.0
PROD-14927,2026-05-25,MINE-02,MINE-02-ZONE-B,244.0,235.6,41.6,15.4,0.6,1.4,260.0
PROD-14928,2026-05-25,MINE-02,MINE-02-ZONE-C,244.0,204.4,37.68,13.8,2.2,1.4,260.0
PROD-14929,2026-05-25,MINE-02,MINE-02-ZONE-D,244.0,208.8,41.72,13.1,2.9,1.4,260.0
PROD-14930,2026-05-25,MINE-02,MINE-02-ZONE-E,244.0,177.2,35.64,12.1,3.9,1.4,260.0
PROD-14931,2026-05-25,MINE-03,MINE-03-ZONE-A,244.0,224.7,43.72,15.4,0.6,0.0,260.0
PROD-14932,2026-05-25,MINE-03,MINE-03-ZONE-B,244.0,183.2,38.44,12.7,3.3,0.0,260.0
PROD-14933,2026-05-25,MINE-03,MINE-03-ZONE-C,244.0,176.8,32.85,12.2,3.8,0.0,260.0
PROD-14934,2026-05-25,MINE-03,MINE-03-ZONE-D,244.0,175.0,32.92,12.0,4.0,0.0,260.0
PROD-14935,2026-05-25,MINE-03,MINE-03-ZONE-E,244.0,205.3,32.88,14.0,2.0,0.0,260.0
PROD-14936,2026-05-25,MINE-04,MINE-04-ZONE-A,244.0,173.9,38.4,12.2,3.8,0.8,260.0
PROD-14937,2026-05-25,MINE-04,MINE-04-ZONE-B,244.0,189.6,36.57,12.7,3.3,0.8,260.0
PROD-14938,2026-05-25,MINE-04,MINE-04-ZONE-C,244.0,189.5,35.16,13.2,2.8,0.8,260.0
PROD-14939,2026-05-25,MINE-04,MINE-04-ZONE-D,244.0,236.1,40.03,15.0,1.0,0.8,260.0
PROD-14940,2026-05-25,MINE-04,MINE-04-ZONE-E,244.0,208.0,32.29,13.9,2.1,0.8,260.0
PROD-14941,2026-05-26,MINE-01,MINE-01-ZONE-A,248.0,220.4,33.11,13.7,2.3,0.7,260.0
PROD-14942,2026-05-26,MINE-01,MINE-01-ZONE-B,248.0,218.8,33.49,13.5,2.5,0.7,260.0
PROD-14943,2026-05-26,MINE-01,MINE-01-ZONE-C,248.0,236.0,41.6,15.1,0.9,0.7,260.0
PROD-14944,2026-05-26,MINE-01,MINE-01-ZONE-D,248.0,226.5,43.38,15.0,1.0,0.7,260.0
PROD-14945,2026-05-26,MINE-01,MINE-01-ZONE-E,248.0,186.3,33.72,11.7,4.3,0.7,260.0
PROD-14946,2026-05-26,MINE-02,MINE-02-ZONE-A,248.0,220.0,38.72,14.3,1.7,1.8,260.0
PROD-14947,2026-05-26,MINE-02,MINE-02-ZONE-B,248.0,188.7,32.76,12.8,3.2,1.8,260.0
PROD-14948,2026-05-26,MINE-02,MINE-02-ZONE-C,248.0,228.7,35.37,15.3,0.7,1.8,260.0
PROD-14949,2026-05-26,MINE-02,MINE-02-ZONE-D,248.0,213.7,33.24,14.7,1.3,1.8,260.0
PROD-14950,2026-05-26,MINE-02,MINE-02-ZONE-E,248.0,195.4,38.75,11.7,4.3,1.8,260.0
PROD-14951,2026-05-26,MINE-03,MINE-03-ZONE-A,248.0,217.5,43.8,15.1,0.9,2.6,260.0
PROD-14952,2026-05-26,MINE-03,MINE-03-ZONE-B,248.0,187.4,34.78,11.8,4.2,2.6,260.0
PROD-14953,2026-05-26,MINE-03,MINE-03-ZONE-C,248.0,206.9,42.49,14.2,1.8,2.6,260.0
PROD-14954,2026-05-26,MINE-03,MINE-03-ZONE-D,248.0,191.1,37.41,12.8,3.2,2.6,260.0
PROD-14955,2026-05-26,MINE-03,MINE-03-ZONE-E,248.0,205.0,38.87,13.5,2.5,2.6,260.0
PROD-14956,2026-05-26,MINE-04,MINE-04-ZONE-A,248.0,208.4,43.99,14.4,1.6,1.9,260.0
PROD-14957,2026-05-26,MINE-04,MINE-04-ZONE-B,248.0,203.8,39.93,14.0,2.0,1.9,260.0
PROD-14958,2026-05-26,MINE-04,MINE-04-ZONE-C,248.0,208.9,32.83,13.5,2.5,1.9,260.0
PROD-14959,2026-05-26,MINE-04,MINE-04-ZONE-D,248.0,219.4,41.69,14.7,1.3,1.9,260.0
PROD-14960,2026-05-26,MINE-04,MINE-04-ZONE-E,248.0,187.8,35.78,12.4,3.6,1.9,260.0
PROD-14961,2026-05-27,MINE-01,MINE-01-ZONE-A,252.0,242.2,37.49,15.0,1.0,2.8,260.0
PROD-14962,2026-05-27,MINE-01,MINE-01-ZONE-B,252.0,200.6,35.23,12.9,3.1,2.8,260.0
PROD-14963,2026-05-27,MINE-01,MINE-01-ZONE-C,252.0,245.7,32.33,15.3,0.7,2.8,260.0
PROD-14964,2026-05-27,MINE-01,MINE-01-ZONE-D,252.0,242.8,37.4,14.6,1.4,2.8,260.0
PROD-14965,2026-05-27,MINE-01,MINE-01-ZONE-E,252.0,230.3,39.36,14.5,1.5,2.8,260.0
PROD-14966,2026-05-27,MINE-02,MINE-02-ZONE-A,252.0,179.7,39.25,11.6,4.4,2.8,260.0
PROD-14967,2026-05-27,MINE-02,MINE-02-ZONE-B,252.0,231.3,40.5,14.6,1.4,2.8,260.0
PROD-14968,2026-05-27,MINE-02,MINE-02-ZONE-C,252.0,231.2,39.38,13.9,2.1,2.8,260.0
PROD-14969,2026-05-27,MINE-02,MINE-02-ZONE-D,252.0,245.3,36.85,15.1,0.9,2.8,260.0
PROD-14970,2026-05-27,MINE-02,MINE-02-ZONE-E,252.0,208.5,36.62,14.3,1.7,2.8,260.0
PROD-14971,2026-05-27,MINE-03,MINE-03-ZONE-A,252.0,225.5,41.71,14.6,1.4,3.3,260.0
PROD-14972,2026-05-27,MINE-03,MINE-03-ZONE-B,252.0,233.1,40.43,14.1,1.9,3.3,260.0
PROD-14973,2026-05-27,MINE-03,MINE-03-ZONE-C,252.0,202.8,43.11,13.3,2.7,3.3,260.0
PROD-14974,2026-05-27,MINE-03,MINE-03-ZONE-D,252.0,204.4,42.04,13.9,2.1,3.3,260.0
PROD-14975,2026-05-27,MINE-03,MINE-03-ZONE-E,252.0,251.9,39.23,15.2,0.8,3.3,260.0
PROD-14976,2026-05-27,MINE-04,MINE-04-ZONE-A,252.0,196.5,41.44,12.9,3.1,0.9,260.0
PROD-14977,2026-05-27,MINE-04,MINE-04-ZONE-B,252.0,224.2,32.45,14.8,1.2,0.9,260.0
PROD-14978,2026-05-27,MINE-04,MINE-04-ZONE-C,252.0,171.0,35.37,11.8,4.2,0.9,260.0
PROD-14979,2026-05-27,MINE-04,MINE-04-ZONE-D,252.0,225.2,37.57,14.3,1.7,0.9,260.0
PROD-14980,2026-05-27,MINE-04,MINE-04-ZONE-E,252.0,226.5,41.3,14.3,1.7,0.9,260.0
PROD-14981,2026-05-28,MINE-01,MINE-01-ZONE-A,256.0,216.7,39.09,13.0,3.0,1.3,260.0
PROD-14982,2026-05-28,MINE-01,MINE-01-ZONE-B,256.0,215.7,37.61,13.5,2.5,1.3,260.0
PROD-14983,2026-05-28,MINE-01,MINE-01-ZONE-C,256.0,182.1,41.7,11.9,4.1,1.3,260.0
PROD-14984,2026-05-28,MINE-01,MINE-01-ZONE-D,256.0,232.0,42.7,15.4,0.6,1.3,260.0
PROD-14985,2026-05-28,MINE-01,MINE-01-ZONE-E,256.0,181.2,32.86,12.3,3.7,1.3,260.0
PROD-14986,2026-05-28,MINE-02,MINE-02-ZONE-A,256.0,229.2,42.34,13.6,2.4,3.2,260.0
PROD-14987,2026-05-28,MINE-02,MINE-02-ZONE-B,256.0,198.8,42.89,12.9,3.1,3.2,260.0
PROD-14988,2026-05-28,MINE-02,MINE-02-ZONE-C,256.0,216.9,41.79,13.1,2.9,3.2,260.0
PROD-14989,2026-05-28,MINE-02,MINE-02-ZONE-D,256.0,185.3,33.24,11.8,4.2,3.2,260.0
PROD-14990,2026-05-28,MINE-02,MINE-02-ZONE-E,256.0,174.2,33.28,11.8,4.2,3.2,260.0
PROD-14991,2026-05-28,MINE-03,MINE-03-ZONE-A,256.0,200.0,32.62,12.7,3.3,1.5,260.0
PROD-14992,2026-05-28,MINE-03,MINE-03-ZONE-B,256.0,248.8,34.04,15.4,0.6,1.5,260.0
PROD-14993,2026-05-28,MINE-03,MINE-03-ZONE-C,256.0,234.1,33.03,15.1,0.9,1.5,260.0
PROD-14994,2026-05-28,MINE-03,MINE-03-ZONE-D,256.0,180.5,42.19,11.6,4.4,1.5,260.0
PROD-14995,2026-05-28,MINE-03,MINE-03-ZONE-E,256.0,213.2,34.79,13.8,2.2,1.5,260.0
PROD-14996,2026-05-28,MINE-04,MINE-04-ZONE-A,256.0,204.8,39.96,12.8,3.2,1.0,260.0
PROD-14997,2026-05-28,MINE-04,MINE-04-ZONE-B,256.0,215.5,43.11,12.6,3.4,1.0,260.0
PROD-14998,2026-05-28,MINE-04,MINE-04-ZONE-C,256.0,213.2,38.81,14.0,2.0,1.0,260.0
PROD-14999,2026-05-28,MINE-04,MINE-04-ZONE-D,256.0,249.2,32.32,15.1,0.9,1.0,260.0
PROD-15000,2026-05-28,MINE-04,MINE-04-ZONE-E,256.0,226.5,34.93,14.7,1.3,1.0,260.0
PROD-15001,2026-05-29,MINE-01,MINE-01-ZONE-A,300.0,302.4,32.66,15.5,0.5,1.5,260.0
PROD-15002,2026-05-29,MINE-01,MINE-01-ZONE-B,300.0,251.6,39.0,13.0,3.0,1.5,260.0
PROD-15003,2026-05-29,MINE-01,MINE-01-ZONE-C,300.0,258.4,36.18,14.0,2.0,1.5,260.0
PROD-15004,2026-05-29,MINE-01,MINE-01-ZONE-D,300.0,241.7,43.49,12.6,3.4,1.5,260.0
PROD-15005,2026-05-29,MINE-01,MINE-01-ZONE-E,300.0,247.1,37.48,13.0,3.0,1.5,260.0
PROD-15006,2026-05-29,MINE-02,MINE-02-ZONE-A,300.0,281.4,43.54,15.1,0.9,0.4,260.0
PROD-15007,2026-05-29,MINE-02,MINE-02-ZONE-B,300.0,232.6,40.33,12.0,4.0,0.4,260.0
PROD-15008,2026-05-29,MINE-02,MINE-02-ZONE-C,300.0,279.2,40.61,14.9,1.1,0.4,260.0
PROD-15009,2026-05-29,MINE-02,MINE-02-ZONE-D,300.0,291.6,41.51,14.9,1.1,0.4,260.0
PROD-15010,2026-05-29,MINE-02,MINE-02-ZONE-E,300.0,240.0,42.15,12.3,3.7,0.4,260.0
PROD-15011,2026-05-29,MINE-03,MINE-03-ZONE-A,300.0,255.7,39.94,14.0,2.0,2.2,260.0
PROD-15012,2026-05-29,MINE-03,MINE-03-ZONE-B,300.0,216.8,37.75,12.2,3.8,2.2,260.0
PROD-15013,2026-05-29,MINE-03,MINE-03-ZONE-C,300.0,230.7,39.97,12.3,3.7,2.2,260.0
PROD-15014,2026-05-29,MINE-03,MINE-03-ZONE-D,300.0,257.4,43.1,14.5,1.5,2.2,260.0
PROD-15015,2026-05-29,MINE-03,MINE-03-ZONE-E,300.0,272.4,41.49,14.5,1.5,2.2,260.0
PROD-15016,2026-05-29,MINE-04,MINE-04-ZONE-A,300.0,222.0,39.31,11.9,4.1,0.9,260.0
PROD-15017,2026-05-29,MINE-04,MINE-04-ZONE-B,300.0,242.2,32.07,13.7,2.3,0.9,260.0
PROD-15018,2026-05-29,MINE-04,MINE-04-ZONE-C,300.0,266.0,37.73,14.0,2.0,0.9,260.0
PROD-15019,2026-05-29,MINE-04,MINE-04-ZONE-D,300.0,267.6,39.29,14.6,1.4,0.9,260.0
PROD-15020,2026-05-29,MINE-04,MINE-04-ZONE-E,300.0,287.0,36.66,15.0,1.0,0.9,260.0
PROD-15021,2026-05-30,MINE-01,MINE-01-ZONE-A,304.0,262.1,41.74,14.1,1.9,3.2,260.0
PROD-15022,2026-05-30,MINE-01,MINE-01-ZONE-B,304.0,240.9,42.52,13.3,2.7,3.2,260.0
PROD-15023,2026-05-30,MINE-01,MINE-01-ZONE-C,304.0,232.0,36.81,12.5,3.5,3.2,260.0
PROD-15024,2026-05-30,MINE-01,MINE-01-ZONE-D,304.0,230.6,39.15,12.2,3.8,3.2,260.0
PROD-15025,2026-05-30,MINE-01,MINE-01-ZONE-E,304.0,303.0,39.95,15.4,0.6,3.2,260.0
PROD-15026,2026-05-30,MINE-02,MINE-02-ZONE-A,304.0,241.5,37.83,13.0,3.0,0.4,260.0
PROD-15027,2026-05-30,MINE-02,MINE-02-ZONE-B,304.0,221.5,40.61,12.1,3.9,0.4,260.0
PROD-15028,2026-05-30,MINE-02,MINE-02-ZONE-C,304.0,264.1,40.35,14.5,1.5,0.4,260.0
PROD-15029,2026-05-30,MINE-02,MINE-02-ZONE-D,304.0,226.9,43.83,11.6,4.4,0.4,260.0
PROD-15030,2026-05-30,MINE-02,MINE-02-ZONE-E,304.0,271.2,43.58,13.9,2.1,0.4,260.0
PROD-15031,2026-05-30,MINE-03,MINE-03-ZONE-A,304.0,254.2,42.01,14.1,1.9,3.1,260.0
PROD-15032,2026-05-30,MINE-03,MINE-03-ZONE-B,304.0,237.7,39.45,12.9,3.1,3.1,260.0
PROD-15033,2026-05-30,MINE-03,MINE-03-ZONE-C,304.0,293.1,32.09,14.8,1.2,3.1,260.0
PROD-15034,2026-05-30,MINE-03,MINE-03-ZONE-D,304.0,249.5,41.56,12.8,3.2,3.1,260.0
PROD-15035,2026-05-30,MINE-03,MINE-03-ZONE-E,304.0,292.4,32.66,15.1,0.9,3.1,260.0
PROD-15036,2026-05-30,MINE-04,MINE-04-ZONE-A,304.0,227.6,36.98,12.2,3.8,2.7,260.0
PROD-15037,2026-05-30,MINE-04,MINE-04-ZONE-B,304.0,226.8,38.74,12.1,3.9,2.7,260.0
PROD-15038,2026-05-30,MINE-04,MINE-04-ZONE-C,304.0,245.8,40.96,12.3,3.7,2.7,260.0
PROD-15039,2026-05-30,MINE-04,MINE-04-ZONE-D,304.0,232.5,43.37,13.0,3.0,2.7,260.0
PROD-15040,2026-05-30,MINE-04,MINE-04-ZONE-E,304.0,213.1,40.07,12.1,3.9,2.7,260.0
PROD-15041,2026-05-31,MINE-01,MINE-01-ZONE-A,224.0,175.0,41.17,13.3,2.7,0.8,260.0
PROD-15042,2026-05-31,MINE-01,MINE-01-ZONE-B,224.0,181.2,43.66,13.4,2.6,0.8,260.0
PROD-15043,2026-05-31,MINE-01,MINE-01-ZONE-C,224.0,174.1,41.17,12.2,3.8,0.8,260.0
PROD-15044,2026-05-31,MINE-01,MINE-01-ZONE-D,224.0,190.5,40.51,12.8,3.2,0.8,260.0
PROD-15045,2026-05-31,MINE-01,MINE-01-ZONE-E,224.0,182.9,33.53,13.3,2.7,0.8,260.0
PROD-15046,2026-05-31,MINE-02,MINE-02-ZONE-A,224.0,170.0,32.74,12.8,3.2,1.4,260.0
PROD-15047,2026-05-31,MINE-02,MINE-02-ZONE-B,224.0,179.3,37.93,12.8,3.2,1.4,260.0
PROD-15048,2026-05-31,MINE-02,MINE-02-ZONE-C,224.0,180.3,43.38,11.9,4.1,1.4,260.0
PROD-15049,2026-05-31,MINE-02,MINE-02-ZONE-D,224.0,216.9,42.27,14.5,1.5,1.4,260.0
PROD-15050,2026-05-31,MINE-02,MINE-02-ZONE-E,224.0,177.2,40.7,11.7,4.3,1.4,260.0
PROD-15051,2026-05-31,MINE-03,MINE-03-ZONE-A,224.0,200.8,43.85,15.2,0.8,1.8,260.0
PROD-15052,2026-05-31,MINE-03,MINE-03-ZONE-B,224.0,173.6,33.63,12.4,3.6,1.8,260.0
PROD-15053,2026-05-31,MINE-03,MINE-03-ZONE-C,224.0,204.8,41.01,14.9,1.1,1.8,260.0
PROD-15054,2026-05-31,MINE-03,MINE-03-ZONE-D,224.0,201.1,41.86,13.4,2.6,1.8,260.0
PROD-15055,2026-05-31,MINE-03,MINE-03-ZONE-E,224.0,205.4,39.66,15.0,1.0,1.8,260.0
PROD-15056,2026-05-31,MINE-04,MINE-04-ZONE-A,224.0,188.3,41.94,13.0,3.0,0.5,260.0
PROD-15057,2026-05-31,MINE-04,MINE-04-ZONE-B,224.0,205.7,41.17,14.9,1.1,0.5,260.0
PROD-15058,2026-05-31,MINE-04,MINE-04-ZONE-C,224.0,175.6,34.86,12.7,3.3,0.5,260.0
PROD-15059,2026-05-31,MINE-04,MINE-04-ZONE-D,224.0,183.2,39.51,13.5,2.5,0.5,260.0
PROD-15060,2026-05-31,MINE-04,MINE-04-ZONE-E,224.0,180.5,37.55,13.1,2.9,0.5,260.0
PROD-15061,2026-06-01,MINE-01,MINE-01-ZONE-A,228.0,150.1,33.77,11.9,4.1,58.2,260.0
PROD-15062,2026-06-01,MINE-01,MINE-01-ZONE-B,228.0,121.4,40.56,9.9,6.1,58.2,260.0
PROD-15063,2026-06-01,MINE-01,MINE-01-ZONE-C,228.0,123.6,43.73,10.1,5.9,58.2,260.0
PROD-15064,2026-06-01,MINE-01,MINE-01-ZONE-D,228.0,157.8,33.79,12.4,3.6,58.2,260.0
PROD-15065,2026-06-01,MINE-01,MINE-01-ZONE-E,228.0,120.9,41.66,9.5,6.5,58.2,260.0
PROD-15066,2026-06-01,MINE-02,MINE-02-ZONE-A,228.0,159.0,42.66,11.9,4.1,1.6,260.0
PROD-15067,2026-06-01,MINE-02,MINE-02-ZONE-B,228.0,208.1,39.26,14.5,1.5,1.6,260.0
PROD-15068,2026-06-01,MINE-02,MINE-02-ZONE-C,228.0,179.0,42.32,13.0,3.0,1.6,260.0
PROD-15069,2026-06-01,MINE-02,MINE-02-ZONE-D,228.0,161.7,42.88,11.8,4.2,1.6,260.0
PROD-15070,2026-06-01,MINE-02,MINE-02-ZONE-E,228.0,188.4,35.62,13.8,2.2,1.6,260.0
PROD-15071,2026-06-01,MINE-03,MINE-03-ZONE-A,228.0,136.2,34.98,10.9,5.1,57.8,260.0
PROD-15072,2026-06-01,MINE-03,MINE-03-ZONE-B,228.0,113.4,41.2,9.3,6.7,57.8,260.0
PROD-15073,2026-06-01,MINE-03,MINE-03-ZONE-C,228.0,117.0,33.36,10.1,5.9,57.8,260.0
PROD-15074,2026-06-01,MINE-03,MINE-03-ZONE-D,228.0,95.7,35.71,9.1,6.9,57.8,260.0
PROD-15075,2026-06-01,MINE-03,MINE-03-ZONE-E,228.0,98.8,37.11,9.1,6.9,57.8,260.0
PROD-15076,2026-06-01,MINE-04,MINE-04-ZONE-A,228.0,154.5,32.29,12.9,3.1,64.5,260.0
PROD-15077,2026-06-01,MINE-04,MINE-04-ZONE-B,228.0,123.5,42.09,10.8,5.2,64.5,260.0
PROD-15078,2026-06-01,MINE-04,MINE-04-ZONE-C,228.0,129.9,40.1,11.7,4.3,64.5,260.0
PROD-15079,2026-06-01,MINE-04,MINE-04-ZONE-D,228.0,100.5,39.68,9.9,6.1,64.5,260.0
PROD-15080,2026-06-01,MINE-04,MINE-04-ZONE-E,228.0,142.7,41.36,11.4,4.6,64.5,260.0
PROD-15081,2026-06-02,MINE-01,MINE-01-ZONE-A,232.0,204.9,32.63,13.4,2.6,3.9,260.0
PROD-15082,2026-06-02,MINE-01,MINE-01-ZONE-B,232.0,171.4,40.26,11.8,4.2,3.9,260.0
PROD-15083,2026-06-02,MINE-01,MINE-01-ZONE-C,232.0,227.6,43.45,15.4,0.6,3.9,260.0
PROD-15084,2026-06-02,MINE-01,MINE-01-ZONE-D,232.0,166.7,33.39,11.7,4.3,3.9,260.0
PROD-15085,2026-06-02,MINE-01,MINE-01-ZONE-E,232.0,218.8,36.76,14.8,1.2,3.9,260.0
PROD-15086,2026-06-02,MINE-02,MINE-02-ZONE-A,232.0,100.2,34.28,10.1,5.9,86.0,260.0
PROD-15087,2026-06-02,MINE-02,MINE-02-ZONE-B,232.0,105.5,41.56,11.0,5.0,86.0,260.0
PROD-15088,2026-06-02,MINE-02,MINE-02-ZONE-C,232.0,126.9,39.89,12.3,3.7,86.0,260.0
PROD-15089,2026-06-02,MINE-02,MINE-02-ZONE-D,232.0,127.6,37.62,10.6,5.4,86.0,260.0
PROD-15090,2026-06-02,MINE-02,MINE-02-ZONE-E,232.0,128.8,43.0,12.1,3.9,86.0,260.0
PROD-15091,2026-06-02,MINE-03,MINE-03-ZONE-A,232.0,123.0,36.31,10.7,5.3,75.6,260.0
PROD-15092,2026-06-02,MINE-03,MINE-03-ZONE-B,232.0,125.7,41.16,11.0,5.0,75.6,260.0
PROD-15093,2026-06-02,MINE-03,MINE-03-ZONE-C,232.0,156.2,41.79,12.7,3.3,75.6,260.0
PROD-15094,2026-06-02,MINE-03,MINE-03-ZONE-D,232.0,133.1,40.19,12.0,4.0,75.6,260.0
PROD-15095,2026-06-02,MINE-03,MINE-03-ZONE-E,232.0,141.8,34.6,12.7,3.3,75.6,260.0
PROD-15096,2026-06-02,MINE-04,MINE-04-ZONE-A,232.0,212.8,32.14,13.9,2.1,2.3,260.0
PROD-15097,2026-06-02,MINE-04,MINE-04-ZONE-B,232.0,180.7,43.54,12.7,3.3,2.3,260.0
PROD-15098,2026-06-02,MINE-04,MINE-04-ZONE-C,232.0,204.7,42.35,13.9,2.1,2.3,260.0
PROD-15099,2026-06-02,MINE-04,MINE-04-ZONE-D,232.0,207.2,43.38,15.1,0.9,2.3,260.0
PROD-15100,2026-06-02,MINE-04,MINE-04-ZONE-E,232.0,216.4,34.46,14.3,1.7,2.3,260.0
PROD-15101,2026-06-03,MINE-01,MINE-01-ZONE-A,276.0,234.6,32.52,15.4,0.6,20.7,260.0
PROD-15102,2026-06-03,MINE-01,MINE-01-ZONE-B,276.0,217.4,40.92,13.9,2.1,20.7,260.0
PROD-15103,2026-06-03,MINE-01,MINE-01-ZONE-C,276.0,207.8,43.57,13.5,2.5,20.7,260.0
PROD-15104,2026-06-03,MINE-01,MINE-01-ZONE-D,276.0,225.2,38.7,13.0,3.0,20.7,260.0
PROD-15105,2026-06-03,MINE-01,MINE-01-ZONE-E,276.0,210.1,42.91,13.5,2.5,20.7,260.0
PROD-15106,2026-06-03,MINE-02,MINE-02-ZONE-A,276.0,214.8,32.47,12.0,4.0,1.9,260.0
PROD-15107,2026-06-03,MINE-02,MINE-02-ZONE-B,276.0,239.7,38.3,13.6,2.4,1.9,260.0
PROD-15108,2026-06-03,MINE-02,MINE-02-ZONE-C,276.0,264.8,34.75,15.2,0.8,1.9,260.0
PROD-15109,2026-06-03,MINE-02,MINE-02-ZONE-D,276.0,232.3,43.04,13.8,2.2,1.9,260.0
PROD-15110,2026-06-03,MINE-02,MINE-02-ZONE-E,276.0,217.6,32.03,13.3,2.7,1.9,260.0
PROD-15111,2026-06-03,MINE-03,MINE-03-ZONE-A,276.0,181.2,37.39,12.5,3.5,33.0,260.0
PROD-15112,2026-06-03,MINE-03,MINE-03-ZONE-B,276.0,194.3,38.54,12.9,3.1,33.0,260.0
PROD-15113,2026-06-03,MINE-03,MINE-03-ZONE-C,276.0,191.7,37.24,12.0,4.0,33.0,260.0
PROD-15114,2026-06-03,MINE-03,MINE-03-ZONE-D,276.0,156.7,40.38,10.1,5.9,33.0,260.0
PROD-15115,2026-06-03,MINE-03,MINE-03-ZONE-E,276.0,146.7,36.75,10.0,6.0,33.0,260.0
PROD-15116,2026-06-03,MINE-04,MINE-04-ZONE-A,276.0,265.2,40.77,15.2,0.8,0.9,260.0
PROD-15117,2026-06-03,MINE-04,MINE-04-ZONE-B,276.0,230.3,40.51,14.1,1.9,0.9,260.0
PROD-15118,2026-06-03,MINE-04,MINE-04-ZONE-C,276.0,260.8,32.97,15.4,0.6,0.9,260.0
PROD-15119,2026-06-03,MINE-04,MINE-04-ZONE-D,276.0,234.1,40.26,13.4,2.6,0.9,260.0
PROD-15120,2026-06-03,MINE-04,MINE-04-ZONE-E,276.0,219.6,33.55,12.4,3.6,0.9,260.0
PROD-15121,2026-06-04,MINE-01,MINE-01-ZONE-A,280.0,125.7,32.57,9.5,6.5,63.7,260.0
PROD-15122,2026-06-04,MINE-01,MINE-01-ZONE-B,280.0,158.0,37.42,12.2,3.8,63.7,260.0
PROD-15123,2026-06-04,MINE-01,MINE-01-ZONE-C,280.0,171.6,33.84,12.5,3.5,63.7,260.0
PROD-15124,2026-06-04,MINE-01,MINE-01-ZONE-D,280.0,139.1,40.46,10.4,5.6,63.7,260.0
PROD-15125,2026-06-04,MINE-01,MINE-01-ZONE-E,280.0,165.9,33.71,12.2,3.8,63.7,260.0
PROD-15126,2026-06-04,MINE-02,MINE-02-ZONE-A,280.0,139.6,43.95,9.7,6.3,46.0,260.0
PROD-15127,2026-06-04,MINE-02,MINE-02-ZONE-B,280.0,167.6,33.38,11.7,4.3,46.0,260.0
PROD-15128,2026-06-04,MINE-02,MINE-02-ZONE-C,280.0,172.7,42.19,11.3,4.7,46.0,260.0
PROD-15129,2026-06-04,MINE-02,MINE-02-ZONE-D,280.0,173.9,33.34,10.8,5.2,46.0,260.0
PROD-15130,2026-06-04,MINE-02,MINE-02-ZONE-E,280.0,167.4,33.49,11.3,4.7,46.0,260.0
PROD-15131,2026-06-04,MINE-03,MINE-03-ZONE-A,280.0,204.9,39.35,12.1,3.9,24.2,260.0
PROD-15132,2026-06-04,MINE-03,MINE-03-ZONE-B,280.0,197.1,40.11,12.2,3.8,24.2,260.0
PROD-15133,2026-06-04,MINE-03,MINE-03-ZONE-C,280.0,242.7,32.02,15.5,0.5,24.2,260.0
PROD-15134,2026-06-04,MINE-03,MINE-03-ZONE-D,280.0,239.5,32.77,14.0,2.0,24.2,260.0
PROD-15135,2026-06-04,MINE-03,MINE-03-ZONE-E,280.0,237.9,36.69,15.4,0.6,24.2,260.0
PROD-15136,2026-06-04,MINE-04,MINE-04-ZONE-A,280.0,148.5,40.23,10.7,5.3,42.5,260.0
PROD-15137,2026-06-04,MINE-04,MINE-04-ZONE-B,280.0,190.4,35.98,11.9,4.1,42.5,260.0
PROD-15138,2026-06-04,MINE-04,MINE-04-ZONE-C,280.0,191.8,39.87,12.9,3.1,42.5,260.0
PROD-15139,2026-06-04,MINE-04,MINE-04-ZONE-D,280.0,161.9,38.96,11.0,5.0,42.5,260.0
PROD-15140,2026-06-04,MINE-04,MINE-04-ZONE-E,280.0,178.3,38.19,11.3,4.7,42.5,260.0
PROD-15141,2026-06-05,MINE-01,MINE-01-ZONE-A,284.0,156.4,33.43,10.7,5.3,48.0,260.0
PROD-15142,2026-06-05,MINE-01,MINE-01-ZONE-B,284.0,207.1,39.85,13.0,3.0,48.0,260.0
PROD-15143,2026-06-05,MINE-01,MINE-01-ZONE-C,284.0,135.5,38.88,9.1,6.9,48.0,260.0
PROD-15144,2026-06-05,MINE-01,MINE-01-ZONE-D,284.0,142.9,40.63,10.2,5.8,48.0,260.0
PROD-15145,2026-06-05,MINE-01,MINE-01-ZONE-E,284.0,180.3,33.95,12.2,3.8,48.0,260.0
PROD-15146,2026-06-05,MINE-02,MINE-02-ZONE-A,284.0,148.2,34.93,11.7,4.3,79.1,260.0
PROD-15147,2026-06-05,MINE-02,MINE-02-ZONE-B,284.0,171.3,43.76,12.3,3.7,79.1,260.0
PROD-15148,2026-06-05,MINE-02,MINE-02-ZONE-C,284.0,120.6,42.05,9.3,6.7,79.1,260.0
PROD-15149,2026-06-05,MINE-02,MINE-02-ZONE-D,284.0,163.8,37.34,12.2,3.8,79.1,260.0
PROD-15150,2026-06-05,MINE-02,MINE-02-ZONE-E,284.0,155.2,35.25,11.8,4.2,79.1,260.0
PROD-15151,2026-06-05,MINE-03,MINE-03-ZONE-A,284.0,199.0,40.56,12.8,3.2,50.1,260.0
PROD-15152,2026-06-05,MINE-03,MINE-03-ZONE-B,284.0,163.0,43.26,11.0,5.0,50.1,260.0
PROD-15153,2026-06-05,MINE-03,MINE-03-ZONE-C,284.0,156.1,39.15,10.0,6.0,50.1,260.0
PROD-15154,2026-06-05,MINE-03,MINE-03-ZONE-D,284.0,181.2,33.39,12.8,3.2,50.1,260.0
PROD-15155,2026-06-05,MINE-03,MINE-03-ZONE-E,284.0,166.2,35.9,11.7,4.3,50.1,260.0
PROD-15156,2026-06-05,MINE-04,MINE-04-ZONE-A,284.0,234.8,34.18,13.5,2.5,4.0,260.0
PROD-15157,2026-06-05,MINE-04,MINE-04-ZONE-B,284.0,241.6,38.46,13.7,2.3,4.0,260.0
PROD-15158,2026-06-05,MINE-04,MINE-04-ZONE-C,284.0,235.4,43.8,13.9,2.1,4.0,260.0
PROD-15159,2026-06-05,MINE-04,MINE-04-ZONE-D,284.0,255.2,43.63,14.4,1.6,4.0,260.0
PROD-15160,2026-06-05,MINE-04,MINE-04-ZONE-E,284.0,282.3,36.3,15.4,0.6,4.0,260.0
PROD-15161,2026-06-06,MINE-01,MINE-01-ZONE-A,288.0,225.7,38.09,11.9,4.1,0.3,260.0
PROD-15162,2026-06-06,MINE-01,MINE-01-ZONE-B,288.0,231.2,33.41,12.7,3.3,0.3,260.0
PROD-15163,2026-06-06,MINE-01,MINE-01-ZONE-C,288.0,226.2,42.67,13.3,2.7,0.3,260.0
PROD-15164,2026-06-06,MINE-01,MINE-01-ZONE-D,288.0,227.4,33.57,12.1,3.9,0.3,260.0
PROD-15165,2026-06-06,MINE-01,MINE-01-ZONE-E,288.0,247.4,36.42,13.1,2.9,0.3,260.0
PROD-15166,2026-06-06,MINE-02,MINE-02-ZONE-A,288.0,239.9,41.22,12.7,3.3,3.6,260.0
PROD-15167,2026-06-06,MINE-02,MINE-02-ZONE-B,288.0,225.6,42.55,12.9,3.1,3.6,260.0
PROD-15168,2026-06-06,MINE-02,MINE-02-ZONE-C,288.0,279.5,36.23,15.3,0.7,3.6,260.0
PROD-15169,2026-06-06,MINE-02,MINE-02-ZONE-D,288.0,242.1,37.95,13.9,2.1,3.6,260.0
PROD-15170,2026-06-06,MINE-02,MINE-02-ZONE-E,288.0,243.8,33.28,13.1,2.9,3.6,260.0
PROD-15171,2026-06-06,MINE-03,MINE-03-ZONE-A,288.0,179.1,39.11,12.2,3.8,59.1,260.0
PROD-15172,2026-06-06,MINE-03,MINE-03-ZONE-B,288.0,145.5,35.67,10.8,5.2,59.1,260.0
PROD-15173,2026-06-06,MINE-03,MINE-03-ZONE-C,288.0,170.6,33.71,11.7,4.3,59.1,260.0
PROD-15174,2026-06-06,MINE-03,MINE-03-ZONE-D,288.0,135.4,42.42,9.5,6.5,59.1,260.0
PROD-15175,2026-06-06,MINE-03,MINE-03-ZONE-E,288.0,201.5,32.01,12.6,3.4,59.1,260.0
PROD-15176,2026-06-06,MINE-04,MINE-04-ZONE-A,288.0,170.7,36.28,10.7,5.3,58.3,260.0
PROD-15177,2026-06-06,MINE-04,MINE-04-ZONE-B,288.0,160.8,43.38,10.9,5.1,58.3,260.0
PROD-15178,2026-06-06,MINE-04,MINE-04-ZONE-C,288.0,133.8,36.18,9.8,6.2,58.3,260.0
PROD-15179,2026-06-06,MINE-04,MINE-04-ZONE-D,288.0,128.2,33.4,9.3,6.7,58.3,260.0
PROD-15180,2026-06-06,MINE-04,MINE-04-ZONE-E,288.0,177.6,38.26,12.2,3.8,58.3,260.0
PROD-15181,2026-06-07,MINE-01,MINE-01-ZONE-A,208.0,147.1,42.98,12.4,3.6,1.9,260.0
PROD-15182,2026-06-07,MINE-01,MINE-01-ZONE-B,208.0,188.8,40.17,14.7,1.3,1.9,260.0
PROD-15183,2026-06-07,MINE-01,MINE-01-ZONE-C,208.0,201.6,39.63,15.2,0.8,1.9,260.0
PROD-15184,2026-06-07,MINE-01,MINE-01-ZONE-D,208.0,156.4,40.66,11.9,4.1,1.9,260.0
PROD-15185,2026-06-07,MINE-01,MINE-01-ZONE-E,208.0,215.0,37.95,15.5,0.5,1.9,260.0
PROD-15186,2026-06-07,MINE-02,MINE-02-ZONE-A,208.0,118.9,33.4,11.4,4.6,39.4,260.0
PROD-15187,2026-06-07,MINE-02,MINE-02-ZONE-B,208.0,147.7,39.25,12.0,4.0,39.4,260.0
PROD-15188,2026-06-07,MINE-02,MINE-02-ZONE-C,208.0,121.5,42.32,10.4,5.6,39.4,260.0
PROD-15189,2026-06-07,MINE-02,MINE-02-ZONE-D,208.0,120.5,39.6,10.6,5.4,39.4,260.0
PROD-15190,2026-06-07,MINE-02,MINE-02-ZONE-E,208.0,112.5,43.22,9.3,6.7,39.4,260.0
PROD-15191,2026-06-07,MINE-03,MINE-03-ZONE-A,208.0,165.3,34.64,11.9,4.1,0.1,260.0
PROD-15192,2026-06-07,MINE-03,MINE-03-ZONE-B,208.0,173.7,38.49,13.4,2.6,0.1,260.0
PROD-15193,2026-06-07,MINE-03,MINE-03-ZONE-C,208.0,169.7,41.94,13.4,2.6,0.1,260.0
PROD-15194,2026-06-07,MINE-03,MINE-03-ZONE-D,208.0,181.2,43.56,13.4,2.6,0.1,260.0
PROD-15195,2026-06-07,MINE-03,MINE-03-ZONE-E,208.0,176.3,36.76,13.3,2.7,0.1,260.0
PROD-15196,2026-06-07,MINE-04,MINE-04-ZONE-A,208.0,169.0,41.2,12.9,3.1,0.1,260.0
PROD-15197,2026-06-07,MINE-04,MINE-04-ZONE-B,208.0,175.2,37.61,12.4,3.6,0.1,260.0
PROD-15198,2026-06-07,MINE-04,MINE-04-ZONE-C,208.0,151.6,42.91,12.7,3.3,0.1,260.0
PROD-15199,2026-06-07,MINE-04,MINE-04-ZONE-D,208.0,175.9,37.64,13.2,2.8,0.1,260.0
PROD-15200,2026-06-07,MINE-04,MINE-04-ZONE-E,208.0,169.0,38.99,13.5,2.5,0.1,260.0
PROD-15201,2026-06-08,MINE-01,MINE-01-ZONE-A,252.0,129.3,40.74,10.6,5.4,92.2,260.0
PROD-15202,2026-06-08,MINE-01,MINE-01-ZONE-B,252.0,119.0,35.75,9.7,6.3,92.2,260.0
PROD-15203,2026-06-08,MINE-01,MINE-01-ZONE-C,252.0,121.6,35.03,10.3,5.7,92.2,260.0
PROD-15204,2026-06-08,MINE-01,MINE-01-ZONE-D,252.0,105.0,42.2,9.8,6.2,92.2,260.0
PROD-15205,2026-06-08,MINE-01,MINE-01-ZONE-E,252.0,142.9,42.87,12.8,3.2,92.2,260.0
PROD-15206,2026-06-08,MINE-02,MINE-02-ZONE-A,252.0,165.0,36.63,12.3,3.7,45.6,260.0
PROD-15207,2026-06-08,MINE-02,MINE-02-ZONE-B,252.0,129.9,39.85,9.9,6.1,45.6,260.0
PROD-15208,2026-06-08,MINE-02,MINE-02-ZONE-C,252.0,159.0,36.26,11.8,4.2,45.6,260.0
PROD-15209,2026-06-08,MINE-02,MINE-02-ZONE-D,252.0,151.2,32.37,10.7,5.3,45.6,260.0
PROD-15210,2026-06-08,MINE-02,MINE-02-ZONE-E,252.0,126.0,36.09,9.8,6.2,45.6,260.0
PROD-15211,2026-06-08,MINE-03,MINE-03-ZONE-A,252.0,202.4,43.05,12.9,3.1,2.1,260.0
PROD-15212,2026-06-08,MINE-03,MINE-03-ZONE-B,252.0,223.4,39.64,13.4,2.6,2.1,260.0
PROD-15213,2026-06-08,MINE-03,MINE-03-ZONE-C,252.0,196.6,37.54,12.1,3.9,2.1,260.0
PROD-15214,2026-06-08,MINE-03,MINE-03-ZONE-D,252.0,213.5,43.59,13.1,2.9,2.1,260.0
PROD-15215,2026-06-08,MINE-03,MINE-03-ZONE-E,252.0,229.8,37.41,14.0,2.0,2.1,260.0
PROD-15216,2026-06-08,MINE-04,MINE-04-ZONE-A,252.0,207.4,37.96,12.5,3.5,3.6,260.0
PROD-15217,2026-06-08,MINE-04,MINE-04-ZONE-B,252.0,229.6,38.63,13.8,2.2,3.6,260.0
PROD-15218,2026-06-08,MINE-04,MINE-04-ZONE-C,252.0,218.9,43.95,14.0,2.0,3.6,260.0
PROD-15219,2026-06-08,MINE-04,MINE-04-ZONE-D,252.0,221.7,32.47,14.6,1.4,3.6,260.0
PROD-15220,2026-06-08,MINE-04,MINE-04-ZONE-E,252.0,194.3,32.68,12.1,3.9,3.6,260.0
PROD-15221,2026-06-09,MINE-01,MINE-01-ZONE-A,256.0,143.8,41.68,11.2,4.8,75.3,260.0
PROD-15222,2026-06-09,MINE-01,MINE-01-ZONE-B,256.0,117.9,36.66,9.6,6.4,75.3,260.0
PROD-15223,2026-06-09,MINE-01,MINE-01-ZONE-C,256.0,123.2,42.32,9.5,6.5,75.3,260.0
PROD-15224,2026-06-09,MINE-01,MINE-01-ZONE-D,256.0,130.7,39.52,11.7,4.3,75.3,260.0
PROD-15225,2026-06-09,MINE-01,MINE-01-ZONE-E,256.0,137.3,36.65,11.0,5.0,75.3,260.0
PROD-15226,2026-06-09,MINE-02,MINE-02-ZONE-A,256.0,138.9,40.59,12.4,3.6,84.3,260.0
PROD-15227,2026-06-09,MINE-02,MINE-02-ZONE-B,256.0,125.0,34.84,11.0,5.0,84.3,260.0
PROD-15228,2026-06-09,MINE-02,MINE-02-ZONE-C,256.0,148.3,39.25,12.2,3.8,84.3,260.0
PROD-15229,2026-06-09,MINE-02,MINE-02-ZONE-D,256.0,151.0,40.19,12.5,3.5,84.3,260.0
PROD-15230,2026-06-09,MINE-02,MINE-02-ZONE-E,256.0,143.6,33.04,12.8,3.2,84.3,260.0
PROD-15231,2026-06-09,MINE-03,MINE-03-ZONE-A,256.0,171.9,41.86,11.5,4.5,2.2,260.0
PROD-15232,2026-06-09,MINE-03,MINE-03-ZONE-B,256.0,190.0,33.9,12.3,3.7,2.2,260.0
PROD-15233,2026-06-09,MINE-03,MINE-03-ZONE-C,256.0,236.3,40.53,14.5,1.5,2.2,260.0
PROD-15234,2026-06-09,MINE-03,MINE-03-ZONE-D,256.0,189.0,37.41,12.3,3.7,2.2,260.0
PROD-15235,2026-06-09,MINE-03,MINE-03-ZONE-E,256.0,236.2,34.26,14.5,1.5,2.2,260.0
PROD-15236,2026-06-09,MINE-04,MINE-04-ZONE-A,256.0,176.8,37.78,11.6,4.4,2.1,260.0
PROD-15237,2026-06-09,MINE-04,MINE-04-ZONE-B,256.0,239.4,39.35,15.2,0.8,2.1,260.0
PROD-15238,2026-06-09,MINE-04,MINE-04-ZONE-C,256.0,193.3,40.52,12.0,4.0,2.1,260.0
PROD-15239,2026-06-09,MINE-04,MINE-04-ZONE-D,256.0,221.1,37.42,14.2,1.8,2.1,260.0
PROD-15240,2026-06-09,MINE-04,MINE-04-ZONE-E,256.0,195.2,33.79,11.5,4.5,2.1,260.0
PROD-15241,2026-06-10,MINE-01,MINE-01-ZONE-A,260.0,139.1,35.02,12.8,3.2,91.8,260.0
PROD-15242,2026-06-10,MINE-01,MINE-01-ZONE-B,260.0,157.9,35.19,12.2,3.8,91.8,260.0
PROD-15243,2026-06-10,MINE-01,MINE-01-ZONE-C,260.0,105.3,35.29,9.3,6.7,91.8,260.0
PROD-15244,2026-06-10,MINE-01,MINE-01-ZONE-D,260.0,127.4,41.19,11.1,4.9,91.8,260.0
PROD-15245,2026-06-10,MINE-01,MINE-01-ZONE-E,260.0,150.3,43.13,12.6,3.4,91.8,260.0
PROD-15246,2026-06-10,MINE-02,MINE-02-ZONE-A,260.0,225.9,33.77,13.1,2.9,1.1,260.0
PROD-15247,2026-06-10,MINE-02,MINE-02-ZONE-B,260.0,215.0,32.17,12.8,3.2,1.1,260.0
PROD-15248,2026-06-10,MINE-02,MINE-02-ZONE-C,260.0,209.4,40.82,13.8,2.2,1.1,260.0
PROD-15249,2026-06-10,MINE-02,MINE-02-ZONE-D,260.0,234.2,42.43,15.1,0.9,1.1,260.0
PROD-15250,2026-06-10,MINE-02,MINE-02-ZONE-E,260.0,194.0,34.84,11.9,4.1,1.1,260.0
PROD-15251,2026-06-10,MINE-03,MINE-03-ZONE-A,260.0,191.4,36.63,12.7,3.3,1.2,260.0
PROD-15252,2026-06-10,MINE-03,MINE-03-ZONE-B,260.0,234.9,36.23,14.4,1.6,1.2,260.0
PROD-15253,2026-06-10,MINE-03,MINE-03-ZONE-C,260.0,220.4,36.45,12.8,3.2,1.2,260.0
PROD-15254,2026-06-10,MINE-03,MINE-03-ZONE-D,260.0,243.1,38.97,14.2,1.8,1.2,260.0
PROD-15255,2026-06-10,MINE-03,MINE-03-ZONE-E,260.0,261.8,34.55,15.3,0.7,1.2,260.0
PROD-15256,2026-06-10,MINE-04,MINE-04-ZONE-A,260.0,155.4,37.98,11.7,4.3,35.0,260.0
PROD-15257,2026-06-10,MINE-04,MINE-04-ZONE-B,260.0,147.2,40.07,9.9,6.1,35.0,260.0
PROD-15258,2026-06-10,MINE-04,MINE-04-ZONE-C,260.0,126.7,39.75,9.3,6.7,35.0,260.0
PROD-15259,2026-06-10,MINE-04,MINE-04-ZONE-D,260.0,170.7,34.3,11.0,5.0,35.0,260.0
PROD-15260,2026-06-10,MINE-04,MINE-04-ZONE-E,260.0,133.7,40.14,10.1,5.9,35.0,260.0
PROD-15261,2026-06-11,MINE-01,MINE-01-ZONE-A,264.0,135.7,34.14,11.4,4.6,67.9,260.0
PROD-15262,2026-06-11,MINE-01,MINE-01-ZONE-B,264.0,123.7,38.79,10.0,6.0,67.9,260.0
PROD-15263,2026-06-11,MINE-01,MINE-01-ZONE-C,264.0,147.2,42.02,10.1,5.9,67.9,260.0
PROD-15264,2026-06-11,MINE-01,MINE-01-ZONE-D,264.0,118.6,43.15,9.2,6.8,67.9,260.0
PROD-15265,2026-06-11,MINE-01,MINE-01-ZONE-E,264.0,182.9,34.21,12.9,3.1,67.9,260.0
PROD-15266,2026-06-11,MINE-02,MINE-02-ZONE-A,264.0,238.9,43.39,15.3,0.7,15.7,260.0
PROD-15267,2026-06-11,MINE-02,MINE-02-ZONE-B,264.0,198.3,37.49,12.8,3.2,15.7,260.0
PROD-15268,2026-06-11,MINE-02,MINE-02-ZONE-C,264.0,203.9,43.26,13.1,2.9,15.7,260.0
PROD-15269,2026-06-11,MINE-02,MINE-02-ZONE-D,264.0,227.9,32.81,13.7,2.3,15.7,260.0
PROD-15270,2026-06-11,MINE-02,MINE-02-ZONE-E,264.0,209.9,32.46,14.1,1.9,15.7,260.0
PROD-15271,2026-06-11,MINE-03,MINE-03-ZONE-A,264.0,182.9,35.03,12.2,3.8,47.7,260.0
PROD-15272,2026-06-11,MINE-03,MINE-03-ZONE-B,264.0,148.6,39.19,10.6,5.4,47.7,260.0
PROD-15273,2026-06-11,MINE-03,MINE-03-ZONE-C,264.0,145.3,36.59,9.4,6.6,47.7,260.0
PROD-15274,2026-06-11,MINE-03,MINE-03-ZONE-D,264.0,144.3,34.32,10.1,5.9,47.7,260.0
PROD-15275,2026-06-11,MINE-03,MINE-03-ZONE-E,264.0,175.3,34.77,12.0,4.0,47.7,260.0
PROD-15276,2026-06-11,MINE-04,MINE-04-ZONE-A,264.0,131.7,32.87,10.1,5.9,91.3,260.0
PROD-15277,2026-06-11,MINE-04,MINE-04-ZONE-B,264.0,129.3,36.54,10.6,5.4,91.3,260.0
PROD-15278,2026-06-11,MINE-04,MINE-04-ZONE-C,264.0,114.0,32.03,10.4,5.6,91.3,260.0
PROD-15279,2026-06-11,MINE-04,MINE-04-ZONE-D,264.0,125.9,33.02,11.7,4.3,91.3,260.0
PROD-15280,2026-06-11,MINE-04,MINE-04-ZONE-E,264.0,144.9,42.39,12.3,3.7,91.3,260.0
PROD-15281,2026-06-12,MINE-01,MINE-01-ZONE-A,268.0,120.4,33.74,9.4,6.6,54.6,260.0
PROD-15282,2026-06-12,MINE-01,MINE-01-ZONE-B,268.0,168.4,40.98,12.1,3.9,54.6,260.0
PROD-15283,2026-06-12,MINE-01,MINE-01-ZONE-C,268.0,180.7,35.79,12.3,3.7,54.6,260.0
PROD-15284,2026-06-12,MINE-01,MINE-01-ZONE-D,268.0,141.8,40.82,10.5,5.5,54.6,260.0
PROD-15285,2026-06-12,MINE-01,MINE-01-ZONE-E,268.0,151.0,34.0,10.9,5.1,54.6,260.0
PROD-15286,2026-06-12,MINE-02,MINE-02-ZONE-A,268.0,211.5,36.8,13.3,2.7,0.9,260.0
PROD-15287,2026-06-12,MINE-02,MINE-02-ZONE-B,268.0,254.7,38.22,14.9,1.1,0.9,260.0
PROD-15288,2026-06-12,MINE-02,MINE-02-ZONE-C,268.0,219.4,43.52,12.7,3.3,0.9,260.0
PROD-15289,2026-06-12,MINE-02,MINE-02-ZONE-D,268.0,183.8,43.71,11.6,4.4,0.9,260.0
PROD-15290,2026-06-12,MINE-02,MINE-02-ZONE-E,268.0,234.2,35.1,13.3,2.7,0.9,260.0
PROD-15291,2026-06-12,MINE-03,MINE-03-ZONE-A,268.0,146.1,38.96,10.2,5.8,40.4,260.0
PROD-15292,2026-06-12,MINE-03,MINE-03-ZONE-B,268.0,195.4,37.89,12.5,3.5,40.4,260.0
PROD-15293,2026-06-12,MINE-03,MINE-03-ZONE-C,268.0,191.9,41.82,12.9,3.1,40.4,260.0
PROD-15294,2026-06-12,MINE-03,MINE-03-ZONE-D,268.0,147.2,42.63,9.7,6.3,40.4,260.0
PROD-15295,2026-06-12,MINE-03,MINE-03-ZONE-E,268.0,133.6,40.34,9.2,6.8,40.4,260.0
PROD-15296,2026-06-12,MINE-04,MINE-04-ZONE-A,268.0,249.5,36.11,14.5,1.5,3.9,260.0
PROD-15297,2026-06-12,MINE-04,MINE-04-ZONE-B,268.0,224.9,38.6,14.1,1.9,3.9,260.0
PROD-15298,2026-06-12,MINE-04,MINE-04-ZONE-C,268.0,209.3,38.57,12.7,3.3,3.9,260.0
PROD-15299,2026-06-12,MINE-04,MINE-04-ZONE-D,268.0,207.2,32.04,13.4,2.6,3.9,260.0
PROD-15300,2026-06-12,MINE-04,MINE-04-ZONE-E,268.0,213.4,37.0,12.7,3.3,3.9,260.0
PROD-15301,2026-06-13,MINE-01,MINE-01-ZONE-A,312.0,249.1,42.41,13.6,2.4,18.6,260.0
PROD-15302,2026-06-13,MINE-01,MINE-01-ZONE-B,312.0,199.3,42.86,11.5,4.5,18.6,260.0
PROD-15303,2026-06-13,MINE-01,MINE-01-ZONE-C,312.0,249.9,43.44,13.4,2.6,18.6,260.0
PROD-15304,2026-06-13,MINE-01,MINE-01-ZONE-D,312.0,268.5,36.79,14.9,1.1,18.6,260.0
PROD-15305,2026-06-13,MINE-01,MINE-01-ZONE-E,312.0,284.7,38.15,15.3,0.7,18.6,260.0
PROD-15306,2026-06-13,MINE-02,MINE-02-ZONE-A,312.0,221.8,40.24,11.5,4.5,21.2,260.0
PROD-15307,2026-06-13,MINE-02,MINE-02-ZONE-B,312.0,281.9,36.53,15.2,0.8,21.2,260.0
PROD-15308,2026-06-13,MINE-02,MINE-02-ZONE-C,312.0,259.7,36.1,15.0,1.0,21.2,260.0
PROD-15309,2026-06-13,MINE-02,MINE-02-ZONE-D,312.0,206.4,38.19,12.0,4.0,21.2,260.0
PROD-15310,2026-06-13,MINE-02,MINE-02-ZONE-E,312.0,247.0,40.74,13.8,2.2,21.2,260.0
PROD-15311,2026-06-13,MINE-03,MINE-03-ZONE-A,312.0,271.3,41.54,13.9,2.1,0.3,260.0
PROD-15312,2026-06-13,MINE-03,MINE-03-ZONE-B,312.0,306.3,39.7,15.2,0.8,0.3,260.0
PROD-15313,2026-06-13,MINE-03,MINE-03-ZONE-C,312.0,287.7,43.63,14.0,2.0,0.3,260.0
PROD-15314,2026-06-13,MINE-03,MINE-03-ZONE-D,312.0,253.2,32.77,13.2,2.8,0.3,260.0
PROD-15315,2026-06-13,MINE-03,MINE-03-ZONE-E,312.0,265.7,42.77,13.6,2.4,0.3,260.0
PROD-15316,2026-06-13,MINE-04,MINE-04-ZONE-A,312.0,168.7,43.96,9.5,6.5,43.8,260.0
PROD-15317,2026-06-13,MINE-04,MINE-04-ZONE-B,312.0,217.3,34.86,12.5,3.5,43.8,260.0
PROD-15318,2026-06-13,MINE-04,MINE-04-ZONE-C,312.0,200.4,33.0,11.5,4.5,43.8,260.0
PROD-15319,2026-06-13,MINE-04,MINE-04-ZONE-D,312.0,178.6,38.92,11.4,4.6,43.8,260.0
PROD-15320,2026-06-13,MINE-04,MINE-04-ZONE-E,312.0,218.6,40.17,12.7,3.3,43.8,260.0
PROD-15321,2026-06-14,MINE-01,MINE-01-ZONE-A,232.0,192.8,32.03,13.3,2.7,1.2,260.0
PROD-15322,2026-06-14,MINE-01,MINE-01-ZONE-B,232.0,182.6,40.31,12.7,3.3,1.2,260.0
PROD-15323,2026-06-14,MINE-01,MINE-01-ZONE-C,232.0,184.7,37.83,12.4,3.6,1.2,260.0
PROD-15324,2026-06-14,MINE-01,MINE-01-ZONE-D,232.0,167.9,32.47,11.9,4.1,1.2,260.0
PROD-15325,2026-06-14,MINE-01,MINE-01-ZONE-E,232.0,184.6,43.39,13.6,2.4,1.2,260.0
PROD-15326,2026-06-14,MINE-02,MINE-02-ZONE-A,232.0,124.4,35.42,11.1,4.9,62.3,260.0
PROD-15327,2026-06-14,MINE-02,MINE-02-ZONE-B,232.0,156.9,38.95,12.1,3.9,62.3,260.0
PROD-15328,2026-06-14,MINE-02,MINE-02-ZONE-C,232.0,122.0,37.44,10.1,5.9,62.3,260.0
PROD-15329,2026-06-14,MINE-02,MINE-02-ZONE-D,232.0,158.6,36.95,12.4,3.6,62.3,260.0
PROD-15330,2026-06-14,MINE-02,MINE-02-ZONE-E,232.0,116.3,32.81,10.3,5.7,62.3,260.0
PROD-15331,2026-06-14,MINE-03,MINE-03-ZONE-A,232.0,231.2,43.1,15.4,0.6,3.0,260.0
PROD-15332,2026-06-14,MINE-03,MINE-03-ZONE-B,232.0,218.9,41.78,15.3,0.7,3.0,260.0
PROD-15333,2026-06-14,MINE-03,MINE-03-ZONE-C,232.0,201.1,32.34,13.5,2.5,3.0,260.0
PROD-15334,2026-06-14,MINE-03,MINE-03-ZONE-D,232.0,208.8,33.78,14.8,1.2,3.0,260.0
PROD-15335,2026-06-14,MINE-03,MINE-03-ZONE-E,232.0,185.9,33.96,12.8,3.2,3.0,260.0
PROD-15336,2026-06-14,MINE-04,MINE-04-ZONE-A,232.0,120.8,40.44,9.9,6.1,61.6,260.0
PROD-15337,2026-06-14,MINE-04,MINE-04-ZONE-B,232.0,110.1,32.14,10.5,5.5,61.6,260.0
PROD-15338,2026-06-14,MINE-04,MINE-04-ZONE-C,232.0,125.4,42.63,10.3,5.7,61.6,260.0
PROD-15339,2026-06-14,MINE-04,MINE-04-ZONE-D,232.0,139.7,39.24,11.5,4.5,61.6,260.0
PROD-15340,2026-06-14,MINE-04,MINE-04-ZONE-E,232.0,139.5,40.31,11.9,4.1,61.6,260.0
PROD-15341,2026-06-15,MINE-01,MINE-01-ZONE-A,236.0,123.4,39.68,10.3,5.7,91.4,260.0
PROD-15342,2026-06-15,MINE-01,MINE-01-ZONE-B,236.0,99.4,39.14,9.5,6.5,91.4,260.0
PROD-15343,2026-06-15,MINE-01,MINE-01-ZONE-C,236.0,105.6,35.71,10.0,6.0,91.4,260.0
PROD-15344,2026-06-15,MINE-01,MINE-01-ZONE-D,236.0,93.9,33.82,9.7,6.3,91.4,260.0
PROD-15345,2026-06-15,MINE-01,MINE-01-ZONE-E,236.0,115.7,41.16,10.3,5.7,91.4,260.0
PROD-15346,2026-06-15,MINE-02,MINE-02-ZONE-A,236.0,216.7,32.67,14.5,1.5,2.5,260.0
PROD-15347,2026-06-15,MINE-02,MINE-02-ZONE-B,236.0,216.0,36.19,15.2,0.8,2.5,260.0
PROD-15348,2026-06-15,MINE-02,MINE-02-ZONE-C,236.0,182.7,32.47,12.6,3.4,2.5,260.0
PROD-15349,2026-06-15,MINE-02,MINE-02-ZONE-D,236.0,185.5,36.4,12.3,3.7,2.5,260.0
PROD-15350,2026-06-15,MINE-02,MINE-02-ZONE-E,236.0,189.1,34.86,11.9,4.1,2.5,260.0
PROD-15351,2026-06-15,MINE-03,MINE-03-ZONE-A,236.0,186.9,41.21,11.8,4.2,3.2,260.0
PROD-15352,2026-06-15,MINE-03,MINE-03-ZONE-B,236.0,184.0,41.55,12.0,4.0,3.2,260.0
PROD-15353,2026-06-15,MINE-03,MINE-03-ZONE-C,236.0,205.3,41.4,13.9,2.1,3.2,260.0
PROD-15354,2026-06-15,MINE-03,MINE-03-ZONE-D,236.0,187.7,33.38,13.1,2.9,3.2,260.0
PROD-15355,2026-06-15,MINE-03,MINE-03-ZONE-E,236.0,183.3,43.01,12.8,3.2,3.2,260.0
PROD-15356,2026-06-15,MINE-04,MINE-04-ZONE-A,236.0,124.5,37.96,9.7,6.3,30.6,260.0
PROD-15357,2026-06-15,MINE-04,MINE-04-ZONE-B,236.0,177.7,35.61,12.6,3.4,30.6,260.0
PROD-15358,2026-06-15,MINE-04,MINE-04-ZONE-C,236.0,148.3,38.25,10.4,5.6,30.6,260.0
PROD-15359,2026-06-15,MINE-04,MINE-04-ZONE-D,236.0,137.4,38.11,10.5,5.5,30.6,260.0
PROD-15360,2026-06-15,MINE-04,MINE-04-ZONE-E,236.0,162.1,32.42,11.9,4.1,30.6,260.0
PROD-15361,2026-06-16,MINE-01,MINE-01-ZONE-A,240.0,240.5,41.56,15.3,0.7,3.9,260.0
PROD-15362,2026-06-16,MINE-01,MINE-01-ZONE-B,240.0,190.3,40.81,13.5,2.5,3.9,260.0
PROD-15363,2026-06-16,MINE-01,MINE-01-ZONE-C,240.0,188.1,35.19,12.8,3.2,3.9,260.0
PROD-15364,2026-06-16,MINE-01,MINE-01-ZONE-D,240.0,231.8,38.69,15.4,0.6,3.9,260.0
PROD-15365,2026-06-16,MINE-01,MINE-01-ZONE-E,240.0,210.7,41.18,14.7,1.3,3.9,260.0
PROD-15366,2026-06-16,MINE-02,MINE-02-ZONE-A,240.0,226.1,40.84,14.2,1.8,1.8,260.0
PROD-15367,2026-06-16,MINE-02,MINE-02-ZONE-B,240.0,237.3,33.09,15.1,0.9,1.8,260.0
PROD-15368,2026-06-16,MINE-02,MINE-02-ZONE-C,240.0,185.4,38.22,11.6,4.4,1.8,260.0
PROD-15369,2026-06-16,MINE-02,MINE-02-ZONE-D,240.0,194.4,43.55,12.3,3.7,1.8,260.0
PROD-15370,2026-06-16,MINE-02,MINE-02-ZONE-E,240.0,221.6,42.76,14.5,1.5,1.8,260.0
PROD-15371,2026-06-16,MINE-03,MINE-03-ZONE-A,240.0,189.1,40.72,13.1,2.9,21.1,260.0
PROD-15372,2026-06-16,MINE-03,MINE-03-ZONE-B,240.0,193.6,32.92,13.1,2.9,21.1,260.0
PROD-15373,2026-06-16,MINE-03,MINE-03-ZONE-C,240.0,200.4,33.41,14.1,1.9,21.1,260.0
PROD-15374,2026-06-16,MINE-03,MINE-03-ZONE-D,240.0,166.4,39.91,12.8,3.2,21.1,260.0
PROD-15375,2026-06-16,MINE-03,MINE-03-ZONE-E,240.0,168.0,35.3,12.6,3.4,21.1,260.0
PROD-15376,2026-06-16,MINE-04,MINE-04-ZONE-A,240.0,177.5,42.53,11.8,4.2,0.9,260.0
PROD-15377,2026-06-16,MINE-04,MINE-04-ZONE-B,240.0,218.6,39.88,15.3,0.7,0.9,260.0
PROD-15378,2026-06-16,MINE-04,MINE-04-ZONE-C,240.0,196.1,39.39,13.8,2.2,0.9,260.0
PROD-15379,2026-06-16,MINE-04,MINE-04-ZONE-D,240.0,179.9,33.61,11.7,4.3,0.9,260.0
PROD-15380,2026-06-16,MINE-04,MINE-04-ZONE-E,240.0,207.4,38.56,14.2,1.8,0.9,260.0
PROD-15381,2026-06-17,MINE-01,MINE-01-ZONE-A,244.0,140.5,42.44,12.3,3.7,87.7,260.0
PROD-15382,2026-06-17,MINE-01,MINE-01-ZONE-B,244.0,117.2,38.58,9.3,6.7,87.7,260.0
PROD-15383,2026-06-17,MINE-01,MINE-01-ZONE-C,244.0,144.9,43.62,12.6,3.4,87.7,260.0
PROD-15384,2026-06-17,MINE-01,MINE-01-ZONE-D,244.0,117.0,37.65,9.6,6.4,87.7,260.0
PROD-15385,2026-06-17,MINE-01,MINE-01-ZONE-E,244.0,119.0,38.48,10.3,5.7,87.7,260.0
PROD-15386,2026-06-17,MINE-02,MINE-02-ZONE-A,244.0,204.6,35.54,13.7,2.3,1.4,260.0
PROD-15387,2026-06-17,MINE-02,MINE-02-ZONE-B,244.0,213.5,43.5,13.2,2.8,1.4,260.0
PROD-15388,2026-06-17,MINE-02,MINE-02-ZONE-C,244.0,208.0,35.02,13.6,2.4,1.4,260.0
PROD-15389,2026-06-17,MINE-02,MINE-02-ZONE-D,244.0,215.4,34.16,13.6,2.4,1.4,260.0
PROD-15390,2026-06-17,MINE-02,MINE-02-ZONE-E,244.0,207.6,34.2,14.5,1.5,1.4,260.0
PROD-15391,2026-06-17,MINE-03,MINE-03-ZONE-A,244.0,135.7,35.26,11.7,4.3,54.5,260.0
PROD-15392,2026-06-17,MINE-03,MINE-03-ZONE-B,244.0,128.7,42.76,9.8,6.2,54.5,260.0
PROD-15393,2026-06-17,MINE-03,MINE-03-ZONE-C,244.0,155.1,42.07,11.3,4.7,54.5,260.0
PROD-15394,2026-06-17,MINE-03,MINE-03-ZONE-D,244.0,134.0,39.79,10.5,5.5,54.5,260.0
PROD-15395,2026-06-17,MINE-03,MINE-03-ZONE-E,244.0,157.7,38.3,11.2,4.8,54.5,260.0
PROD-15396,2026-06-17,MINE-04,MINE-04-ZONE-A,244.0,158.2,35.35,11.7,4.3,28.3,260.0
PROD-15397,2026-06-17,MINE-04,MINE-04-ZONE-B,244.0,198.5,41.1,13.4,2.6,28.3,260.0
PROD-15398,2026-06-17,MINE-04,MINE-04-ZONE-C,244.0,153.9,32.05,11.6,4.4,28.3,260.0
PROD-15399,2026-06-17,MINE-04,MINE-04-ZONE-D,244.0,177.5,33.63,11.8,4.2,28.3,260.0
PROD-15400,2026-06-17,MINE-04,MINE-04-ZONE-E,244.0,179.4,43.8,11.8,4.2,28.3,260.0
PROD-15401,2026-06-18,MINE-01,MINE-01-ZONE-A,288.0,242.9,32.04,13.8,2.2,23.1,260.0
PROD-15402,2026-06-18,MINE-01,MINE-01-ZONE-B,288.0,240.9,34.18,14.2,1.8,23.1,260.0
PROD-15403,2026-06-18,MINE-01,MINE-01-ZONE-C,288.0,234.4,32.77,13.7,2.3,23.1,260.0
PROD-15404,2026-06-18,MINE-01,MINE-01-ZONE-D,288.0,204.0,36.52,12.7,3.3,23.1,260.0
PROD-15405,2026-06-18,MINE-01,MINE-01-ZONE-E,288.0,246.0,33.33,14.5,1.5,23.1,260.0
PROD-15406,2026-06-18,MINE-02,MINE-02-ZONE-A,288.0,214.5,38.34,12.1,3.9,20.8,260.0
PROD-15407,2026-06-18,MINE-02,MINE-02-ZONE-B,288.0,206.9,34.91,12.3,3.7,20.8,260.0
PROD-15408,2026-06-18,MINE-02,MINE-02-ZONE-C,288.0,217.7,36.89,12.6,3.4,20.8,260.0
PROD-15409,2026-06-18,MINE-02,MINE-02-ZONE-D,288.0,186.2,36.32,11.8,4.2,20.8,260.0
PROD-15410,2026-06-18,MINE-02,MINE-02-ZONE-E,288.0,221.5,40.46,13.3,2.7,20.8,260.0
PROD-15411,2026-06-18,MINE-03,MINE-03-ZONE-A,288.0,203.5,42.76,12.7,3.3,25.2,260.0
PROD-15412,2026-06-18,MINE-03,MINE-03-ZONE-B,288.0,202.4,32.34,11.6,4.4,25.2,260.0
PROD-15413,2026-06-18,MINE-03,MINE-03-ZONE-C,288.0,233.0,38.22,13.8,2.2,25.2,260.0
PROD-15414,2026-06-18,MINE-03,MINE-03-ZONE-D,288.0,213.7,33.23,12.0,4.0,25.2,260.0
PROD-15415,2026-06-18,MINE-03,MINE-03-ZONE-E,288.0,262.4,37.39,15.4,0.6,25.2,260.0
PROD-15416,2026-06-18,MINE-04,MINE-04-ZONE-A,288.0,119.0,32.63,9.3,6.7,81.0,260.0
PROD-15417,2026-06-18,MINE-04,MINE-04-ZONE-B,288.0,146.0,34.12,9.7,6.3,81.0,260.0
PROD-15418,2026-06-18,MINE-04,MINE-04-ZONE-C,288.0,134.0,41.01,9.5,6.5,81.0,260.0
PROD-15419,2026-06-18,MINE-04,MINE-04-ZONE-D,288.0,151.0,39.63,11.0,5.0,81.0,260.0
PROD-15420,2026-06-18,MINE-04,MINE-04-ZONE-E,288.0,162.9,42.47,12.4,3.6,81.0,260.0
PROD-15421,2026-06-19,MINE-01,MINE-01-ZONE-A,292.0,247.7,32.75,14.1,1.9,0.3,260.0
PROD-15422,2026-06-19,MINE-01,MINE-01-ZONE-B,292.0,213.2,32.92,12.3,3.7,0.3,260.0
PROD-15423,2026-06-19,MINE-01,MINE-01-ZONE-C,292.0,227.9,38.53,13.3,2.7,0.3,260.0
PROD-15424,2026-06-19,MINE-01,MINE-01-ZONE-D,292.0,282.0,38.48,14.8,1.2,0.3,260.0
PROD-15425,2026-06-19,MINE-01,MINE-01-ZONE-E,292.0,236.5,36.99,12.3,3.7,0.3,260.0
PROD-15426,2026-06-19,MINE-02,MINE-02-ZONE-A,292.0,177.4,36.16,11.7,4.3,74.3,260.0
PROD-15427,2026-06-19,MINE-02,MINE-02-ZONE-B,292.0,131.1,36.82,9.6,6.4,74.3,260.0
PROD-15428,2026-06-19,MINE-02,MINE-02-ZONE-C,292.0,169.6,40.5,12.1,3.9,74.3,260.0
PROD-15429,2026-06-19,MINE-02,MINE-02-ZONE-D,292.0,168.0,32.34,11.8,4.2,74.3,260.0
PROD-15430,2026-06-19,MINE-02,MINE-02-ZONE-E,292.0,150.4,38.27,10.5,5.5,74.3,260.0
PROD-15431,2026-06-19,MINE-03,MINE-03-ZONE-A,292.0,242.4,34.06,14.1,1.9,2.9,260.0
PROD-15432,2026-06-19,MINE-03,MINE-03-ZONE-B,292.0,237.7,36.57,12.8,3.2,2.9,260.0
PROD-15433,2026-06-19,MINE-03,MINE-03-ZONE-C,292.0,251.1,35.79,13.2,2.8,2.9,260.0
PROD-15434,2026-06-19,MINE-03,MINE-03-ZONE-D,292.0,204.8,39.07,11.7,4.3,2.9,260.0
PROD-15435,2026-06-19,MINE-03,MINE-03-ZONE-E,292.0,228.7,35.72,12.6,3.4,2.9,260.0
PROD-15436,2026-06-19,MINE-04,MINE-04-ZONE-A,292.0,244.8,43.92,13.4,2.6,15.6,260.0
PROD-15437,2026-06-19,MINE-04,MINE-04-ZONE-B,292.0,225.2,37.39,12.1,3.9,15.6,260.0
PROD-15438,2026-06-19,MINE-04,MINE-04-ZONE-C,292.0,257.5,34.91,15.4,0.6,15.6,260.0
PROD-15439,2026-06-19,MINE-04,MINE-04-ZONE-D,292.0,232.9,34.01,12.8,3.2,15.6,260.0
PROD-15440,2026-06-19,MINE-04,MINE-04-ZONE-E,292.0,227.8,42.86,13.0,3.0,15.6,260.0
PROD-15441,2026-06-20,MINE-01,MINE-01-ZONE-A,296.0,262.0,42.38,15.1,0.9,29.1,260.0
PROD-15442,2026-06-20,MINE-01,MINE-01-ZONE-B,296.0,238.0,32.2,14.7,1.3,29.1,260.0
PROD-15443,2026-06-20,MINE-01,MINE-01-ZONE-C,296.0,216.0,38.28,12.0,4.0,29.1,260.0
PROD-15444,2026-06-20,MINE-01,MINE-01-ZONE-D,296.0,184.7,37.31,11.6,4.4,29.1,260.0
PROD-15445,2026-06-20,MINE-01,MINE-01-ZONE-E,296.0,202.0,36.67,12.0,4.0,29.1,260.0
PROD-15446,2026-06-20,MINE-02,MINE-02-ZONE-A,296.0,176.1,39.96,11.3,4.7,54.5,260.0
PROD-15447,2026-06-20,MINE-02,MINE-02-ZONE-B,296.0,178.6,38.35,11.6,4.4,54.5,260.0
PROD-15448,2026-06-20,MINE-02,MINE-02-ZONE-C,296.0,169.2,40.67,10.0,6.0,54.5,260.0
PROD-15449,2026-06-20,MINE-02,MINE-02-ZONE-D,296.0,192.1,42.95,12.4,3.6,54.5,260.0
PROD-15450,2026-06-20,MINE-02,MINE-02-ZONE-E,296.0,165.1,35.22,11.2,4.8,54.5,260.0
PROD-15451,2026-06-20,MINE-03,MINE-03-ZONE-A,296.0,137.0,32.09,9.1,6.9,89.2,260.0
PROD-15452,2026-06-20,MINE-03,MINE-03-ZONE-B,296.0,167.8,41.89,12.3,3.7,89.2,260.0
PROD-15453,2026-06-20,MINE-03,MINE-03-ZONE-C,296.0,165.2,41.76,11.9,4.1,89.2,260.0
PROD-15454,2026-06-20,MINE-03,MINE-03-ZONE-D,296.0,149.9,39.64,10.0,6.0,89.2,260.0
PROD-15455,2026-06-20,MINE-03,MINE-03-ZONE-E,296.0,148.1,42.69,11.5,4.5,89.2,260.0
PROD-15456,2026-06-20,MINE-04,MINE-04-ZONE-A,296.0,287.3,33.55,14.8,1.2,0.2,260.0
PROD-15457,2026-06-20,MINE-04,MINE-04-ZONE-B,296.0,237.6,38.0,12.3,3.7,0.2,260.0
PROD-15458,2026-06-20,MINE-04,MINE-04-ZONE-C,296.0,219.1,35.06,12.6,3.4,0.2,260.0
PROD-15459,2026-06-20,MINE-04,MINE-04-ZONE-D,296.0,270.9,40.47,14.6,1.4,0.2,260.0
PROD-15460,2026-06-20,MINE-04,MINE-04-ZONE-E,296.0,238.3,33.51,13.6,2.4,0.2,260.0
PROD-15461,2026-06-21,MINE-01,MINE-01-ZONE-A,216.0,141.6,40.03,11.2,4.8,37.3,260.0
PROD-15462,2026-06-21,MINE-01,MINE-01-ZONE-B,216.0,151.4,41.79,12.5,3.5,37.3,260.0
PROD-15463,2026-06-21,MINE-01,MINE-01-ZONE-C,216.0,130.2,32.27,9.8,6.2,37.3,260.0
PROD-15464,2026-06-21,MINE-01,MINE-01-ZONE-D,216.0,131.0,32.5,10.2,5.8,37.3,260.0
PROD-15465,2026-06-21,MINE-01,MINE-01-ZONE-E,216.0,110.7,36.11,10.1,5.9,37.3,260.0
PROD-15466,2026-06-21,MINE-02,MINE-02-ZONE-A,216.0,138.5,39.24,11.8,4.2,38.0,260.0
PROD-15467,2026-06-21,MINE-02,MINE-02-ZONE-B,216.0,122.7,43.77,9.8,6.2,38.0,260.0
PROD-15468,2026-06-21,MINE-02,MINE-02-ZONE-C,216.0,129.0,43.8,9.8,6.2,38.0,260.0
PROD-15469,2026-06-21,MINE-02,MINE-02-ZONE-D,216.0,118.2,33.25,10.4,5.6,38.0,260.0
PROD-15470,2026-06-21,MINE-02,MINE-02-ZONE-E,216.0,134.5,42.25,11.1,4.9,38.0,260.0
PROD-15471,2026-06-21,MINE-03,MINE-03-ZONE-A,216.0,213.2,37.06,15.2,0.8,1.0,260.0
PROD-15472,2026-06-21,MINE-03,MINE-03-ZONE-B,216.0,160.5,42.43,12.4,3.6,1.0,260.0
PROD-15473,2026-06-21,MINE-03,MINE-03-ZONE-C,216.0,185.2,42.1,13.7,2.3,1.0,260.0
PROD-15474,2026-06-21,MINE-03,MINE-03-ZONE-D,216.0,151.4,39.3,11.6,4.4,1.0,260.0
PROD-15475,2026-06-21,MINE-03,MINE-03-ZONE-E,216.0,206.4,38.18,14.3,1.7,1.0,260.0
PROD-15476,2026-06-21,MINE-04,MINE-04-ZONE-A,216.0,141.4,40.05,11.8,4.2,22.7,260.0
PROD-15477,2026-06-21,MINE-04,MINE-04-ZONE-B,216.0,161.7,34.25,13.5,2.5,22.7,260.0
PROD-15478,2026-06-21,MINE-04,MINE-04-ZONE-C,216.0,196.6,43.58,14.8,1.2,22.7,260.0
PROD-15479,2026-06-21,MINE-04,MINE-04-ZONE-D,216.0,187.5,35.96,14.8,1.2,22.7,260.0
PROD-15480,2026-06-21,MINE-04,MINE-04-ZONE-E,216.0,181.1,37.25,13.4,2.6,22.7,260.0
PROD-15481,2026-06-22,MINE-01,MINE-01-ZONE-A,220.0,212.0,42.69,15.5,0.5,18.2,260.0
PROD-15482,2026-06-22,MINE-01,MINE-01-ZONE-B,220.0,191.9,43.28,14.5,1.5,18.2,260.0
PROD-15483,2026-06-22,MINE-01,MINE-01-ZONE-C,220.0,174.4,42.1,13.2,2.8,18.2,260.0
PROD-15484,2026-06-22,MINE-01,MINE-01-ZONE-D,220.0,149.7,32.38,11.7,4.3,18.2,260.0
PROD-15485,2026-06-22,MINE-01,MINE-01-ZONE-E,220.0,183.5,39.14,13.8,2.2,18.2,260.0
PROD-15486,2026-06-22,MINE-02,MINE-02-ZONE-A,220.0,114.6,43.33,12.2,3.8,80.8,260.0
PROD-15487,2026-06-22,MINE-02,MINE-02-ZONE-B,220.0,144.1,34.94,12.8,3.2,80.8,260.0
PROD-15488,2026-06-22,MINE-02,MINE-02-ZONE-C,220.0,120.4,34.9,11.0,5.0,80.8,260.0
PROD-15489,2026-06-22,MINE-02,MINE-02-ZONE-D,220.0,95.8,42.41,9.2,6.8,80.8,260.0
PROD-15490,2026-06-22,MINE-02,MINE-02-ZONE-E,220.0,121.1,34.97,11.5,4.5,80.8,260.0
PROD-15491,2026-06-22,MINE-03,MINE-03-ZONE-A,220.0,135.5,35.85,11.3,4.7,50.6,260.0
PROD-15492,2026-06-22,MINE-03,MINE-03-ZONE-B,220.0,117.9,32.91,9.4,6.6,50.6,260.0
PROD-15493,2026-06-22,MINE-03,MINE-03-ZONE-C,220.0,111.5,33.4,10.8,5.2,50.6,260.0
PROD-15494,2026-06-22,MINE-03,MINE-03-ZONE-D,220.0,104.3,35.36,9.7,6.3,50.6,260.0
PROD-15495,2026-06-22,MINE-03,MINE-03-ZONE-E,220.0,109.1,37.5,9.8,6.2,50.6,260.0
PROD-15496,2026-06-22,MINE-04,MINE-04-ZONE-A,220.0,208.6,37.89,15.0,1.0,3.7,260.0
PROD-15497,2026-06-22,MINE-04,MINE-04-ZONE-B,220.0,182.4,43.98,13.5,2.5,3.7,260.0
PROD-15498,2026-06-22,MINE-04,MINE-04-ZONE-C,220.0,156.4,37.18,11.8,4.2,3.7,260.0
PROD-15499,2026-06-22,MINE-04,MINE-04-ZONE-D,220.0,175.6,43.0,13.0,3.0,3.7,260.0
PROD-15500,2026-06-22,MINE-04,MINE-04-ZONE-E,220.0,167.9,43.53,12.8,3.2,3.7,260.0
PROD-15501,2026-06-23,MINE-01,MINE-01-ZONE-A,264.0,209.9,38.84,14.1,1.9,25.9,260.0
PROD-15502,2026-06-23,MINE-01,MINE-01-ZONE-B,264.0,162.3,36.11,11.6,4.4,25.9,260.0
PROD-15503,2026-06-23,MINE-01,MINE-01-ZONE-C,264.0,173.3,39.55,11.9,4.1,25.9,260.0
PROD-15504,2026-06-23,MINE-01,MINE-01-ZONE-D,264.0,234.6,33.0,15.0,1.0,25.9,260.0
PROD-15505,2026-06-23,MINE-01,MINE-01-ZONE-E,264.0,228.7,42.5,15.0,1.0,25.9,260.0
PROD-15506,2026-06-23,MINE-02,MINE-02-ZONE-A,264.0,184.9,32.89,11.7,4.3,3.0,260.0
PROD-15507,2026-06-23,MINE-02,MINE-02-ZONE-B,264.0,234.1,33.93,14.6,1.4,3.0,260.0
PROD-15508,2026-06-23,MINE-02,MINE-02-ZONE-C,264.0,239.4,39.95,14.2,1.8,3.0,260.0
PROD-15509,2026-06-23,MINE-02,MINE-02-ZONE-D,264.0,238.2,32.74,14.0,2.0,3.0,260.0
PROD-15510,2026-06-23,MINE-02,MINE-02-ZONE-E,264.0,229.1,38.36,13.7,2.3,3.0,260.0
PROD-15511,2026-06-23,MINE-03,MINE-03-ZONE-A,264.0,117.0,41.11,9.1,6.9,51.3,260.0
PROD-15512,2026-06-23,MINE-03,MINE-03-ZONE-B,264.0,153.6,42.48,11.4,4.6,51.3,260.0
PROD-15513,2026-06-23,MINE-03,MINE-03-ZONE-C,264.0,154.3,33.11,10.6,5.4,51.3,260.0
PROD-15514,2026-06-23,MINE-03,MINE-03-ZONE-D,264.0,131.6,35.54,9.7,6.3,51.3,260.0
PROD-15515,2026-06-23,MINE-03,MINE-03-ZONE-E,264.0,154.2,41.65,11.8,4.2,51.3,260.0
PROD-15516,2026-06-23,MINE-04,MINE-04-ZONE-A,264.0,258.9,33.63,15.3,0.7,3.6,260.0
PROD-15517,2026-06-23,MINE-04,MINE-04-ZONE-B,264.0,220.1,42.58,13.0,3.0,3.6,260.0
PROD-15518,2026-06-23,MINE-04,MINE-04-ZONE-C,264.0,207.7,40.77,13.6,2.4,3.6,260.0
PROD-15519,2026-06-23,MINE-04,MINE-04-ZONE-D,264.0,211.1,32.68,13.3,2.7,3.6,260.0
PROD-15520,2026-06-23,MINE-04,MINE-04-ZONE-E,264.0,195.0,42.3,12.2,3.8,3.6,260.0
PROD-15521,2026-06-24,MINE-01,MINE-01-ZONE-A,268.0,200.5,41.43,12.3,3.7,30.2,260.0
PROD-15522,2026-06-24,MINE-01,MINE-01-ZONE-B,268.0,145.9,43.9,10.0,6.0,30.2,260.0
PROD-15523,2026-06-24,MINE-01,MINE-01-ZONE-C,268.0,204.1,38.99,13.0,3.0,30.2,260.0
PROD-15524,2026-06-24,MINE-01,MINE-01-ZONE-D,268.0,135.2,35.47,9.0,7.0,30.2,260.0
PROD-15525,2026-06-24,MINE-01,MINE-01-ZONE-E,268.0,156.3,38.91,9.7,6.3,30.2,260.0
PROD-15526,2026-06-24,MINE-02,MINE-02-ZONE-A,268.0,259.9,33.06,15.1,0.9,2.5,260.0
PROD-15527,2026-06-24,MINE-02,MINE-02-ZONE-B,268.0,207.3,40.62,13.3,2.7,2.5,260.0
PROD-15528,2026-06-24,MINE-02,MINE-02-ZONE-C,268.0,210.1,38.86,12.9,3.1,2.5,260.0
PROD-15529,2026-06-24,MINE-02,MINE-02-ZONE-D,268.0,206.3,32.32,13.2,2.8,2.5,260.0
PROD-15530,2026-06-24,MINE-02,MINE-02-ZONE-E,268.0,195.5,42.96,11.8,4.2,2.5,260.0
PROD-15531,2026-06-24,MINE-03,MINE-03-ZONE-A,268.0,200.6,39.86,12.6,3.4,30.7,260.0
PROD-15532,2026-06-24,MINE-03,MINE-03-ZONE-B,268.0,137.7,36.88,9.4,6.6,30.7,260.0
PROD-15533,2026-06-24,MINE-03,MINE-03-ZONE-C,268.0,205.1,33.04,12.7,3.3,30.7,260.0
PROD-15534,2026-06-24,MINE-03,MINE-03-ZONE-D,268.0,126.8,41.6,9.1,6.9,30.7,260.0
PROD-15535,2026-06-24,MINE-03,MINE-03-ZONE-E,268.0,159.0,34.8,10.0,6.0,30.7,260.0
PROD-15536,2026-06-24,MINE-04,MINE-04-ZONE-A,268.0,196.6,37.68,12.3,3.7,25.5,260.0
PROD-15537,2026-06-24,MINE-04,MINE-04-ZONE-B,268.0,230.4,40.23,14.7,1.3,25.5,260.0
PROD-15538,2026-06-24,MINE-04,MINE-04-ZONE-C,268.0,203.7,37.54,13.8,2.2,25.5,260.0
PROD-15539,2026-06-24,MINE-04,MINE-04-ZONE-D,268.0,193.3,37.92,13.3,2.7,25.5,260.0
PROD-15540,2026-06-24,MINE-04,MINE-04-ZONE-E,268.0,210.1,41.22,14.3,1.7,25.5,260.0
PROD-15541,2026-06-25,MINE-01,MINE-01-ZONE-A,272.0,260.8,39.43,14.9,1.1,0.9,260.0
PROD-15542,2026-06-25,MINE-01,MINE-01-ZONE-B,272.0,209.7,38.03,12.0,4.0,0.9,260.0
PROD-15543,2026-06-25,MINE-01,MINE-01-ZONE-C,272.0,181.2,35.48,11.5,4.5,0.9,260.0
PROD-15544,2026-06-25,MINE-01,MINE-01-ZONE-D,272.0,207.0,33.95,12.1,3.9,0.9,260.0
PROD-15545,2026-06-25,MINE-01,MINE-01-ZONE-E,272.0,230.3,38.67,13.4,2.6,0.9,260.0
PROD-15546,2026-06-25,MINE-02,MINE-02-ZONE-A,272.0,225.5,38.94,12.9,3.1,0.2,260.0
PROD-15547,2026-06-25,MINE-02,MINE-02-ZONE-B,272.0,211.5,36.33,12.8,3.2,0.2,260.0
PROD-15548,2026-06-25,MINE-02,MINE-02-ZONE-C,272.0,259.5,33.29,14.7,1.3,0.2,260.0
PROD-15549,2026-06-25,MINE-02,MINE-02-ZONE-D,272.0,227.0,38.16,13.2,2.8,0.2,260.0
PROD-15550,2026-06-25,MINE-02,MINE-02-ZONE-E,272.0,249.8,35.85,15.2,0.8,0.2,260.0
PROD-15551,2026-06-25,MINE-03,MINE-03-ZONE-A,272.0,141.6,40.35,9.1,6.9,42.9,260.0
PROD-15552,2026-06-25,MINE-03,MINE-03-ZONE-B,272.0,200.4,34.8,12.6,3.4,42.9,260.0
PROD-15553,2026-06-25,MINE-03,MINE-03-ZONE-C,272.0,178.3,36.78,11.3,4.7,42.9,260.0
PROD-15554,2026-06-25,MINE-03,MINE-03-ZONE-D,272.0,183.6,43.11,12.8,3.2,42.9,260.0
PROD-15555,2026-06-25,MINE-03,MINE-03-ZONE-E,272.0,155.4,42.94,9.5,6.5,42.9,260.0
PROD-15556,2026-06-25,MINE-04,MINE-04-ZONE-A,272.0,266.4,34.61,15.2,0.8,3.5,260.0
PROD-15557,2026-06-25,MINE-04,MINE-04-ZONE-B,272.0,225.6,39.42,13.3,2.7,3.5,260.0
PROD-15558,2026-06-25,MINE-04,MINE-04-ZONE-C,272.0,209.0,37.75,11.9,4.1,3.5,260.0
PROD-15559,2026-06-25,MINE-04,MINE-04-ZONE-D,272.0,268.4,32.36,15.4,0.6,3.5,260.0
PROD-15560,2026-06-25,MINE-04,MINE-04-ZONE-E,272.0,235.1,33.91,14.5,1.5,3.5,260.0
PROD-15561,2026-06-26,MINE-01,MINE-01-ZONE-A,276.0,155.4,35.27,9.9,6.1,58.5,260.0
PROD-15562,2026-06-26,MINE-01,MINE-01-ZONE-B,276.0,142.2,37.16,9.8,6.2,58.5,260.0
PROD-15563,2026-06-26,MINE-01,MINE-01-ZONE-C,276.0,118.1,42.73,9.2,6.8,58.5,260.0
PROD-15564,2026-06-26,MINE-01,MINE-01-ZONE-D,276.0,154.6,32.7,11.1,4.9,58.5,260.0
PROD-15565,2026-06-26,MINE-01,MINE-01-ZONE-E,276.0,142.3,41.01,10.1,5.9,58.5,260.0
PROD-15566,2026-06-26,MINE-02,MINE-02-ZONE-A,276.0,260.9,39.84,14.9,1.1,3.1,260.0
PROD-15567,2026-06-26,MINE-02,MINE-02-ZONE-B,276.0,241.9,36.53,14.9,1.1,3.1,260.0
PROD-15568,2026-06-26,MINE-02,MINE-02-ZONE-C,276.0,202.1,32.31,12.5,3.5,3.1,260.0
PROD-15569,2026-06-26,MINE-02,MINE-02-ZONE-D,276.0,251.1,39.71,14.7,1.3,3.1,260.0
PROD-15570,2026-06-26,MINE-02,MINE-02-ZONE-E,276.0,203.1,43.67,12.6,3.4,3.1,260.0
PROD-15571,2026-06-26,MINE-03,MINE-03-ZONE-A,276.0,215.8,32.66,12.8,3.2,29.1,260.0
PROD-15572,2026-06-26,MINE-03,MINE-03-ZONE-B,276.0,200.9,37.27,12.4,3.6,29.1,260.0
PROD-15573,2026-06-26,MINE-03,MINE-03-ZONE-C,276.0,176.4,34.26,12.1,3.9,29.1,260.0
PROD-15574,2026-06-26,MINE-03,MINE-03-ZONE-D,276.0,193.9,42.32,12.1,3.9,29.1,260.0
PROD-15575,2026-06-26,MINE-03,MINE-03-ZONE-E,276.0,229.2,42.44,14.7,1.3,29.1,260.0
PROD-15576,2026-06-26,MINE-04,MINE-04-ZONE-A,276.0,240.9,39.29,15.4,0.6,25.2,260.0
PROD-15577,2026-06-26,MINE-04,MINE-04-ZONE-B,276.0,224.6,42.05,13.9,2.1,25.2,260.0
PROD-15578,2026-06-26,MINE-04,MINE-04-ZONE-C,276.0,227.2,34.95,13.9,2.1,25.2,260.0
PROD-15579,2026-06-26,MINE-04,MINE-04-ZONE-D,276.0,215.5,34.97,12.6,3.4,25.2,260.0
PROD-15580,2026-06-26,MINE-04,MINE-04-ZONE-E,276.0,189.3,37.92,12.7,3.3,25.2,260.0
PROD-15581,2026-06-27,MINE-01,MINE-01-ZONE-A,280.0,132.8,41.83,10.0,6.0,70.0,260.0
PROD-15582,2026-06-27,MINE-01,MINE-01-ZONE-B,280.0,139.3,42.4,9.9,6.1,70.0,260.0
PROD-15583,2026-06-27,MINE-01,MINE-01-ZONE-C,280.0,180.3,38.71,12.7,3.3,70.0,260.0
PROD-15584,2026-06-27,MINE-01,MINE-01-ZONE-D,280.0,159.1,35.58,12.2,3.8,70.0,260.0
PROD-15585,2026-06-27,MINE-01,MINE-01-ZONE-E,280.0,141.7,36.87,9.6,6.4,70.0,260.0
PROD-15586,2026-06-27,MINE-02,MINE-02-ZONE-A,280.0,215.6,35.52,11.9,4.1,1.6,260.0
PROD-15587,2026-06-27,MINE-02,MINE-02-ZONE-B,280.0,210.2,38.31,12.0,4.0,1.6,260.0
PROD-15588,2026-06-27,MINE-02,MINE-02-ZONE-C,280.0,267.3,34.05,14.7,1.3,1.6,260.0
PROD-15589,2026-06-27,MINE-02,MINE-02-ZONE-D,280.0,239.9,32.06,13.6,2.4,1.6,260.0
PROD-15590,2026-06-27,MINE-02,MINE-02-ZONE-E,280.0,220.5,38.3,13.2,2.8,1.6,260.0
PROD-15591,2026-06-27,MINE-03,MINE-03-ZONE-A,280.0,137.6,42.06,9.4,6.6,79.7,260.0
PROD-15592,2026-06-27,MINE-03,MINE-03-ZONE-B,280.0,161.3,43.35,12.4,3.6,79.7,260.0
PROD-15593,2026-06-27,MINE-03,MINE-03-ZONE-C,280.0,128.8,43.99,10.0,6.0,79.7,260.0
PROD-15594,2026-06-27,MINE-03,MINE-03-ZONE-D,280.0,170.1,33.37,12.5,3.5,79.7,260.0
PROD-15595,2026-06-27,MINE-03,MINE-03-ZONE-E,280.0,140.1,32.29,10.7,5.3,79.7,260.0
PROD-15596,2026-06-27,MINE-04,MINE-04-ZONE-A,280.0,185.4,42.34,12.1,3.9,32.5,260.0
PROD-15597,2026-06-27,MINE-04,MINE-04-ZONE-B,280.0,148.4,37.95,9.9,6.1,32.5,260.0
PROD-15598,2026-06-27,MINE-04,MINE-04-ZONE-C,280.0,161.8,40.53,10.8,5.2,32.5,260.0
PROD-15599,2026-06-27,MINE-04,MINE-04-ZONE-D,280.0,204.0,42.09,12.2,3.8,32.5,260.0
PROD-15600,2026-06-27,MINE-04,MINE-04-ZONE-E,280.0,206.3,38.38,12.2,3.8,32.5,260.0
PROD-15601,2026-06-28,MINE-01,MINE-01-ZONE-A,240.0,150.0,36.93,12.9,3.1,85.0,260.0
PROD-15602,2026-06-28,MINE-01,MINE-01-ZONE-B,240.0,125.7,36.96,11.2,4.8,85.0,260.0
PROD-15603,2026-06-28,MINE-01,MINE-01-ZONE-C,240.0,98.2,37.17,9.4,6.6,85.0,260.0
PROD-15604,2026-06-28,MINE-01,MINE-01-ZONE-D,240.0,130.4,33.18,11.1,4.9,85.0,260.0
PROD-15605,2026-06-28,MINE-01,MINE-01-ZONE-E,240.0,143.2,33.56,12.1,3.9,85.0,260.0
PROD-15606,2026-06-28,MINE-02,MINE-02-ZONE-A,240.0,195.2,35.99,13.9,2.1,2.4,260.0
PROD-15607,2026-06-28,MINE-02,MINE-02-ZONE-B,240.0,179.5,37.77,11.9,4.1,2.4,260.0
PROD-15608,2026-06-28,MINE-02,MINE-02-ZONE-C,240.0,222.1,38.16,15.4,0.6,2.4,260.0
PROD-15609,2026-06-28,MINE-02,MINE-02-ZONE-D,240.0,218.9,40.99,15.5,0.5,2.4,260.0
PROD-15610,2026-06-28,MINE-02,MINE-02-ZONE-E,240.0,223.4,36.44,14.4,1.6,2.4,260.0
PROD-15611,2026-06-28,MINE-03,MINE-03-ZONE-A,240.0,147.8,35.74,12.3,3.7,45.3,260.0
PROD-15612,2026-06-28,MINE-03,MINE-03-ZONE-B,240.0,153.2,32.82,12.1,3.9,45.3,260.0
PROD-15613,2026-06-28,MINE-03,MINE-03-ZONE-C,240.0,142.9,33.22,11.3,4.7,45.3,260.0
PROD-15614,2026-06-28,MINE-03,MINE-03-ZONE-D,240.0,135.0,34.38,11.5,4.5,45.3,260.0
PROD-15615,2026-06-28,MINE-03,MINE-03-ZONE-E,240.0,136.7,39.29,11.5,4.5,45.3,260.0
PROD-15616,2026-06-28,MINE-04,MINE-04-ZONE-A,240.0,215.8,41.39,13.9,2.1,0.3,260.0
PROD-15617,2026-06-28,MINE-04,MINE-04-ZONE-B,240.0,217.6,35.24,14.1,1.9,0.3,260.0
PROD-15618,2026-06-28,MINE-04,MINE-04-ZONE-C,240.0,186.1,34.11,11.6,4.4,0.3,260.0
PROD-15619,2026-06-28,MINE-04,MINE-04-ZONE-D,240.0,222.4,36.56,13.9,2.1,0.3,260.0
PROD-15620,2026-06-28,MINE-04,MINE-04-ZONE-E,240.0,200.1,43.32,12.5,3.5,0.3,260.0
PROD-15621,2026-06-29,MINE-01,MINE-01-ZONE-A,244.0,189.8,38.0,11.6,4.4,3.4,260.0
PROD-15622,2026-06-29,MINE-01,MINE-01-ZONE-B,244.0,220.9,32.33,15.1,0.9,3.4,260.0
PROD-15623,2026-06-29,MINE-01,MINE-01-ZONE-C,244.0,224.8,35.27,14.3,1.7,3.4,260.0
PROD-15624,2026-06-29,MINE-01,MINE-01-ZONE-D,244.0,186.6,36.06,12.8,3.2,3.4,260.0
PROD-15625,2026-06-29,MINE-01,MINE-01-ZONE-E,244.0,204.5,41.46,13.2,2.8,3.4,260.0
PROD-15626,2026-06-29,MINE-02,MINE-02-ZONE-A,244.0,162.2,32.08,12.9,3.1,44.9,260.0
PROD-15627,2026-06-29,MINE-02,MINE-02-ZONE-B,244.0,170.6,36.96,12.7,3.3,44.9,260.0
PROD-15628,2026-06-29,MINE-02,MINE-02-ZONE-C,244.0,109.6,41.31,9.1,6.9,44.9,260.0
PROD-15629,2026-06-29,MINE-02,MINE-02-ZONE-D,244.0,135.5,36.52,9.2,6.8,44.9,260.0
PROD-15630,2026-06-29,MINE-02,MINE-02-ZONE-E,244.0,153.4,40.24,10.7,5.3,44.9,260.0
PROD-15631,2026-06-29,MINE-03,MINE-03-ZONE-A,244.0,121.6,40.72,10.2,5.8,82.6,260.0
PROD-15632,2026-06-29,MINE-03,MINE-03-ZONE-B,244.0,120.9,41.64,9.9,6.1,82.6,260.0
PROD-15633,2026-06-29,MINE-03,MINE-03-ZONE-C,244.0,131.7,38.42,11.4,4.6,82.6,260.0
PROD-15634,2026-06-29,MINE-03,MINE-03-ZONE-D,244.0,130.5,43.31,10.4,5.6,82.6,260.0
PROD-15635,2026-06-29,MINE-03,MINE-03-ZONE-E,244.0,139.6,37.41,11.7,4.3,82.6,260.0
PROD-15636,2026-06-29,MINE-04,MINE-04-ZONE-A,244.0,179.4,35.1,11.6,4.4,0.2,260.0
PROD-15637,2026-06-29,MINE-04,MINE-04-ZONE-B,244.0,192.1,33.02,12.4,3.6,0.2,260.0
PROD-15638,2026-06-29,MINE-04,MINE-04-ZONE-C,244.0,207.3,32.4,12.8,3.2,0.2,260.0
PROD-15639,2026-06-29,MINE-04,MINE-04-ZONE-D,244.0,219.3,41.64,15.0,1.0,0.2,260.0
PROD-15640,2026-06-29,MINE-04,MINE-04-ZONE-E,244.0,198.1,41.04,12.3,3.7,0.2,260.0
PROD-15641,2026-06-30,MINE-01,MINE-01-ZONE-A,248.0,173.5,41.79,11.7,4.3,0.1,260.0
PROD-15642,2026-06-30,MINE-01,MINE-01-ZONE-B,248.0,203.3,34.27,13.0,3.0,0.1,260.0
PROD-15643,2026-06-30,MINE-01,MINE-01-ZONE-C,248.0,192.9,37.56,12.5,3.5,0.1,260.0
PROD-15644,2026-06-30,MINE-01,MINE-01-ZONE-D,248.0,236.2,41.73,15.4,0.6,0.1,260.0
PROD-15645,2026-06-30,MINE-01,MINE-01-ZONE-E,248.0,177.8,39.93,11.8,4.2,0.1,260.0
PROD-15646,2026-06-30,MINE-02,MINE-02-ZONE-A,248.0,143.8,35.66,11.7,4.3,80.5,260.0
PROD-15647,2026-06-30,MINE-02,MINE-02-ZONE-B,248.0,158.2,35.06,12.3,3.7,80.5,260.0
PROD-15648,2026-06-30,MINE-02,MINE-02-ZONE-C,248.0,120.1,38.91,10.5,5.5,80.5,260.0
PROD-15649,2026-06-30,MINE-02,MINE-02-ZONE-D,248.0,148.8,43.77,11.8,4.2,80.5,260.0
PROD-15650,2026-06-30,MINE-02,MINE-02-ZONE-E,248.0,116.8,40.34,10.0,6.0,80.5,260.0
PROD-15651,2026-06-30,MINE-03,MINE-03-ZONE-A,248.0,121.2,33.57,9.1,6.9,71.3,260.0
PROD-15652,2026-06-30,MINE-03,MINE-03-ZONE-B,248.0,141.4,43.61,11.6,4.4,71.3,260.0
PROD-15653,2026-06-30,MINE-03,MINE-03-ZONE-C,248.0,167.5,40.91,12.6,3.4,71.3,260.0
PROD-15654,2026-06-30,MINE-03,MINE-03-ZONE-D,248.0,122.6,42.37,9.0,7.0,71.3,260.0
PROD-15655,2026-06-30,MINE-03,MINE-03-ZONE-E,248.0,125.1,35.25,10.4,5.6,71.3,260.0
PROD-15656,2026-06-30,MINE-04,MINE-04-ZONE-A,248.0,132.4,35.41,11.2,4.8,88.5,260.0
PROD-15657,2026-06-30,MINE-04,MINE-04-ZONE-B,248.0,116.4,34.81,10.0,6.0,88.5,260.0
PROD-15658,2026-06-30,MINE-04,MINE-04-ZONE-C,248.0,126.7,40.54,10.3,5.7,88.5,260.0
PROD-15659,2026-06-30,MINE-04,MINE-04-ZONE-D,248.0,132.7,37.07,10.8,5.2,88.5,260.0
PROD-15660,2026-06-30,MINE-04,MINE-04-ZONE-E,248.0,107.4,37.84,9.4,6.6,88.5,260.0
PROD-15661,2026-07-01,MINE-01,MINE-01-ZONE-A,252.0,249.1,42.23,15.1,0.9,3.4,260.0
PROD-15662,2026-07-01,MINE-01,MINE-01-ZONE-B,252.0,236.9,37.58,15.3,0.7,3.4,260.0
PROD-15663,2026-07-01,MINE-01,MINE-01-ZONE-C,252.0,168.9,40.2,11.6,4.4,3.4,260.0
PROD-15664,2026-07-01,MINE-01,MINE-01-ZONE-D,252.0,206.7,36.05,13.0,3.0,3.4,260.0
PROD-15665,2026-07-01,MINE-01,MINE-01-ZONE-E,252.0,203.9,40.86,13.9,2.1,3.4,260.0
PROD-15666,2026-07-01,MINE-02,MINE-02-ZONE-A,252.0,163.4,43.99,12.8,3.2,51.7,260.0
PROD-15667,2026-07-01,MINE-02,MINE-02-ZONE-B,252.0,124.4,38.71,9.2,6.8,51.7,260.0
PROD-15668,2026-07-01,MINE-02,MINE-02-ZONE-C,252.0,180.3,35.46,12.6,3.4,51.7,260.0
PROD-15669,2026-07-01,MINE-02,MINE-02-ZONE-D,252.0,151.5,42.17,10.5,5.5,51.7,260.0
PROD-15670,2026-07-01,MINE-02,MINE-02-ZONE-E,252.0,124.8,36.21,9.8,6.2,51.7,260.0
PROD-15671,2026-07-01,MINE-03,MINE-03-ZONE-A,252.0,181.3,41.76,12.4,3.6,49.4,260.0
PROD-15672,2026-07-01,MINE-03,MINE-03-ZONE-B,252.0,149.1,37.8,10.8,5.2,49.4,260.0
PROD-15673,2026-07-01,MINE-03,MINE-03-ZONE-C,252.0,147.5,40.56,10.3,5.7,49.4,260.0
PROD-15674,2026-07-01,MINE-03,MINE-03-ZONE-D,252.0,133.5,38.89,9.6,6.4,49.4,260.0
PROD-15675,2026-07-01,MINE-03,MINE-03-ZONE-E,252.0,149.7,32.58,10.8,5.2,49.4,260.0
PROD-15676,2026-07-01,MINE-04,MINE-04-ZONE-A,252.0,165.1,36.54,12.4,3.6,71.2,260.0
PROD-15677,2026-07-01,MINE-04,MINE-04-ZONE-B,252.0,143.6,37.67,10.5,5.5,71.2,260.0
PROD-15678,2026-07-01,MINE-04,MINE-04-ZONE-C,252.0,115.4,38.72,9.7,6.3,71.2,260.0
PROD-15679,2026-07-01,MINE-04,MINE-04-ZONE-D,252.0,124.5,32.78,9.5,6.5,71.2,260.0
PROD-15680,2026-07-01,MINE-04,MINE-04-ZONE-E,252.0,149.6,37.62,10.9,5.1,71.2,260.0
PROD-15681,2026-07-02,MINE-01,MINE-01-ZONE-A,256.0,253.7,41.48,15.3,0.7,3.8,260.0
PROD-15682,2026-07-02,MINE-01,MINE-01-ZONE-B,256.0,240.7,43.23,14.4,1.6,3.8,260.0
PROD-15683,2026-07-02,MINE-01,MINE-01-ZONE-C,256.0,215.8,33.39,13.5,2.5,3.8,260.0
PROD-15684,2026-07-02,MINE-01,MINE-01-ZONE-D,256.0,205.6,43.2,13.8,2.2,3.8,260.0
PROD-15685,2026-07-02,MINE-01,MINE-01-ZONE-E,256.0,225.8,39.8,14.5,1.5,3.8,260.0
PROD-15686,2026-07-02,MINE-02,MINE-02-ZONE-A,256.0,191.1,42.28,11.6,4.4,17.0,260.0
PROD-15687,2026-07-02,MINE-02,MINE-02-ZONE-B,256.0,227.9,37.49,14.5,1.5,17.0,260.0
PROD-15688,2026-07-02,MINE-02,MINE-02-ZONE-C,256.0,176.9,41.21,12.3,3.7,17.0,260.0
PROD-15689,2026-07-02,MINE-02,MINE-02-ZONE-D,256.0,181.9,43.52,12.0,4.0,17.0,260.0
PROD-15690,2026-07-02,MINE-02,MINE-02-ZONE-E,256.0,190.4,43.01,12.2,3.8,17.0,260.0
PROD-15691,2026-07-02,MINE-03,MINE-03-ZONE-A,256.0,143.2,43.64,9.6,6.4,39.8,260.0
PROD-15692,2026-07-02,MINE-03,MINE-03-ZONE-B,256.0,173.2,40.66,12.3,3.7,39.8,260.0
PROD-15693,2026-07-02,MINE-03,MINE-03-ZONE-C,256.0,150.2,40.1,11.1,4.9,39.8,260.0
PROD-15694,2026-07-02,MINE-03,MINE-03-ZONE-D,256.0,128.1,32.06,9.1,6.9,39.8,260.0
PROD-15695,2026-07-02,MINE-03,MINE-03-ZONE-E,256.0,158.2,33.45,11.1,4.9,39.8,260.0
PROD-15696,2026-07-02,MINE-04,MINE-04-ZONE-A,256.0,171.9,36.01,12.4,3.6,31.6,260.0
PROD-15697,2026-07-02,MINE-04,MINE-04-ZONE-B,256.0,170.1,39.8,12.6,3.4,31.6,260.0
PROD-15698,2026-07-02,MINE-04,MINE-04-ZONE-C,256.0,153.2,38.61,9.9,6.1,31.6,260.0
PROD-15699,2026-07-02,MINE-04,MINE-04-ZONE-D,256.0,168.1,37.8,12.3,3.7,31.6,260.0
PROD-15700,2026-07-02,MINE-04,MINE-04-ZONE-E,256.0,118.6,36.91,9.1,6.9,31.6,260.0
PROD-15701,2026-07-03,MINE-01,MINE-01-ZONE-A,300.0,168.0,33.78,11.4,4.6,82.0,260.0
PROD-15702,2026-07-03,MINE-01,MINE-01-ZONE-B,300.0,172.1,42.12,11.3,4.7,82.0,260.0
PROD-15703,2026-07-03,MINE-01,MINE-01-ZONE-C,300.0,144.1,38.85,10.8,5.2,82.0,260.0
PROD-15704,2026-07-03,MINE-01,MINE-01-ZONE-D,300.0,126.0,36.92,9.0,7.0,82.0,260.0
PROD-15705,2026-07-03,MINE-01,MINE-01-ZONE-E,300.0,170.9,38.36,11.4,4.6,82.0,260.0
PROD-15706,2026-07-03,MINE-02,MINE-02-ZONE-A,300.0,150.8,32.01,9.1,6.9,54.5,260.0
PROD-15707,2026-07-03,MINE-02,MINE-02-ZONE-B,300.0,207.8,40.94,12.9,3.1,54.5,260.0
PROD-15708,2026-07-03,MINE-02,MINE-02-ZONE-C,300.0,211.6,39.12,13.0,3.0,54.5,260.0
PROD-15709,2026-07-03,MINE-02,MINE-02-ZONE-D,300.0,141.1,41.73,9.1,6.9,54.5,260.0
PROD-15710,2026-07-03,MINE-02,MINE-02-ZONE-E,300.0,182.4,38.33,11.1,4.9,54.5,260.0
PROD-15711,2026-07-03,MINE-03,MINE-03-ZONE-A,300.0,169.9,43.03,11.0,5.0,70.1,260.0
PROD-15712,2026-07-03,MINE-03,MINE-03-ZONE-B,300.0,149.1,41.69,10.2,5.8,70.1,260.0
PROD-15713,2026-07-03,MINE-03,MINE-03-ZONE-C,300.0,148.4,37.98,10.7,5.3,70.1,260.0
PROD-15714,2026-07-03,MINE-03,MINE-03-ZONE-D,300.0,149.7,32.42,9.6,6.4,70.1,260.0
PROD-15715,2026-07-03,MINE-03,MINE-03-ZONE-E,300.0,146.4,34.81,9.1,6.9,70.1,260.0
PROD-15716,2026-07-03,MINE-04,MINE-04-ZONE-A,300.0,171.9,40.07,11.0,5.0,60.0,260.0
PROD-15717,2026-07-03,MINE-04,MINE-04-ZONE-B,300.0,156.6,35.65,10.2,5.8,60.0,260.0
PROD-15718,2026-07-03,MINE-04,MINE-04-ZONE-C,300.0,169.5,40.21,11.2,4.8,60.0,260.0
PROD-15719,2026-07-03,MINE-04,MINE-04-ZONE-D,300.0,156.9,42.23,10.5,5.5,60.0,260.0
PROD-15720,2026-07-03,MINE-04,MINE-04-ZONE-E,300.0,155.9,35.23,9.8,6.2,60.0,260.0
PROD-15721,2026-07-04,MINE-01,MINE-01-ZONE-A,304.0,180.6,33.6,11.6,4.4,51.9,260.0
PROD-15722,2026-07-04,MINE-01,MINE-01-ZONE-B,304.0,173.9,35.31,11.1,4.9,51.9,260.0
PROD-15723,2026-07-04,MINE-01,MINE-01-ZONE-C,304.0,159.1,38.03,9.9,6.1,51.9,260.0
PROD-15724,2026-07-04,MINE-01,MINE-01-ZONE-D,304.0,182.2,37.98,11.2,4.8,51.9,260.0
PROD-15725,2026-07-04,MINE-01,MINE-01-ZONE-E,304.0,156.8,43.03,10.7,5.3,51.9,260.0
PROD-15726,2026-07-04,MINE-02,MINE-02-ZONE-A,304.0,281.7,41.18,15.3,0.7,3.7,260.0
PROD-15727,2026-07-04,MINE-02,MINE-02-ZONE-B,304.0,221.7,37.25,12.5,3.5,3.7,260.0
PROD-15728,2026-07-04,MINE-02,MINE-02-ZONE-C,304.0,281.4,43.72,14.8,1.2,3.7,260.0
PROD-15729,2026-07-04,MINE-02,MINE-02-ZONE-D,304.0,276.2,40.92,15.3,0.7,3.7,260.0
PROD-15730,2026-07-04,MINE-02,MINE-02-ZONE-E,304.0,252.6,36.14,12.8,3.2,3.7,260.0
PROD-15731,2026-07-04,MINE-03,MINE-03-ZONE-A,304.0,141.3,37.32,9.2,6.8,56.6,260.0
PROD-15732,2026-07-04,MINE-03,MINE-03-ZONE-B,304.0,192.6,40.59,12.0,4.0,56.6,260.0
PROD-15733,2026-07-04,MINE-03,MINE-03-ZONE-C,304.0,218.3,41.04,12.9,3.1,56.6,260.0
PROD-15734,2026-07-04,MINE-03,MINE-03-ZONE-D,304.0,161.3,32.47,9.7,6.3,56.6,260.0
PROD-15735,2026-07-04,MINE-03,MINE-03-ZONE-E,304.0,176.4,37.19,11.5,4.5,56.6,260.0
PROD-15736,2026-07-04,MINE-04,MINE-04-ZONE-A,304.0,168.1,35.26,11.6,4.4,85.8,260.0
PROD-15737,2026-07-04,MINE-04,MINE-04-ZONE-B,304.0,160.2,33.47,11.4,4.6,85.8,260.0
PROD-15738,2026-07-04,MINE-04,MINE-04-ZONE-C,304.0,165.4,37.79,11.6,4.4,85.8,260.0
PROD-15739,2026-07-04,MINE-04,MINE-04-ZONE-D,304.0,151.0,32.3,10.5,5.5,85.8,260.0
PROD-15740,2026-07-04,MINE-04,MINE-04-ZONE-E,304.0,138.2,42.06,10.1,5.9,85.8,260.0
PROD-15741,2026-07-05,MINE-01,MINE-01-ZONE-A,224.0,134.0,41.2,12.2,3.8,84.9,260.0
PROD-15742,2026-07-05,MINE-01,MINE-01-ZONE-B,224.0,101.9,33.63,10.6,5.4,84.9,260.0
PROD-15743,2026-07-05,MINE-01,MINE-01-ZONE-C,224.0,109.4,35.09,11.3,4.7,84.9,260.0
PROD-15744,2026-07-05,MINE-01,MINE-01-ZONE-D,224.0,142.7,40.37,12.4,3.6,84.9,260.0
PROD-15745,2026-07-05,MINE-01,MINE-01-ZONE-E,224.0,142.8,38.24,12.4,3.6,84.9,260.0
PROD-15746,2026-07-05,MINE-02,MINE-02-ZONE-A,224.0,200.6,41.99,13.6,2.4,2.9,260.0
PROD-15747,2026-07-05,MINE-02,MINE-02-ZONE-B,224.0,169.2,34.12,12.2,3.8,2.9,260.0
PROD-15748,2026-07-05,MINE-02,MINE-02-ZONE-C,224.0,199.5,33.22,14.2,1.8,2.9,260.0
PROD-15749,2026-07-05,MINE-02,MINE-02-ZONE-D,224.0,194.5,37.66,14.6,1.4,2.9,260.0
PROD-15750,2026-07-05,MINE-02,MINE-02-ZONE-E,224.0,178.1,42.62,12.4,3.6,2.9,260.0
PROD-15751,2026-07-05,MINE-03,MINE-03-ZONE-A,224.0,221.3,35.75,15.5,0.5,2.3,260.0
PROD-15752,2026-07-05,MINE-03,MINE-03-ZONE-B,224.0,171.9,42.75,12.9,3.1,2.3,260.0
PROD-15753,2026-07-05,MINE-03,MINE-03-ZONE-C,224.0,202.8,35.21,14.7,1.3,2.3,260.0
PROD-15754,2026-07-05,MINE-03,MINE-03-ZONE-D,224.0,216.0,34.36,14.7,1.3,2.3,260.0
PROD-15755,2026-07-05,MINE-03,MINE-03-ZONE-E,224.0,212.4,42.65,15.0,1.0,2.3,260.0
PROD-15756,2026-07-05,MINE-04,MINE-04-ZONE-A,224.0,186.5,36.41,13.4,2.6,3.8,260.0
PROD-15757,2026-07-05,MINE-04,MINE-04-ZONE-B,224.0,194.0,33.53,13.0,3.0,3.8,260.0
PROD-15758,2026-07-05,MINE-04,MINE-04-ZONE-C,224.0,190.3,39.51,12.9,3.1,3.8,260.0
PROD-15759,2026-07-05,MINE-04,MINE-04-ZONE-D,224.0,212.1,37.28,15.4,0.6,3.8,260.0
PROD-15760,2026-07-05,MINE-04,MINE-04-ZONE-E,224.0,190.3,39.7,13.1,2.9,3.8,260.0
PROD-15761,2026-07-06,MINE-01,MINE-01-ZONE-A,228.0,156.6,40.13,11.5,4.5,41.4,260.0
PROD-15762,2026-07-06,MINE-01,MINE-01-ZONE-B,228.0,136.2,39.9,11.1,4.9,41.4,260.0
PROD-15763,2026-07-06,MINE-01,MINE-01-ZONE-C,228.0,146.6,39.83,10.8,5.2,41.4,260.0
PROD-15764,2026-07-06,MINE-01,MINE-01-ZONE-D,228.0,139.6,40.47,11.5,4.5,41.4,260.0
PROD-15765,2026-07-06,MINE-01,MINE-01-ZONE-E,228.0,154.1,40.29,11.8,4.2,41.4,260.0
PROD-15766,2026-07-06,MINE-02,MINE-02-ZONE-A,228.0,140.3,40.36,12.6,3.4,72.2,260.0
PROD-15767,2026-07-06,MINE-02,MINE-02-ZONE-B,228.0,108.3,40.02,9.8,6.2,72.2,260.0
PROD-15768,2026-07-06,MINE-02,MINE-02-ZONE-C,228.0,112.1,34.48,11.3,4.7,72.2,260.0
PROD-15769,2026-07-06,MINE-02,MINE-02-ZONE-D,228.0,148.1,34.38,12.4,3.6,72.2,260.0
PROD-15770,2026-07-06,MINE-02,MINE-02-ZONE-E,228.0,115.6,37.14,9.1,6.9,72.2,260.0
PROD-15771,2026-07-06,MINE-03,MINE-03-ZONE-A,228.0,114.8,35.16,10.9,5.1,94.5,260.0
PROD-15772,2026-07-06,MINE-03,MINE-03-ZONE-B,228.0,94.7,38.67,9.2,6.8,94.5,260.0
PROD-15773,2026-07-06,MINE-03,MINE-03-ZONE-C,228.0,109.4,34.65,10.5,5.5,94.5,260.0
PROD-15774,2026-07-06,MINE-03,MINE-03-ZONE-D,228.0,126.7,37.62,11.2,4.8,94.5,260.0
PROD-15775,2026-07-06,MINE-03,MINE-03-ZONE-E,228.0,100.1,42.35,9.3,6.7,94.5,260.0
PROD-15776,2026-07-06,MINE-04,MINE-04-ZONE-A,228.0,111.4,36.47,10.3,5.7,51.7,260.0
PROD-15777,2026-07-06,MINE-04,MINE-04-ZONE-B,228.0,132.3,38.12,12.0,4.0,51.7,260.0
PROD-15778,2026-07-06,MINE-04,MINE-04-ZONE-C,228.0,130.1,37.05,10.0,6.0,51.7,260.0
PROD-15779,2026-07-06,MINE-04,MINE-04-ZONE-D,228.0,135.5,32.97,11.6,4.4,51.7,260.0
PROD-15780,2026-07-06,MINE-04,MINE-04-ZONE-E,228.0,109.9,35.98,10.3,5.7,51.7,260.0
PROD-15781,2026-07-07,MINE-01,MINE-01-ZONE-A,232.0,130.7,42.94,11.4,4.6,65.9,260.0
PROD-15782,2026-07-07,MINE-01,MINE-01-ZONE-B,232.0,118.1,40.05,10.4,5.6,65.9,260.0
PROD-15783,2026-07-07,MINE-01,MINE-01-ZONE-C,232.0,154.5,34.68,12.9,3.1,65.9,260.0
PROD-15784,2026-07-07,MINE-01,MINE-01-ZONE-D,232.0,134.8,33.12,11.8,4.2,65.9,260.0
PROD-15785,2026-07-07,MINE-01,MINE-01-ZONE-E,232.0,139.3,40.14,11.8,4.2,65.9,260.0
PROD-15786,2026-07-07,MINE-02,MINE-02-ZONE-A,232.0,134.6,39.0,11.3,4.7,37.7,260.0
PROD-15787,2026-07-07,MINE-02,MINE-02-ZONE-B,232.0,117.6,40.77,10.1,5.9,37.7,260.0
PROD-15788,2026-07-07,MINE-02,MINE-02-ZONE-C,232.0,150.7,35.73,12.1,3.9,37.7,260.0
PROD-15789,2026-07-07,MINE-02,MINE-02-ZONE-D,232.0,119.9,33.83,9.6,6.4,37.7,260.0
PROD-15790,2026-07-07,MINE-02,MINE-02-ZONE-E,232.0,152.4,36.81,11.7,4.3,37.7,260.0
PROD-15791,2026-07-07,MINE-03,MINE-03-ZONE-A,232.0,103.3,34.47,9.4,6.6,76.4,260.0
PROD-15792,2026-07-07,MINE-03,MINE-03-ZONE-B,232.0,112.6,39.16,10.3,5.7,76.4,260.0
PROD-15793,2026-07-07,MINE-03,MINE-03-ZONE-C,232.0,129.2,39.16,12.0,4.0,76.4,260.0
PROD-15794,2026-07-07,MINE-03,MINE-03-ZONE-D,232.0,147.0,36.17,13.0,3.0,76.4,260.0
PROD-15795,2026-07-07,MINE-03,MINE-03-ZONE-E,232.0,103.1,36.35,9.8,6.2,76.4,260.0
PROD-15796,2026-07-07,MINE-04,MINE-04-ZONE-A,232.0,121.3,34.38,9.9,6.1,62.4,260.0
PROD-15797,2026-07-07,MINE-04,MINE-04-ZONE-B,232.0,131.2,34.61,11.1,4.9,62.4,260.0
PROD-15798,2026-07-07,MINE-04,MINE-04-ZONE-C,232.0,158.0,33.09,12.8,3.2,62.4,260.0
PROD-15799,2026-07-07,MINE-04,MINE-04-ZONE-D,232.0,129.7,43.34,10.4,5.6,62.4,260.0
PROD-15800,2026-07-07,MINE-04,MINE-04-ZONE-E,232.0,104.8,36.51,9.2,6.8,62.4,260.0
PROD-15801,2026-07-08,MINE-01,MINE-01-ZONE-A,276.0,218.4,36.21,12.8,3.2,25.1,260.0
PROD-15802,2026-07-08,MINE-01,MINE-01-ZONE-B,276.0,230.6,34.46,13.9,2.1,25.1,260.0
PROD-15803,2026-07-08,MINE-01,MINE-01-ZONE-C,276.0,193.2,43.36,12.7,3.3,25.1,260.0
PROD-15804,2026-07-08,MINE-01,MINE-01-ZONE-D,276.0,247.0,37.42,14.7,1.3,25.1,260.0
PROD-15805,2026-07-08,MINE-01,MINE-01-ZONE-E,276.0,213.5,32.78,13.2,2.8,25.1,260.0
PROD-15806,2026-07-08,MINE-02,MINE-02-ZONE-A,276.0,118.4,33.15,10.3,5.7,83.3,260.0
PROD-15807,2026-07-08,MINE-02,MINE-02-ZONE-B,276.0,164.8,35.63,12.5,3.5,83.3,260.0
PROD-15808,2026-07-08,MINE-02,MINE-02-ZONE-C,276.0,137.9,43.64,10.9,5.1,83.3,260.0
PROD-15809,2026-07-08,MINE-02,MINE-02-ZONE-D,276.0,165.2,43.71,12.9,3.1,83.3,260.0
PROD-15810,2026-07-08,MINE-02,MINE-02-ZONE-E,276.0,126.8,35.65,10.0,6.0,83.3,260.0
PROD-15811,2026-07-08,MINE-03,MINE-03-ZONE-A,276.0,135.3,38.69,10.0,6.0,87.7,260.0
PROD-15812,2026-07-08,MINE-03,MINE-03-ZONE-B,276.0,141.7,39.97,10.7,5.3,87.7,260.0
PROD-15813,2026-07-08,MINE-03,MINE-03-ZONE-C,276.0,142.0,39.56,10.9,5.1,87.7,260.0
PROD-15814,2026-07-08,MINE-03,MINE-03-ZONE-D,276.0,150.8,37.17,11.9,4.1,87.7,260.0
PROD-15815,2026-07-08,MINE-03,MINE-03-ZONE-E,276.0,172.2,40.05,12.8,3.2,87.7,260.0
PROD-15816,2026-07-08,MINE-04,MINE-04-ZONE-A,276.0,133.7,43.02,10.6,5.4,89.4,260.0
PROD-15817,2026-07-08,MINE-04,MINE-04-ZONE-B,276.0,162.1,40.49,11.8,4.2,89.4,260.0
PROD-15818,2026-07-08,MINE-04,MINE-04-ZONE-C,276.0,135.4,38.71,10.4,5.6,89.4,260.0
PROD-15819,2026-07-08,MINE-04,MINE-04-ZONE-D,276.0,158.3,37.89,12.9,3.1,89.4,260.0
PROD-15820,2026-07-08,MINE-04,MINE-04-ZONE-E,276.0,144.6,37.22,12.0,4.0,89.4,260.0
PROD-15821,2026-07-09,MINE-01,MINE-01-ZONE-A,280.0,210.3,42.97,13.2,2.8,21.2,260.0
PROD-15822,2026-07-09,MINE-01,MINE-01-ZONE-B,280.0,207.2,43.62,12.3,3.7,21.2,260.0
PROD-15823,2026-07-09,MINE-01,MINE-01-ZONE-C,280.0,226.0,42.59,13.3,2.7,21.2,260.0
PROD-15824,2026-07-09,MINE-01,MINE-01-ZONE-D,280.0,213.4,43.34,12.5,3.5,21.2,260.0
PROD-15825,2026-07-09,MINE-01,MINE-01-ZONE-E,280.0,232.7,38.87,14.2,1.8,21.2,260.0
PROD-15826,2026-07-09,MINE-02,MINE-02-ZONE-A,280.0,149.9,36.14,10.4,5.6,52.7,260.0
PROD-15827,2026-07-09,MINE-02,MINE-02-ZONE-B,280.0,135.7,37.31,9.1,6.9,52.7,260.0
PROD-15828,2026-07-09,MINE-02,MINE-02-ZONE-C,280.0,138.5,37.39,9.8,6.2,52.7,260.0
PROD-15829,2026-07-09,MINE-02,MINE-02-ZONE-D,280.0,186.5,41.04,12.6,3.4,52.7,260.0
PROD-15830,2026-07-09,MINE-02,MINE-02-ZONE-E,280.0,176.4,35.28,11.0,5.0,52.7,260.0
PROD-15831,2026-07-09,MINE-03,MINE-03-ZONE-A,280.0,126.2,39.27,9.7,6.3,76.9,260.0
PROD-15832,2026-07-09,MINE-03,MINE-03-ZONE-B,280.0,148.0,34.57,11.4,4.6,76.9,260.0
PROD-15833,2026-07-09,MINE-03,MINE-03-ZONE-C,280.0,162.1,35.88,12.8,3.2,76.9,260.0
PROD-15834,2026-07-09,MINE-03,MINE-03-ZONE-D,280.0,153.3,42.33,12.4,3.6,76.9,260.0
PROD-15835,2026-07-09,MINE-03,MINE-03-ZONE-E,280.0,149.9,36.68,10.4,5.6,76.9,260.0
PROD-15836,2026-07-09,MINE-04,MINE-04-ZONE-A,280.0,231.0,39.68,13.9,2.1,21.3,260.0
PROD-15837,2026-07-09,MINE-04,MINE-04-ZONE-B,280.0,227.6,41.29,14.4,1.6,21.3,260.0
PROD-15838,2026-07-09,MINE-04,MINE-04-ZONE-C,280.0,231.7,36.87,14.6,1.4,21.3,260.0
PROD-15839,2026-07-09,MINE-04,MINE-04-ZONE-D,280.0,247.5,34.24,14.2,1.8,21.3,260.0
PROD-15840,2026-07-09,MINE-04,MINE-04-ZONE-E,280.0,243.0,32.39,15.1,0.9,21.3,260.0
PROD-15841,2026-07-10,MINE-01,MINE-01-ZONE-A,284.0,189.4,32.06,12.1,3.9,37.2,260.0
PROD-15842,2026-07-10,MINE-01,MINE-01-ZONE-B,284.0,161.6,42.41,10.8,5.2,37.2,260.0
PROD-15843,2026-07-10,MINE-01,MINE-01-ZONE-C,284.0,171.9,37.13,11.3,4.7,37.2,260.0
PROD-15844,2026-07-10,MINE-01,MINE-01-ZONE-D,284.0,150.9,32.7,9.4,6.6,37.2,260.0
PROD-15845,2026-07-10,MINE-01,MINE-01-ZONE-E,284.0,167.8,35.31,11.1,4.9,37.2,260.0
PROD-15846,2026-07-10,MINE-02,MINE-02-ZONE-A,284.0,256.6,33.47,13.8,2.2,1.0,260.0
PROD-15847,2026-07-10,MINE-02,MINE-02-ZONE-B,284.0,208.7,32.97,12.5,3.5,1.0,260.0
PROD-15848,2026-07-10,MINE-02,MINE-02-ZONE-C,284.0,271.3,32.53,14.8,1.2,1.0,260.0
PROD-15849,2026-07-10,MINE-02,MINE-02-ZONE-D,284.0,228.0,41.79,12.5,3.5,1.0,260.0
PROD-15850,2026-07-10,MINE-02,MINE-02-ZONE-E,284.0,240.4,36.21,13.9,2.1,1.0,260.0
PROD-15851,2026-07-10,MINE-03,MINE-03-ZONE-A,284.0,136.3,40.53,9.8,6.2,84.3,260.0
PROD-15852,2026-07-10,MINE-03,MINE-03-ZONE-B,284.0,139.4,42.84,10.2,5.8,84.3,260.0
PROD-15853,2026-07-10,MINE-03,MINE-03-ZONE-C,284.0,178.4,35.63,12.8,3.2,84.3,260.0
PROD-15854,2026-07-10,MINE-03,MINE-03-ZONE-D,284.0,158.2,34.58,11.7,4.3,84.3,260.0
PROD-15855,2026-07-10,MINE-03,MINE-03-ZONE-E,284.0,162.9,36.99,11.5,4.5,84.3,260.0
PROD-15856,2026-07-10,MINE-04,MINE-04-ZONE-A,284.0,141.7,33.21,10.1,5.9,64.4,260.0
PROD-15857,2026-07-10,MINE-04,MINE-04-ZONE-B,284.0,167.7,40.99,12.1,3.9,64.4,260.0
PROD-15858,2026-07-10,MINE-04,MINE-04-ZONE-C,284.0,127.6,39.03,9.9,6.1,64.4,260.0
PROD-15859,2026-07-10,MINE-04,MINE-04-ZONE-D,284.0,141.2,41.48,9.9,6.1,64.4,260.0
PROD-15860,2026-07-10,MINE-04,MINE-04-ZONE-E,284.0,200.9,42.61,13.0,3.0,64.4,260.0
PROD-15861,2026-07-11,MINE-01,MINE-01-ZONE-A,288.0,177.8,41.73,12.7,3.3,89.7,260.0
PROD-15862,2026-07-11,MINE-01,MINE-01-ZONE-B,288.0,114.1,38.5,9.6,6.4,89.7,260.0
PROD-15863,2026-07-11,MINE-01,MINE-01-ZONE-C,288.0,125.4,36.62,9.4,6.6,89.7,260.0
PROD-15864,2026-07-11,MINE-01,MINE-01-ZONE-D,288.0,131.6,39.17,9.3,6.7,89.7,260.0
PROD-15865,2026-07-11,MINE-01,MINE-01-ZONE-E,288.0,147.6,33.39,10.6,5.4,89.7,260.0
PROD-15866,2026-07-11,MINE-02,MINE-02-ZONE-A,288.0,140.1,40.69,9.3,6.7,61.9,260.0
PROD-15867,2026-07-11,MINE-02,MINE-02-ZONE-B,288.0,184.8,33.45,12.9,3.1,61.9,260.0
PROD-15868,2026-07-11,MINE-02,MINE-02-ZONE-C,288.0,194.1,41.73,12.6,3.4,61.9,260.0
PROD-15869,2026-07-11,MINE-02,MINE-02-ZONE-D,288.0,190.2,36.94,12.1,3.9,61.9,260.0
PROD-15870,2026-07-11,MINE-02,MINE-02-ZONE-E,288.0,164.2,41.54,11.2,4.8,61.9,260.0
PROD-15871,2026-07-11,MINE-03,MINE-03-ZONE-A,288.0,230.8,38.44,13.5,2.5,16.0,260.0
PROD-15872,2026-07-11,MINE-03,MINE-03-ZONE-B,288.0,224.4,33.77,12.9,3.1,16.0,260.0
PROD-15873,2026-07-11,MINE-03,MINE-03-ZONE-C,288.0,213.6,41.01,12.1,3.9,16.0,260.0
PROD-15874,2026-07-11,MINE-03,MINE-03-ZONE-D,288.0,211.0,42.89,11.7,4.3,16.0,260.0
PROD-15875,2026-07-11,MINE-03,MINE-03-ZONE-E,288.0,210.9,43.87,11.7,4.3,16.0,260.0
PROD-15876,2026-07-11,MINE-04,MINE-04-ZONE-A,288.0,178.8,40.42,12.9,3.1,94.7,260.0
PROD-15877,2026-07-11,MINE-04,MINE-04-ZONE-B,288.0,124.1,43.55,10.6,5.4,94.7,260.0
PROD-15878,2026-07-11,MINE-04,MINE-04-ZONE-C,288.0,165.3,32.89,12.1,3.9,94.7,260.0
PROD-15879,2026-07-11,MINE-04,MINE-04-ZONE-D,288.0,159.5,33.96,12.2,3.8,94.7,260.0
PROD-15880,2026-07-11,MINE-04,MINE-04-ZONE-E,288.0,163.0,43.3,12.5,3.5,94.7,260.0
PROD-15881,2026-07-12,MINE-01,MINE-01-ZONE-A,208.0,145.7,39.99,12.4,3.6,17.4,260.0
PROD-15882,2026-07-12,MINE-01,MINE-01-ZONE-B,208.0,154.0,37.74,11.7,4.3,17.4,260.0
PROD-15883,2026-07-12,MINE-01,MINE-01-ZONE-C,208.0,170.8,37.65,12.8,3.2,17.4,260.0
PROD-15884,2026-07-12,MINE-01,MINE-01-ZONE-D,208.0,174.2,36.62,14.0,2.0,17.4,260.0
PROD-15885,2026-07-12,MINE-01,MINE-01-ZONE-E,208.0,147.9,32.08,12.6,3.4,17.4,260.0
PROD-15886,2026-07-12,MINE-02,MINE-02-ZONE-A,208.0,152.1,43.02,13.9,2.1,28.9,260.0
PROD-15887,2026-07-12,MINE-02,MINE-02-ZONE-B,208.0,129.4,36.97,11.7,4.3,28.9,260.0
PROD-15888,2026-07-12,MINE-02,MINE-02-ZONE-C,208.0,126.7,32.39,11.6,4.4,28.9,260.0
PROD-15889,2026-07-12,MINE-02,MINE-02-ZONE-D,208.0,160.1,36.66,14.6,1.4,28.9,260.0
PROD-15890,2026-07-12,MINE-02,MINE-02-ZONE-E,208.0,132.7,32.88,11.5,4.5,28.9,260.0
PROD-15891,2026-07-12,MINE-03,MINE-03-ZONE-A,208.0,137.0,34.02,11.7,4.3,44.6,260.0
PROD-15892,2026-07-12,MINE-03,MINE-03-ZONE-B,208.0,138.7,41.98,12.5,3.5,44.6,260.0
PROD-15893,2026-07-12,MINE-03,MINE-03-ZONE-C,208.0,130.5,33.46,12.7,3.3,44.6,260.0
PROD-15894,2026-07-12,MINE-03,MINE-03-ZONE-D,208.0,124.6,40.53,10.1,5.9,44.6,260.0
PROD-15895,2026-07-12,MINE-03,MINE-03-ZONE-E,208.0,122.7,39.37,9.9,6.1,44.6,260.0
PROD-15896,2026-07-12,MINE-04,MINE-04-ZONE-A,208.0,95.1,32.71,10.6,5.4,83.1,260.0
PROD-15897,2026-07-12,MINE-04,MINE-04-ZONE-B,208.0,116.7,40.95,11.7,4.3,83.1,260.0
PROD-15898,2026-07-12,MINE-04,MINE-04-ZONE-C,208.0,99.0,42.98,9.9,6.1,83.1,260.0
PROD-15899,2026-07-12,MINE-04,MINE-04-ZONE-D,208.0,133.6,34.65,12.8,3.2,83.1,260.0
PROD-15900,2026-07-12,MINE-04,MINE-04-ZONE-E,208.0,105.1,36.09,9.8,6.2,83.1,260.0
PROD-15901,2026-07-13,MINE-01,MINE-01-ZONE-A,252.0,144.4,38.06,11.3,4.7,71.8,260.0
PROD-15902,2026-07-13,MINE-01,MINE-01-ZONE-B,252.0,141.4,33.27,10.6,5.4,71.8,260.0
PROD-15903,2026-07-13,MINE-01,MINE-01-ZONE-C,252.0,161.9,36.64,12.9,3.1,71.8,260.0
PROD-15904,2026-07-13,MINE-01,MINE-01-ZONE-D,252.0,163.6,42.32,12.6,3.4,71.8,260.0
PROD-15905,2026-07-13,MINE-01,MINE-01-ZONE-E,252.0,151.8,32.37,12.8,3.2,71.8,260.0
PROD-15906,2026-07-13,MINE-02,MINE-02-ZONE-A,252.0,218.2,41.05,14.8,1.2,2.6,260.0
PROD-15907,2026-07-13,MINE-02,MINE-02-ZONE-B,252.0,197.9,32.07,12.1,3.9,2.6,260.0
PROD-15908,2026-07-13,MINE-02,MINE-02-ZONE-C,252.0,243.0,41.31,15.0,1.0,2.6,260.0
PROD-15909,2026-07-13,MINE-02,MINE-02-ZONE-D,252.0,194.5,41.22,11.7,4.3,2.6,260.0
PROD-15910,2026-07-13,MINE-02,MINE-02-ZONE-E,252.0,234.0,41.69,14.5,1.5,2.6,260.0
PROD-15911,2026-07-13,MINE-03,MINE-03-ZONE-A,252.0,199.8,40.42,12.1,3.9,3.6,260.0
PROD-15912,2026-07-13,MINE-03,MINE-03-ZONE-B,252.0,197.9,33.23,12.7,3.3,3.6,260.0
PROD-15913,2026-07-13,MINE-03,MINE-03-ZONE-C,252.0,246.6,42.09,15.3,0.7,3.6,260.0
PROD-15914,2026-07-13,MINE-03,MINE-03-ZONE-D,252.0,226.3,35.16,14.4,1.6,3.6,260.0
PROD-15915,2026-07-13,MINE-03,MINE-03-ZONE-E,252.0,201.2,41.84,13.2,2.8,3.6,260.0
PROD-15916,2026-07-13,MINE-04,MINE-04-ZONE-A,252.0,237.7,42.2,15.5,0.5,16.1,260.0
PROD-15917,2026-07-13,MINE-04,MINE-04-ZONE-B,252.0,225.1,38.02,14.2,1.8,16.1,260.0
PROD-15918,2026-07-13,MINE-04,MINE-04-ZONE-C,252.0,195.8,43.34,13.8,2.2,16.1,260.0
PROD-15919,2026-07-13,MINE-04,MINE-04-ZONE-D,252.0,214.3,39.13,14.5,1.5,16.1,260.0
PROD-15920,2026-07-13,MINE-04,MINE-04-ZONE-E,252.0,222.4,38.56,14.6,1.4,16.1,260.0
PROD-15921,2026-07-14,MINE-01,MINE-01-ZONE-A,256.0,143.2,32.49,9.7,6.3,30.4,260.0
PROD-15922,2026-07-14,MINE-01,MINE-01-ZONE-B,256.0,177.7,35.29,12.0,4.0,30.4,260.0
PROD-15923,2026-07-14,MINE-01,MINE-01-ZONE-C,256.0,176.5,39.9,11.8,4.2,30.4,260.0
PROD-15924,2026-07-14,MINE-01,MINE-01-ZONE-D,256.0,167.4,43.16,11.8,4.2,30.4,260.0
PROD-15925,2026-07-14,MINE-01,MINE-01-ZONE-E,256.0,129.2,37.17,9.0,7.0,30.4,260.0
PROD-15926,2026-07-14,MINE-02,MINE-02-ZONE-A,256.0,205.2,41.13,14.2,1.8,18.6,260.0
PROD-15927,2026-07-14,MINE-02,MINE-02-ZONE-B,256.0,201.1,41.03,13.4,2.6,18.6,260.0
PROD-15928,2026-07-14,MINE-02,MINE-02-ZONE-C,256.0,209.2,41.68,13.1,2.9,18.6,260.0
PROD-15929,2026-07-14,MINE-02,MINE-02-ZONE-D,256.0,209.9,43.26,14.7,1.3,18.6,260.0
PROD-15930,2026-07-14,MINE-02,MINE-02-ZONE-E,256.0,175.1,38.29,11.6,4.4,18.6,260.0
PROD-15931,2026-07-14,MINE-03,MINE-03-ZONE-A,256.0,115.2,43.87,10.5,5.5,82.4,260.0
PROD-15932,2026-07-14,MINE-03,MINE-03-ZONE-B,256.0,120.3,38.23,10.3,5.7,82.4,260.0
PROD-15933,2026-07-14,MINE-03,MINE-03-ZONE-C,256.0,114.3,43.59,10.7,5.3,82.4,260.0
PROD-15934,2026-07-14,MINE-03,MINE-03-ZONE-D,256.0,107.4,39.31,9.2,6.8,82.4,260.0
PROD-15935,2026-07-14,MINE-03,MINE-03-ZONE-E,256.0,131.5,33.45,11.2,4.8,82.4,260.0
PROD-15936,2026-07-14,MINE-04,MINE-04-ZONE-A,256.0,142.9,40.63,11.4,4.6,52.3,260.0
PROD-15937,2026-07-14,MINE-04,MINE-04-ZONE-B,256.0,139.0,34.28,11.4,4.6,52.3,260.0
PROD-15938,2026-07-14,MINE-04,MINE-04-ZONE-C,256.0,131.8,41.69,10.6,5.4,52.3,260.0
PROD-15939,2026-07-14,MINE-04,MINE-04-ZONE-D,256.0,155.2,43.01,11.4,4.6,52.3,260.0
PROD-15940,2026-07-14,MINE-04,MINE-04-ZONE-E,256.0,126.7,37.8,9.0,7.0,52.3,260.0
PROD-15941,2026-07-15,MINE-01,MINE-01-ZONE-A,260.0,149.7,36.54,12.8,3.2,88.4,260.0
PROD-15942,2026-07-15,MINE-01,MINE-01-ZONE-B,260.0,122.0,41.86,9.6,6.4,88.4,260.0
PROD-15943,2026-07-15,MINE-01,MINE-01-ZONE-C,260.0,130.6,42.76,11.8,4.2,88.4,260.0
PROD-15944,2026-07-15,MINE-01,MINE-01-ZONE-D,260.0,115.7,33.59,9.7,6.3,88.4,260.0
PROD-15945,2026-07-15,MINE-01,MINE-01-ZONE-E,260.0,164.8,35.87,12.7,3.3,88.4,260.0
PROD-15946,2026-07-15,MINE-02,MINE-02-ZONE-A,260.0,236.2,36.08,14.4,1.6,16.6,260.0
PROD-15947,2026-07-15,MINE-02,MINE-02-ZONE-B,260.0,225.0,41.97,14.1,1.9,16.6,260.0
PROD-15948,2026-07-15,MINE-02,MINE-02-ZONE-C,260.0,234.0,42.04,15.5,0.5,16.6,260.0
PROD-15949,2026-07-15,MINE-02,MINE-02-ZONE-D,260.0,181.1,36.69,12.1,3.9,16.6,260.0
PROD-15950,2026-07-15,MINE-02,MINE-02-ZONE-E,260.0,225.1,36.34,15.2,0.8,16.6,260.0
PROD-15951,2026-07-15,MINE-03,MINE-03-ZONE-A,260.0,111.3,33.8,9.6,6.4,85.2,260.0
PROD-15952,2026-07-15,MINE-03,MINE-03-ZONE-B,260.0,139.3,42.77,10.5,5.5,85.2,260.0
PROD-15953,2026-07-15,MINE-03,MINE-03-ZONE-C,260.0,149.6,34.26,11.7,4.3,85.2,260.0
PROD-15954,2026-07-15,MINE-03,MINE-03-ZONE-D,260.0,144.4,43.02,12.5,3.5,85.2,260.0
PROD-15955,2026-07-15,MINE-03,MINE-03-ZONE-E,260.0,159.4,41.95,12.9,3.1,85.2,260.0
PROD-15956,2026-07-15,MINE-04,MINE-04-ZONE-A,260.0,239.7,34.91,14.6,1.4,3.5,260.0
PROD-15957,2026-07-15,MINE-04,MINE-04-ZONE-B,260.0,247.7,33.48,15.0,1.0,3.5,260.0
PROD-15958,2026-07-15,MINE-04,MINE-04-ZONE-C,260.0,222.1,43.06,13.1,2.9,3.5,260.0
PROD-15959,2026-07-15,MINE-04,MINE-04-ZONE-D,260.0,224.7,42.67,13.2,2.8,3.5,260.0
PROD-15960,2026-07-15,MINE-04,MINE-04-ZONE-E,260.0,223.0,41.77,14.6,1.4,3.5,260.0
PROD-15961,2026-07-16,MINE-01,MINE-01-ZONE-A,264.0,141.6,32.9,9.4,6.6,38.0,260.0
PROD-15962,2026-07-16,MINE-01,MINE-01-ZONE-B,264.0,149.6,38.46,9.6,6.4,38.0,260.0
PROD-15963,2026-07-16,MINE-01,MINE-01-ZONE-C,264.0,143.6,35.18,9.8,6.2,38.0,260.0
PROD-15964,2026-07-16,MINE-01,MINE-01-ZONE-D,264.0,148.2,40.17,9.4,6.6,38.0,260.0
PROD-15965,2026-07-16,MINE-01,MINE-01-ZONE-E,264.0,164.8,37.78,10.5,5.5,38.0,260.0
PROD-15966,2026-07-16,MINE-02,MINE-02-ZONE-A,264.0,195.1,42.49,12.5,3.5,1.1,260.0
PROD-15967,2026-07-16,MINE-02,MINE-02-ZONE-B,264.0,241.1,43.14,15.3,0.7,1.1,260.0
PROD-15968,2026-07-16,MINE-02,MINE-02-ZONE-C,264.0,227.9,34.74,13.8,2.2,1.1,260.0
PROD-15969,2026-07-16,MINE-02,MINE-02-ZONE-D,264.0,243.8,38.79,14.6,1.4,1.1,260.0
PROD-15970,2026-07-16,MINE-02,MINE-02-ZONE-E,264.0,217.9,32.97,12.8,3.2,1.1,260.0
PROD-15971,2026-07-16,MINE-03,MINE-03-ZONE-A,264.0,217.9,32.51,15.1,0.9,22.4,260.0
PROD-15972,2026-07-16,MINE-03,MINE-03-ZONE-B,264.0,193.5,42.34,12.8,3.2,22.4,260.0
PROD-15973,2026-07-16,MINE-03,MINE-03-ZONE-C,264.0,225.0,43.92,14.8,1.2,22.4,260.0
PROD-15974,2026-07-16,MINE-03,MINE-03-ZONE-D,264.0,209.7,41.67,13.4,2.6,22.4,260.0
PROD-15975,2026-07-16,MINE-03,MINE-03-ZONE-E,264.0,194.7,36.34,12.3,3.7,22.4,260.0
PROD-15976,2026-07-16,MINE-04,MINE-04-ZONE-A,264.0,152.6,41.32,11.1,4.9,81.4,260.0
PROD-15977,2026-07-16,MINE-04,MINE-04-ZONE-B,264.0,129.5,37.0,9.5,6.5,81.4,260.0
PROD-15978,2026-07-16,MINE-04,MINE-04-ZONE-C,264.0,117.5,38.27,9.9,6.1,81.4,260.0
PROD-15979,2026-07-16,MINE-04,MINE-04-ZONE-D,264.0,126.8,41.09,10.9,5.1,81.4,260.0
PROD-15980,2026-07-16,MINE-04,MINE-04-ZONE-E,264.0,141.0,35.77,11.0,5.0,81.4,260.0
PROD-15981,2026-07-17,MINE-01,MINE-01-ZONE-A,268.0,210.3,39.67,14.3,1.7,27.5,260.0
PROD-15982,2026-07-17,MINE-01,MINE-01-ZONE-B,268.0,214.4,42.79,14.7,1.3,27.5,260.0
PROD-15983,2026-07-17,MINE-01,MINE-01-ZONE-C,268.0,183.7,41.09,11.6,4.4,27.5,260.0
PROD-15984,2026-07-17,MINE-01,MINE-01-ZONE-D,268.0,199.3,43.82,13.3,2.7,27.5,260.0
PROD-15985,2026-07-17,MINE-01,MINE-01-ZONE-E,268.0,218.8,38.65,14.5,1.5,27.5,260.0
PROD-15986,2026-07-17,MINE-02,MINE-02-ZONE-A,268.0,144.8,37.66,10.9,5.1,69.6,260.0
PROD-15987,2026-07-17,MINE-02,MINE-02-ZONE-B,268.0,165.1,36.76,13.0,3.0,69.6,260.0
PROD-15988,2026-07-17,MINE-02,MINE-02-ZONE-C,268.0,162.2,40.5,11.3,4.7,69.6,260.0
PROD-15989,2026-07-17,MINE-02,MINE-02-ZONE-D,268.0,145.7,43.64,10.9,5.1,69.6,260.0
PROD-15990,2026-07-17,MINE-02,MINE-02-ZONE-E,268.0,162.6,41.93,11.8,4.2,69.6,260.0
PROD-15991,2026-07-17,MINE-03,MINE-03-ZONE-A,268.0,152.4,33.55,11.2,4.8,74.5,260.0
PROD-15992,2026-07-17,MINE-03,MINE-03-ZONE-B,268.0,131.0,32.87,10.5,5.5,74.5,260.0
PROD-15993,2026-07-17,MINE-03,MINE-03-ZONE-C,268.0,116.3,42.94,9.6,6.4,74.5,260.0
PROD-15994,2026-07-17,MINE-03,MINE-03-ZONE-D,268.0,143.6,33.23,10.8,5.2,74.5,260.0
PROD-15995,2026-07-17,MINE-03,MINE-03-ZONE-E,268.0,135.0,36.75,9.9,6.1,74.5,260.0
PROD-15996,2026-07-17,MINE-04,MINE-04-ZONE-A,268.0,193.0,37.77,12.6,3.4,35.9,260.0
PROD-15997,2026-07-17,MINE-04,MINE-04-ZONE-B,268.0,188.3,32.99,11.8,4.2,35.9,260.0
PROD-15998,2026-07-17,MINE-04,MINE-04-ZONE-C,268.0,139.4,32.05,9.8,6.2,35.9,260.0
PROD-15999,2026-07-17,MINE-04,MINE-04-ZONE-D,268.0,130.4,36.65,9.7,6.3,35.9,260.0
PROD-16000,2026-07-17,MINE-04,MINE-04-ZONE-E,268.0,171.4,33.71,11.9,4.1,35.9,260.0
PROD-16001,2026-07-18,MINE-01,MINE-01-ZONE-A,312.0,164.0,43.18,9.8,6.2,52.4,260.0
PROD-16002,2026-07-18,MINE-01,MINE-01-ZONE-B,312.0,189.5,35.25,11.6,4.4,52.4,260.0
PROD-16003,2026-07-18,MINE-01,MINE-01-ZONE-C,312.0,187.6,41.55,12.2,3.8,52.4,260.0
PROD-16004,2026-07-18,MINE-01,MINE-01-ZONE-D,312.0,145.7,33.47,9.6,6.4,52.4,260.0
PROD-16005,2026-07-18,MINE-01,MINE-01-ZONE-E,312.0,149.6,41.82,9.6,6.4,52.4,260.0
PROD-16006,2026-07-18,MINE-02,MINE-02-ZONE-A,312.0,241.7,43.19,12.0,4.0,1.3,260.0
PROD-16007,2026-07-18,MINE-02,MINE-02-ZONE-B,312.0,285.4,39.38,14.8,1.2,1.3,260.0
PROD-16008,2026-07-18,MINE-02,MINE-02-ZONE-C,312.0,284.9,32.55,15.4,0.6,1.3,260.0
PROD-16009,2026-07-18,MINE-02,MINE-02-ZONE-D,312.0,289.5,34.72,14.7,1.3,1.3,260.0
PROD-16010,2026-07-18,MINE-02,MINE-02-ZONE-E,312.0,280.8,36.37,14.3,1.7,1.3,260.0
PROD-16011,2026-07-18,MINE-03,MINE-03-ZONE-A,312.0,173.3,41.76,10.2,5.8,53.0,260.0
PROD-16012,2026-07-18,MINE-03,MINE-03-ZONE-B,312.0,169.4,40.8,10.1,5.9,53.0,260.0
PROD-16013,2026-07-18,MINE-03,MINE-03-ZONE-C,312.0,166.5,43.19,10.9,5.1,53.0,260.0
PROD-16014,2026-07-18,MINE-03,MINE-03-ZONE-D,312.0,167.0,40.53,11.0,5.0,53.0,260.0
PROD-16015,2026-07-18,MINE-03,MINE-03-ZONE-E,312.0,164.0,33.39,9.3,6.7,53.0,260.0
PROD-16016,2026-07-18,MINE-04,MINE-04-ZONE-A,312.0,225.4,39.28,13.2,2.8,28.0,260.0
PROD-16017,2026-07-18,MINE-04,MINE-04-ZONE-B,312.0,258.9,43.02,14.6,1.4,28.0,260.0
PROD-16018,2026-07-18,MINE-04,MINE-04-ZONE-C,312.0,239.1,35.46,13.4,2.6,28.0,260.0
PROD-16019,2026-07-18,MINE-04,MINE-04-ZONE-D,312.0,227.9,34.53,12.0,4.0,28.0,260.0
PROD-16020,2026-07-18,MINE-04,MINE-04-ZONE-E,312.0,258.0,34.75,15.0,1.0,28.0,260.0
PROD-16021,2026-07-19,MINE-01,MINE-01-ZONE-A,232.0,117.8,32.49,10.6,5.4,62.5,260.0
PROD-16022,2026-07-19,MINE-01,MINE-01-ZONE-B,232.0,97.3,37.41,9.5,6.5,62.5,260.0
PROD-16023,2026-07-19,MINE-01,MINE-01-ZONE-C,232.0,135.8,40.78,10.3,5.7,62.5,260.0
PROD-16024,2026-07-19,MINE-01,MINE-01-ZONE-D,232.0,123.3,38.3,9.5,6.5,62.5,260.0
PROD-16025,2026-07-19,MINE-01,MINE-01-ZONE-E,232.0,117.1,35.72,9.8,6.2,62.5,260.0
PROD-16026,2026-07-19,MINE-02,MINE-02-ZONE-A,232.0,136.5,35.07,11.1,4.9,72.9,260.0
PROD-16027,2026-07-19,MINE-02,MINE-02-ZONE-B,232.0,118.5,36.62,11.2,4.8,72.9,260.0
PROD-16028,2026-07-19,MINE-02,MINE-02-ZONE-C,232.0,123.2,36.24,9.6,6.4,72.9,260.0
PROD-16029,2026-07-19,MINE-02,MINE-02-ZONE-D,232.0,151.3,37.39,12.9,3.1,72.9,260.0
PROD-16030,2026-07-19,MINE-02,MINE-02-ZONE-E,232.0,93.4,42.26,9.2,6.8,72.9,260.0
PROD-16031,2026-07-19,MINE-03,MINE-03-ZONE-A,232.0,104.3,42.39,10.8,5.2,89.3,260.0
PROD-16032,2026-07-19,MINE-03,MINE-03-ZONE-B,232.0,136.2,38.47,12.3,3.7,89.3,260.0
PROD-16033,2026-07-19,MINE-03,MINE-03-ZONE-C,232.0,142.6,34.55,12.5,3.5,89.3,260.0
PROD-16034,2026-07-19,MINE-03,MINE-03-ZONE-D,232.0,99.4,43.5,9.6,6.4,89.3,260.0
PROD-16035,2026-07-19,MINE-03,MINE-03-ZONE-E,232.0,132.2,35.14,12.3,3.7,89.3,260.0
PROD-16036,2026-07-19,MINE-04,MINE-04-ZONE-A,232.0,136.3,40.5,11.2,4.8,49.1,260.0
PROD-16037,2026-07-19,MINE-04,MINE-04-ZONE-B,232.0,140.8,42.21,12.1,3.9,49.1,260.0
PROD-16038,2026-07-19,MINE-04,MINE-04-ZONE-C,232.0,122.9,36.32,9.4,6.6,49.1,260.0
PROD-16039,2026-07-19,MINE-04,MINE-04-ZONE-D,232.0,142.5,38.84,10.7,5.3,49.1,260.0
PROD-16040,2026-07-19,MINE-04,MINE-04-ZONE-E,232.0,114.7,36.83,10.4,5.6,49.1,260.0
PROD-16041,2026-07-20,MINE-01,MINE-01-ZONE-A,236.0,171.0,42.65,12.9,3.1,28.3,260.0
PROD-16042,2026-07-20,MINE-01,MINE-01-ZONE-B,236.0,194.2,33.13,13.3,2.7,28.3,260.0
PROD-16043,2026-07-20,MINE-01,MINE-01-ZONE-C,236.0,203.0,35.18,14.7,1.3,28.3,260.0
PROD-16044,2026-07-20,MINE-01,MINE-01-ZONE-D,236.0,155.9,40.72,11.5,4.5,28.3,260.0
PROD-16045,2026-07-20,MINE-01,MINE-01-ZONE-E,236.0,193.2,33.1,13.2,2.8,28.3,260.0
PROD-16046,2026-07-20,MINE-02,MINE-02-ZONE-A,236.0,102.3,43.78,9.1,6.9,91.1,260.0
PROD-16047,2026-07-20,MINE-02,MINE-02-ZONE-B,236.0,100.6,33.85,9.8,6.2,91.1,260.0
PROD-16048,2026-07-20,MINE-02,MINE-02-ZONE-C,236.0,117.2,42.48,12.0,4.0,91.1,260.0
PROD-16049,2026-07-20,MINE-02,MINE-02-ZONE-D,236.0,106.2,40.19,10.0,6.0,91.1,260.0
PROD-16050,2026-07-20,MINE-02,MINE-02-ZONE-E,236.0,125.2,35.68,11.1,4.9,91.1,260.0
PROD-16051,2026-07-20,MINE-03,MINE-03-ZONE-A,236.0,200.4,41.47,12.7,3.3,0.2,260.0
PROD-16052,2026-07-20,MINE-03,MINE-03-ZONE-B,236.0,227.2,33.14,14.5,1.5,0.2,260.0
PROD-16053,2026-07-20,MINE-03,MINE-03-ZONE-C,236.0,194.0,38.95,12.7,3.3,0.2,260.0
PROD-16054,2026-07-20,MINE-03,MINE-03-ZONE-D,236.0,181.1,41.84,11.8,4.2,0.2,260.0
PROD-16055,2026-07-20,MINE-03,MINE-03-ZONE-E,236.0,187.6,38.87,12.3,3.7,0.2,260.0
PROD-16056,2026-07-20,MINE-04,MINE-04-ZONE-A,236.0,139.4,34.96,12.0,4.0,46.7,260.0
PROD-16057,2026-07-20,MINE-04,MINE-04-ZONE-B,236.0,126.6,33.25,10.7,5.3,46.7,260.0
PROD-16058,2026-07-20,MINE-04,MINE-04-ZONE-C,236.0,122.9,42.92,9.9,6.1,46.7,260.0
PROD-16059,2026-07-20,MINE-04,MINE-04-ZONE-D,236.0,146.9,34.13,11.4,4.6,46.7,260.0
PROD-16060,2026-07-20,MINE-04,MINE-04-ZONE-E,236.0,142.4,37.91,11.4,4.6,46.7,260.0
PROD-16061,2026-07-21,MINE-01,MINE-01-ZONE-A,240.0,147.4,36.33,11.0,5.0,39.6,260.0
PROD-16062,2026-07-21,MINE-01,MINE-01-ZONE-B,240.0,129.9,42.0,10.8,5.2,39.6,260.0
PROD-16063,2026-07-21,MINE-01,MINE-01-ZONE-C,240.0,155.5,43.98,11.8,4.2,39.6,260.0
PROD-16064,2026-07-21,MINE-01,MINE-01-ZONE-D,240.0,163.2,41.29,12.7,3.3,39.6,260.0
PROD-16065,2026-07-21,MINE-01,MINE-01-ZONE-E,240.0,104.7,38.57,9.0,7.0,39.6,260.0
PROD-16066,2026-07-21,MINE-02,MINE-02-ZONE-A,240.0,193.1,37.19,13.3,2.7,0.6,260.0
PROD-16067,2026-07-21,MINE-02,MINE-02-ZONE-B,240.0,191.0,34.41,13.5,2.5,0.6,260.0
PROD-16068,2026-07-21,MINE-02,MINE-02-ZONE-C,240.0,201.5,37.88,13.1,2.9,0.6,260.0
PROD-16069,2026-07-21,MINE-02,MINE-02-ZONE-D,240.0,204.0,32.33,13.9,2.1,0.6,260.0
PROD-16070,2026-07-21,MINE-02,MINE-02-ZONE-E,240.0,213.6,39.32,15.1,0.9,0.6,260.0
PROD-16071,2026-07-21,MINE-03,MINE-03-ZONE-A,240.0,199.1,32.0,14.2,1.8,23.0,260.0
PROD-16072,2026-07-21,MINE-03,MINE-03-ZONE-B,240.0,208.6,36.95,14.4,1.6,23.0,260.0
PROD-16073,2026-07-21,MINE-03,MINE-03-ZONE-C,240.0,206.0,41.1,14.5,1.5,23.0,260.0
PROD-16074,2026-07-21,MINE-03,MINE-03-ZONE-D,240.0,205.0,32.15,14.5,1.5,23.0,260.0
PROD-16075,2026-07-21,MINE-03,MINE-03-ZONE-E,240.0,223.2,43.41,15.5,0.5,23.0,260.0
PROD-16076,2026-07-21,MINE-04,MINE-04-ZONE-A,240.0,176.4,41.33,12.6,3.4,45.1,260.0
PROD-16077,2026-07-21,MINE-04,MINE-04-ZONE-B,240.0,114.4,37.52,9.4,6.6,45.1,260.0
PROD-16078,2026-07-21,MINE-04,MINE-04-ZONE-C,240.0,131.8,39.55,10.6,5.4,45.1,260.0
PROD-16079,2026-07-21,MINE-04,MINE-04-ZONE-D,240.0,130.2,43.47,9.8,6.2,45.1,260.0
PROD-16080,2026-07-21,MINE-04,MINE-04-ZONE-E,240.0,162.6,34.69,11.6,4.4,45.1,260.0
PROD-16081,2026-07-22,MINE-01,MINE-01-ZONE-A,244.0,125.1,37.45,10.4,5.6,40.5,260.0
PROD-16082,2026-07-22,MINE-01,MINE-01-ZONE-B,244.0,119.7,40.0,9.2,6.8,40.5,260.0
PROD-16083,2026-07-22,MINE-01,MINE-01-ZONE-C,244.0,144.5,32.44,11.5,4.5,40.5,260.0
PROD-16084,2026-07-22,MINE-01,MINE-01-ZONE-D,244.0,126.5,41.61,10.3,5.7,40.5,260.0
PROD-16085,2026-07-22,MINE-01,MINE-01-ZONE-E,244.0,132.7,37.19,10.0,6.0,40.5,260.0
PROD-16086,2026-07-22,MINE-02,MINE-02-ZONE-A,244.0,136.5,36.37,12.1,3.9,69.0,260.0
PROD-16087,2026-07-22,MINE-02,MINE-02-ZONE-B,244.0,120.5,37.27,9.8,6.2,69.0,260.0
PROD-16088,2026-07-22,MINE-02,MINE-02-ZONE-C,244.0,143.0,36.36,12.4,3.6,69.0,260.0
PROD-16089,2026-07-22,MINE-02,MINE-02-ZONE-D,244.0,98.2,42.13,9.1,6.9,69.0,260.0
PROD-16090,2026-07-22,MINE-02,MINE-02-ZONE-E,244.0,121.6,40.18,10.4,5.6,69.0,260.0
PROD-16091,2026-07-22,MINE-03,MINE-03-ZONE-A,244.0,116.9,42.52,10.5,5.5,68.6,260.0
PROD-16092,2026-07-22,MINE-03,MINE-03-ZONE-B,244.0,123.0,40.18,11.1,4.9,68.6,260.0
PROD-16093,2026-07-22,MINE-03,MINE-03-ZONE-C,244.0,146.5,42.0,11.8,4.2,68.6,260.0
PROD-16094,2026-07-22,MINE-03,MINE-03-ZONE-D,244.0,134.4,39.5,11.1,4.9,68.6,260.0
PROD-16095,2026-07-22,MINE-03,MINE-03-ZONE-E,244.0,159.1,36.96,12.3,3.7,68.6,260.0
PROD-16096,2026-07-22,MINE-04,MINE-04-ZONE-A,244.0,135.5,38.1,9.7,6.3,33.8,260.0
PROD-16097,2026-07-22,MINE-04,MINE-04-ZONE-B,244.0,157.8,38.43,11.4,4.6,33.8,260.0
PROD-16098,2026-07-22,MINE-04,MINE-04-ZONE-C,244.0,144.0,41.05,10.4,5.6,33.8,260.0
PROD-16099,2026-07-22,MINE-04,MINE-04-ZONE-D,244.0,184.5,36.12,12.9,3.1,33.8,260.0
PROD-16100,2026-07-22,MINE-04,MINE-04-ZONE-E,244.0,136.3,36.16,10.6,5.4,33.8,260.0
PROD-16101,2026-07-23,MINE-01,MINE-01-ZONE-A,288.0,191.9,42.34,11.5,4.5,46.9,260.0
PROD-16102,2026-07-23,MINE-01,MINE-01-ZONE-B,288.0,160.0,35.52,9.7,6.3,46.9,260.0
PROD-16103,2026-07-23,MINE-01,MINE-01-ZONE-C,288.0,193.1,34.33,12.1,3.9,46.9,260.0
PROD-16104,2026-07-23,MINE-01,MINE-01-ZONE-D,288.0,141.7,42.6,9.6,6.4,46.9,260.0
PROD-16105,2026-07-23,MINE-01,MINE-01-ZONE-E,288.0,194.5,33.8,12.8,3.2,46.9,260.0
PROD-16106,2026-07-23,MINE-02,MINE-02-ZONE-A,288.0,180.9,37.09,11.4,4.6,39.2,260.0
PROD-16107,2026-07-23,MINE-02,MINE-02-ZONE-B,288.0,166.9,39.13,9.8,6.2,39.2,260.0
PROD-16108,2026-07-23,MINE-02,MINE-02-ZONE-C,288.0,164.6,40.82,9.8,6.2,39.2,260.0
PROD-16109,2026-07-23,MINE-02,MINE-02-ZONE-D,288.0,177.8,36.65,10.9,5.1,39.2,260.0
PROD-16110,2026-07-23,MINE-02,MINE-02-ZONE-E,288.0,176.4,39.6,10.5,5.5,39.2,260.0
PROD-16111,2026-07-23,MINE-03,MINE-03-ZONE-A,288.0,151.5,36.19,9.1,6.9,39.9,260.0
PROD-16112,2026-07-23,MINE-03,MINE-03-ZONE-B,288.0,161.4,34.86,9.6,6.4,39.9,260.0
PROD-16113,2026-07-23,MINE-03,MINE-03-ZONE-C,288.0,164.3,42.36,9.6,6.4,39.9,260.0
PROD-16114,2026-07-23,MINE-03,MINE-03-ZONE-D,288.0,171.3,33.56,10.4,5.6,39.9,260.0
PROD-16115,2026-07-23,MINE-03,MINE-03-ZONE-E,288.0,200.3,37.31,12.9,3.1,39.9,260.0
PROD-16116,2026-07-23,MINE-04,MINE-04-ZONE-A,288.0,270.3,38.71,14.8,1.2,0.7,260.0
PROD-16117,2026-07-23,MINE-04,MINE-04-ZONE-B,288.0,268.6,38.29,14.4,1.6,0.7,260.0
PROD-16118,2026-07-23,MINE-04,MINE-04-ZONE-C,288.0,261.0,39.7,13.9,2.1,0.7,260.0
PROD-16119,2026-07-23,MINE-04,MINE-04-ZONE-D,288.0,271.8,34.84,14.5,1.5,0.7,260.0
PROD-16120,2026-07-23,MINE-04,MINE-04-ZONE-E,288.0,216.4,38.65,12.3,3.7,0.7,260.0
PROD-16121,2026-07-24,MINE-01,MINE-01-ZONE-A,292.0,220.8,37.78,11.7,4.3,1.4,260.0
PROD-16122,2026-07-24,MINE-01,MINE-01-ZONE-B,292.0,273.6,34.59,15.5,0.5,1.4,260.0
PROD-16123,2026-07-24,MINE-01,MINE-01-ZONE-C,292.0,225.1,36.83,12.6,3.4,1.4,260.0
PROD-16124,2026-07-24,MINE-01,MINE-01-ZONE-D,292.0,273.8,33.45,14.7,1.3,1.4,260.0
PROD-16125,2026-07-24,MINE-01,MINE-01-ZONE-E,292.0,249.0,43.71,13.9,2.1,1.4,260.0
PROD-16126,2026-07-24,MINE-02,MINE-02-ZONE-A,292.0,250.0,35.32,13.4,2.6,0.6,260.0
PROD-16127,2026-07-24,MINE-02,MINE-02-ZONE-B,292.0,225.1,37.5,12.4,3.6,0.6,260.0
PROD-16128,2026-07-24,MINE-02,MINE-02-ZONE-C,292.0,287.8,35.3,15.3,0.7,0.6,260.0
PROD-16129,2026-07-24,MINE-02,MINE-02-ZONE-D,292.0,263.5,36.64,14.1,1.9,0.6,260.0
PROD-16130,2026-07-24,MINE-02,MINE-02-ZONE-E,292.0,284.3,35.09,14.8,1.2,0.6,260.0
PROD-16131,2026-07-24,MINE-03,MINE-03-ZONE-A,292.0,176.0,41.63,12.9,3.1,67.3,260.0
PROD-16132,2026-07-24,MINE-03,MINE-03-ZONE-B,292.0,135.6,38.2,9.5,6.5,67.3,260.0
PROD-16133,2026-07-24,MINE-03,MINE-03-ZONE-C,292.0,136.9,38.98,9.5,6.5,67.3,260.0
PROD-16134,2026-07-24,MINE-03,MINE-03-ZONE-D,292.0,189.4,43.09,12.2,3.8,67.3,260.0
PROD-16135,2026-07-24,MINE-03,MINE-03-ZONE-E,292.0,166.1,35.2,11.1,4.9,67.3,260.0
PROD-16136,2026-07-24,MINE-04,MINE-04-ZONE-A,292.0,137.7,42.81,9.1,6.9,74.4,260.0
PROD-16137,2026-07-24,MINE-04,MINE-04-ZONE-B,292.0,142.0,34.97,9.5,6.5,74.4,260.0
PROD-16138,2026-07-24,MINE-04,MINE-04-ZONE-C,292.0,149.6,42.84,9.6,6.4,74.4,260.0
PROD-16139,2026-07-24,MINE-04,MINE-04-ZONE-D,292.0,181.5,39.43,12.2,3.8,74.4,260.0
PROD-16140,2026-07-24,MINE-04,MINE-04-ZONE-E,292.0,163.8,33.76,11.9,4.1,74.4,260.0
PROD-16141,2026-07-25,MINE-01,MINE-01-ZONE-A,296.0,195.4,38.91,12.8,3.2,77.5,260.0
PROD-16142,2026-07-25,MINE-01,MINE-01-ZONE-B,296.0,124.8,42.53,9.7,6.3,77.5,260.0
PROD-16143,2026-07-25,MINE-01,MINE-01-ZONE-C,296.0,187.0,37.23,12.9,3.1,77.5,260.0
PROD-16144,2026-07-25,MINE-01,MINE-01-ZONE-D,296.0,158.6,40.18,11.1,4.9,77.5,260.0
PROD-16145,2026-07-25,MINE-01,MINE-01-ZONE-E,296.0,139.0,35.59,10.6,5.4,77.5,260.0
PROD-16146,2026-07-25,MINE-02,MINE-02-ZONE-A,296.0,228.9,37.54,13.4,2.6,29.3,260.0
PROD-16147,2026-07-25,MINE-02,MINE-02-ZONE-B,296.0,221.8,38.22,13.2,2.8,29.3,260.0
PROD-16148,2026-07-25,MINE-02,MINE-02-ZONE-C,296.0,204.9,32.26,11.5,4.5,29.3,260.0
PROD-16149,2026-07-25,MINE-02,MINE-02-ZONE-D,296.0,249.0,42.67,15.2,0.8,29.3,260.0
PROD-16150,2026-07-25,MINE-02,MINE-02-ZONE-E,296.0,235.8,35.24,13.7,2.3,29.3,260.0
PROD-16151,2026-07-25,MINE-03,MINE-03-ZONE-A,296.0,207.2,34.52,11.7,4.3,15.6,260.0
PROD-16152,2026-07-25,MINE-03,MINE-03-ZONE-B,296.0,262.0,42.94,14.1,1.9,15.6,260.0
PROD-16153,2026-07-25,MINE-03,MINE-03-ZONE-C,296.0,233.8,40.24,12.8,3.2,15.6,260.0
PROD-16154,2026-07-25,MINE-03,MINE-03-ZONE-D,296.0,235.7,37.61,13.9,2.1,15.6,260.0
PROD-16155,2026-07-25,MINE-03,MINE-03-ZONE-E,296.0,233.0,37.64,12.6,3.4,15.6,260.0
PROD-16156,2026-07-25,MINE-04,MINE-04-ZONE-A,296.0,167.9,37.77,11.3,4.7,64.2,260.0
PROD-16157,2026-07-25,MINE-04,MINE-04-ZONE-B,296.0,169.3,38.5,10.5,5.5,64.2,260.0
PROD-16158,2026-07-25,MINE-04,MINE-04-ZONE-C,296.0,150.7,39.2,9.2,6.8,64.2,260.0
PROD-16159,2026-07-25,MINE-04,MINE-04-ZONE-D,296.0,185.8,43.07,12.0,4.0,64.2,260.0
PROD-16160,2026-07-25,MINE-04,MINE-04-ZONE-E,296.0,144.0,33.53,9.5,6.5,64.2,260.0
PROD-16161,2026-07-26,MINE-01,MINE-01-ZONE-A,216.0,103.5,39.18,11.0,5.0,84.4,260.0
PROD-16162,2026-07-26,MINE-01,MINE-01-ZONE-B,216.0,120.8,43.52,10.6,5.4,84.4,260.0
PROD-16163,2026-07-26,MINE-01,MINE-01-ZONE-C,216.0,134.1,34.49,12.6,3.4,84.4,260.0
PROD-16164,2026-07-26,MINE-01,MINE-01-ZONE-D,216.0,93.7,43.22,9.3,6.7,84.4,260.0
PROD-16165,2026-07-26,MINE-01,MINE-01-ZONE-E,216.0,108.0,40.32,11.2,4.8,84.4,260.0
PROD-16166,2026-07-26,MINE-02,MINE-02-ZONE-A,216.0,99.3,38.95,9.9,6.1,49.1,260.0
PROD-16167,2026-07-26,MINE-02,MINE-02-ZONE-B,216.0,119.0,41.05,10.0,6.0,49.1,260.0
PROD-16168,2026-07-26,MINE-02,MINE-02-ZONE-C,216.0,106.4,42.64,9.6,6.4,49.1,260.0
PROD-16169,2026-07-26,MINE-02,MINE-02-ZONE-D,216.0,104.7,37.95,9.7,6.3,49.1,260.0
PROD-16170,2026-07-26,MINE-02,MINE-02-ZONE-E,216.0,105.6,41.14,9.1,6.9,49.1,260.0
PROD-16171,2026-07-26,MINE-03,MINE-03-ZONE-A,216.0,117.0,38.37,10.3,5.7,38.5,260.0
PROD-16172,2026-07-26,MINE-03,MINE-03-ZONE-B,216.0,156.2,41.67,11.9,4.1,38.5,260.0
PROD-16173,2026-07-26,MINE-03,MINE-03-ZONE-C,216.0,145.0,41.23,12.1,3.9,38.5,260.0
PROD-16174,2026-07-26,MINE-03,MINE-03-ZONE-D,216.0,131.7,42.39,11.2,4.8,38.5,260.0
PROD-16175,2026-07-26,MINE-03,MINE-03-ZONE-E,216.0,129.9,32.09,10.4,5.6,38.5,260.0
PROD-16176,2026-07-26,MINE-04,MINE-04-ZONE-A,216.0,172.1,33.55,14.3,1.7,23.9,260.0
PROD-16177,2026-07-26,MINE-04,MINE-04-ZONE-B,216.0,172.2,32.12,14.8,1.2,23.9,260.0
PROD-16178,2026-07-26,MINE-04,MINE-04-ZONE-C,216.0,186.5,42.43,15.0,1.0,23.9,260.0
PROD-16179,2026-07-26,MINE-04,MINE-04-ZONE-D,216.0,177.9,41.43,13.5,2.5,23.9,260.0
PROD-16180,2026-07-26,MINE-04,MINE-04-ZONE-E,216.0,146.8,40.87,12.3,3.7,23.9,260.0
PROD-16181,2026-07-27,MINE-01,MINE-01-ZONE-A,220.0,144.1,38.23,12.7,3.3,57.8,260.0
PROD-16182,2026-07-27,MINE-01,MINE-01-ZONE-B,220.0,113.7,35.2,10.0,6.0,57.8,260.0
PROD-16183,2026-07-27,MINE-01,MINE-01-ZONE-C,220.0,129.4,32.5,12.0,4.0,57.8,260.0
PROD-16184,2026-07-27,MINE-01,MINE-01-ZONE-D,220.0,124.9,35.79,10.8,5.2,57.8,260.0
PROD-16185,2026-07-27,MINE-01,MINE-01-ZONE-E,220.0,105.1,34.4,10.0,6.0,57.8,260.0
PROD-16186,2026-07-27,MINE-02,MINE-02-ZONE-A,220.0,206.4,37.53,14.8,1.2,1.4,260.0
PROD-16187,2026-07-27,MINE-02,MINE-02-ZONE-B,220.0,162.4,42.14,12.0,4.0,1.4,260.0
PROD-16188,2026-07-27,MINE-02,MINE-02-ZONE-C,220.0,156.7,39.43,12.2,3.8,1.4,260.0
PROD-16189,2026-07-27,MINE-02,MINE-02-ZONE-D,220.0,158.5,36.34,12.4,3.6,1.4,260.0
PROD-16190,2026-07-27,MINE-02,MINE-02-ZONE-E,220.0,213.6,32.45,14.7,1.3,1.4,260.0
PROD-16191,2026-07-27,MINE-03,MINE-03-ZONE-A,220.0,217.4,39.9,15.0,1.0,3.7,260.0
PROD-16192,2026-07-27,MINE-03,MINE-03-ZONE-B,220.0,179.9,32.26,13.9,2.1,3.7,260.0
PROD-16193,2026-07-27,MINE-03,MINE-03-ZONE-C,220.0,189.9,42.92,13.1,2.9,3.7,260.0
PROD-16194,2026-07-27,MINE-03,MINE-03-ZONE-D,220.0,205.7,36.23,14.1,1.9,3.7,260.0
PROD-16195,2026-07-27,MINE-03,MINE-03-ZONE-E,220.0,172.1,32.35,11.6,4.4,3.7,260.0
PROD-16196,2026-07-27,MINE-04,MINE-04-ZONE-A,220.0,173.1,41.64,13.1,2.9,18.1,260.0
PROD-16197,2026-07-27,MINE-04,MINE-04-ZONE-B,220.0,196.1,32.72,14.4,1.6,18.1,260.0
PROD-16198,2026-07-27,MINE-04,MINE-04-ZONE-C,220.0,191.3,43.09,14.8,1.2,18.1,260.0
PROD-16199,2026-07-27,MINE-04,MINE-04-ZONE-D,220.0,189.6,43.7,15.4,0.6,18.1,260.0
PROD-16200,2026-07-27,MINE-04,MINE-04-ZONE-E,220.0,161.8,38.7,13.1,2.9,18.1,260.0
PROD-16201,2026-07-28,MINE-01,MINE-01-ZONE-A,264.0,112.8,35.51,9.3,6.7,56.0,260.0
PROD-16202,2026-07-28,MINE-01,MINE-01-ZONE-B,264.0,172.4,38.38,12.2,3.8,56.0,260.0
PROD-16203,2026-07-28,MINE-01,MINE-01-ZONE-C,264.0,147.8,40.31,10.2,5.8,56.0,260.0
PROD-16204,2026-07-28,MINE-01,MINE-01-ZONE-D,264.0,158.4,41.69,11.5,4.5,56.0,260.0
PROD-16205,2026-07-28,MINE-01,MINE-01-ZONE-E,264.0,176.6,33.49,12.8,3.2,56.0,260.0
PROD-16206,2026-07-28,MINE-02,MINE-02-ZONE-A,264.0,146.5,42.92,10.2,5.8,47.1,260.0
PROD-16207,2026-07-28,MINE-02,MINE-02-ZONE-B,264.0,195.2,35.57,12.8,3.2,47.1,260.0
PROD-16208,2026-07-28,MINE-02,MINE-02-ZONE-C,264.0,165.6,42.98,11.8,4.2,47.1,260.0
PROD-16209,2026-07-28,MINE-02,MINE-02-ZONE-D,264.0,172.0,37.82,11.6,4.4,47.1,260.0
PROD-16210,2026-07-28,MINE-02,MINE-02-ZONE-E,264.0,149.8,41.74,11.2,4.8,47.1,260.0
PROD-16211,2026-07-28,MINE-03,MINE-03-ZONE-A,264.0,182.4,41.97,11.7,4.3,0.3,260.0
PROD-16212,2026-07-28,MINE-03,MINE-03-ZONE-B,264.0,239.5,34.84,14.2,1.8,0.3,260.0
PROD-16213,2026-07-28,MINE-03,MINE-03-ZONE-C,264.0,197.4,33.02,12.2,3.8,0.3,260.0
PROD-16214,2026-07-28,MINE-03,MINE-03-ZONE-D,264.0,235.0,40.14,14.9,1.1,0.3,260.0
PROD-16215,2026-07-28,MINE-03,MINE-03-ZONE-E,264.0,215.5,37.24,12.4,3.6,0.3,260.0
PROD-16216,2026-07-28,MINE-04,MINE-04-ZONE-A,264.0,129.6,36.26,11.9,4.1,94.6,260.0
PROD-16217,2026-07-28,MINE-04,MINE-04-ZONE-B,264.0,108.9,34.22,9.2,6.8,94.6,260.0
PROD-16218,2026-07-28,MINE-04,MINE-04-ZONE-C,264.0,141.5,40.23,11.6,4.4,94.6,260.0
PROD-16219,2026-07-28,MINE-04,MINE-04-ZONE-D,264.0,125.5,39.94,9.9,6.1,94.6,260.0
PROD-16220,2026-07-28,MINE-04,MINE-04-ZONE-E,264.0,162.2,39.1,12.7,3.3,94.6,260.0
PROD-16221,2026-07-29,MINE-01,MINE-01-ZONE-A,268.0,255.8,33.49,14.5,1.5,0.2,260.0
PROD-16222,2026-07-29,MINE-01,MINE-01-ZONE-B,268.0,237.8,41.97,13.8,2.2,0.2,260.0
PROD-16223,2026-07-29,MINE-01,MINE-01-ZONE-C,268.0,231.8,40.9,14.2,1.8,0.2,260.0
PROD-16224,2026-07-29,MINE-01,MINE-01-ZONE-D,268.0,217.4,41.59,13.7,2.3,0.2,260.0
PROD-16225,2026-07-29,MINE-01,MINE-01-ZONE-E,268.0,264.1,35.53,15.4,0.6,0.2,260.0
PROD-16226,2026-07-29,MINE-02,MINE-02-ZONE-A,268.0,145.4,33.38,10.8,5.2,70.1,260.0
PROD-16227,2026-07-29,MINE-02,MINE-02-ZONE-B,268.0,128.4,32.37,10.1,5.9,70.1,260.0
PROD-16228,2026-07-29,MINE-02,MINE-02-ZONE-C,268.0,146.2,35.46,10.7,5.3,70.1,260.0
PROD-16229,2026-07-29,MINE-02,MINE-02-ZONE-D,268.0,121.2,43.01,10.2,5.8,70.1,260.0
PROD-16230,2026-07-29,MINE-02,MINE-02-ZONE-E,268.0,183.6,36.96,12.9,3.1,70.1,260.0
PROD-16231,2026-07-29,MINE-03,MINE-03-ZONE-A,268.0,175.6,36.23,11.8,4.2,29.5,260.0
PROD-16232,2026-07-29,MINE-03,MINE-03-ZONE-B,268.0,202.1,34.52,12.7,3.3,29.5,260.0
PROD-16233,2026-07-29,MINE-03,MINE-03-ZONE-C,268.0,185.0,32.93,12.1,3.9,29.5,260.0
PROD-16234,2026-07-29,MINE-03,MINE-03-ZONE-D,268.0,241.3,33.61,15.3,0.7,29.5,260.0
PROD-16235,2026-07-29,MINE-03,MINE-03-ZONE-E,268.0,225.6,35.96,14.9,1.1,29.5,260.0
PROD-16236,2026-07-29,MINE-04,MINE-04-ZONE-A,268.0,237.8,39.53,13.7,2.3,2.6,260.0
PROD-16237,2026-07-29,MINE-04,MINE-04-ZONE-B,268.0,189.3,38.89,11.8,4.2,2.6,260.0
PROD-16238,2026-07-29,MINE-04,MINE-04-ZONE-C,268.0,239.5,40.5,14.8,1.2,2.6,260.0
PROD-16239,2026-07-29,MINE-04,MINE-04-ZONE-D,268.0,249.7,33.78,15.0,1.0,2.6,260.0
PROD-16240,2026-07-29,MINE-04,MINE-04-ZONE-E,268.0,240.3,41.74,14.3,1.7,2.6,260.0
PROD-16241,2026-07-30,MINE-01,MINE-01-ZONE-A,272.0,214.5,32.46,13.6,2.4,22.8,260.0
PROD-16242,2026-07-30,MINE-01,MINE-01-ZONE-B,272.0,220.1,42.49,13.5,2.5,22.8,260.0
PROD-16243,2026-07-30,MINE-01,MINE-01-ZONE-C,272.0,191.5,35.41,11.9,4.1,22.8,260.0
PROD-16244,2026-07-30,MINE-01,MINE-01-ZONE-D,272.0,195.3,40.85,12.2,3.8,22.8,260.0
PROD-16245,2026-07-30,MINE-01,MINE-01-ZONE-E,272.0,209.9,40.64,13.7,2.3,22.8,260.0
PROD-16246,2026-07-30,MINE-02,MINE-02-ZONE-A,272.0,122.8,33.59,9.4,6.6,73.3,260.0
PROD-16247,2026-07-30,MINE-02,MINE-02-ZONE-B,272.0,131.8,37.06,10.3,5.7,73.3,260.0
PROD-16248,2026-07-30,MINE-02,MINE-02-ZONE-C,272.0,115.8,35.96,9.6,6.4,73.3,260.0
PROD-16249,2026-07-30,MINE-02,MINE-02-ZONE-D,272.0,137.2,32.36,10.7,5.3,73.3,260.0
PROD-16250,2026-07-30,MINE-02,MINE-02-ZONE-E,272.0,161.6,37.36,12.3,3.7,73.3,260.0
PROD-16251,2026-07-30,MINE-03,MINE-03-ZONE-A,272.0,156.0,36.51,10.5,5.5,58.3,260.0
PROD-16252,2026-07-30,MINE-03,MINE-03-ZONE-B,272.0,165.0,41.31,12.5,3.5,58.3,260.0
PROD-16253,2026-07-30,MINE-03,MINE-03-ZONE-C,272.0,163.4,37.79,12.4,3.6,58.3,260.0
PROD-16254,2026-07-30,MINE-03,MINE-03-ZONE-D,272.0,171.9,43.3,11.6,4.4,58.3,260.0
PROD-16255,2026-07-30,MINE-03,MINE-03-ZONE-E,272.0,149.5,40.32,9.7,6.3,58.3,260.0
PROD-16256,2026-07-30,MINE-04,MINE-04-ZONE-A,272.0,145.2,42.88,12.2,3.8,80.8,260.0
PROD-16257,2026-07-30,MINE-04,MINE-04-ZONE-B,272.0,121.7,36.07,10.5,5.5,80.8,260.0
PROD-16258,2026-07-30,MINE-04,MINE-04-ZONE-C,272.0,113.6,34.89,9.2,6.8,80.8,260.0
PROD-16259,2026-07-30,MINE-04,MINE-04-ZONE-D,272.0,147.6,43.56,11.8,4.2,80.8,260.0
PROD-16260,2026-07-30,MINE-04,MINE-04-ZONE-E,272.0,117.0,37.22,9.4,6.6,80.8,260.0
PROD-16261,2026-07-31,MINE-01,MINE-01-ZONE-A,276.0,222.1,43.91,14.8,1.2,28.6,260.0
PROD-16262,2026-07-31,MINE-01,MINE-01-ZONE-B,276.0,189.4,34.44,11.7,4.3,28.6,260.0
PROD-16263,2026-07-31,MINE-01,MINE-01-ZONE-C,276.0,206.8,37.8,12.3,3.7,28.6,260.0
PROD-16264,2026-07-31,MINE-01,MINE-01-ZONE-D,276.0,190.9,36.98,11.6,4.4,28.6,260.0
PROD-16265,2026-07-31,MINE-01,MINE-01-ZONE-E,276.0,250.9,39.35,15.3,0.7,28.6,260.0
PROD-16266,2026-07-31,MINE-02,MINE-02-ZONE-A,276.0,195.9,41.64,12.5,3.5,21.3,260.0
PROD-16267,2026-07-31,MINE-02,MINE-02-ZONE-B,276.0,199.0,37.01,13.2,2.8,21.3,260.0
PROD-16268,2026-07-31,MINE-02,MINE-02-ZONE-C,276.0,197.3,32.95,12.6,3.4,21.3,260.0
PROD-16269,2026-07-31,MINE-02,MINE-02-ZONE-D,276.0,256.2,40.17,15.1,0.9,21.3,260.0
PROD-16270,2026-07-31,MINE-02,MINE-02-ZONE-E,276.0,222.7,33.12,13.3,2.7,21.3,260.0
PROD-16271,2026-07-31,MINE-03,MINE-03-ZONE-A,276.0,214.7,34.78,12.6,3.4,2.1,260.0
PROD-16272,2026-07-31,MINE-03,MINE-03-ZONE-B,276.0,234.8,32.55,13.9,2.1,2.1,260.0
PROD-16273,2026-07-31,MINE-03,MINE-03-ZONE-C,276.0,206.0,34.91,11.7,4.3,2.1,260.0
PROD-16274,2026-07-31,MINE-03,MINE-03-ZONE-D,276.0,265.9,32.43,15.2,0.8,2.1,260.0
PROD-16275,2026-07-31,MINE-03,MINE-03-ZONE-E,276.0,240.2,38.21,13.2,2.8,2.1,260.0
PROD-16276,2026-07-31,MINE-04,MINE-04-ZONE-A,276.0,209.2,40.15,13.5,2.5,27.5,260.0
PROD-16277,2026-07-31,MINE-04,MINE-04-ZONE-B,276.0,169.6,36.46,11.6,4.4,27.5,260.0
PROD-16278,2026-07-31,MINE-04,MINE-04-ZONE-C,276.0,188.7,32.94,12.5,3.5,27.5,260.0
PROD-16279,2026-07-31,MINE-04,MINE-04-ZONE-D,276.0,249.2,34.08,15.1,0.9,27.5,260.0
PROD-16280,2026-07-31,MINE-04,MINE-04-ZONE-E,276.0,229.4,32.4,14.9,1.1,27.5,260.0
PROD-16281,2026-08-01,MINE-01,MINE-01-ZONE-A,280.0,143.3,40.8,10.2,5.8,76.2,260.0
PROD-16282,2026-08-01,MINE-01,MINE-01-ZONE-B,280.0,150.9,37.2,10.2,5.8,76.2,260.0
PROD-16283,2026-08-01,MINE-01,MINE-01-ZONE-C,280.0,134.8,42.92,11.0,5.0,76.2,260.0
PROD-16284,2026-08-01,MINE-01,MINE-01-ZONE-D,280.0,150.7,38.52,10.3,5.7,76.2,260.0
PROD-16285,2026-08-01,MINE-01,MINE-01-ZONE-E,280.0,142.3,43.32,10.5,5.5,76.2,260.0
PROD-16286,2026-08-01,MINE-02,MINE-02-ZONE-A,280.0,187.2,38.39,11.5,4.5,1.5,260.0
PROD-16287,2026-08-01,MINE-02,MINE-02-ZONE-B,280.0,250.0,43.43,14.7,1.3,1.5,260.0
PROD-16288,2026-08-01,MINE-02,MINE-02-ZONE-C,280.0,226.7,41.07,13.7,2.3,1.5,260.0
PROD-16289,2026-08-01,MINE-02,MINE-02-ZONE-D,280.0,214.0,34.98,12.4,3.6,1.5,260.0
PROD-16290,2026-08-01,MINE-02,MINE-02-ZONE-E,280.0,220.5,41.65,12.0,4.0,1.5,260.0
PROD-16291,2026-08-01,MINE-03,MINE-03-ZONE-A,280.0,151.8,35.59,10.0,6.0,46.7,260.0
PROD-16292,2026-08-01,MINE-03,MINE-03-ZONE-B,280.0,144.1,34.24,10.2,5.8,46.7,260.0
PROD-16293,2026-08-01,MINE-03,MINE-03-ZONE-C,280.0,147.0,37.77,9.9,6.1,46.7,260.0
PROD-16294,2026-08-01,MINE-03,MINE-03-ZONE-D,280.0,196.1,35.68,12.4,3.6,46.7,260.0
PROD-16295,2026-08-01,MINE-03,MINE-03-ZONE-E,280.0,137.2,39.78,9.6,6.4,46.7,260.0
PROD-16296,2026-08-01,MINE-04,MINE-04-ZONE-A,280.0,260.4,34.0,14.7,1.3,3.1,260.0
PROD-16297,2026-08-01,MINE-04,MINE-04-ZONE-B,280.0,243.7,36.88,13.5,2.5,3.1,260.0
PROD-16298,2026-08-01,MINE-04,MINE-04-ZONE-C,280.0,246.1,35.93,13.7,2.3,3.1,260.0
PROD-16299,2026-08-01,MINE-04,MINE-04-ZONE-D,280.0,267.6,37.69,15.1,0.9,3.1,260.0
PROD-16300,2026-08-01,MINE-04,MINE-04-ZONE-E,280.0,205.6,39.31,12.2,3.8,3.1,260.0
PROD-16301,2026-08-02,MINE-01,MINE-01-ZONE-A,240.0,163.2,37.35,12.3,3.7,32.4,260.0
PROD-16302,2026-08-02,MINE-01,MINE-01-ZONE-B,240.0,183.6,35.09,12.6,3.4,32.4,260.0
PROD-16303,2026-08-02,MINE-01,MINE-01-ZONE-C,240.0,122.9,41.52,9.7,6.3,32.4,260.0
PROD-16304,2026-08-02,MINE-01,MINE-01-ZONE-D,240.0,137.2,33.1,10.5,5.5,32.4,260.0
PROD-16305,2026-08-02,MINE-01,MINE-01-ZONE-E,240.0,167.7,36.84,11.7,4.3,32.4,260.0
PROD-16306,2026-08-02,MINE-02,MINE-02-ZONE-A,240.0,115.0,35.35,10.4,5.6,68.1,260.0
PROD-16307,2026-08-02,MINE-02,MINE-02-ZONE-B,240.0,113.6,41.51,9.2,6.8,68.1,260.0
PROD-16308,2026-08-02,MINE-02,MINE-02-ZONE-C,240.0,113.0,38.67,10.7,5.3,68.1,260.0
PROD-16309,2026-08-02,MINE-02,MINE-02-ZONE-D,240.0,124.0,41.19,10.7,5.3,68.1,260.0
PROD-16310,2026-08-02,MINE-02,MINE-02-ZONE-E,240.0,123.2,40.01,10.6,5.4,68.1,260.0
PROD-16311,2026-08-02,MINE-03,MINE-03-ZONE-A,240.0,108.5,42.77,9.8,6.2,57.6,260.0
PROD-16312,2026-08-02,MINE-03,MINE-03-ZONE-B,240.0,130.2,42.08,10.4,5.6,57.6,260.0
PROD-16313,2026-08-02,MINE-03,MINE-03-ZONE-C,240.0,141.5,34.92,10.7,5.3,57.6,260.0
PROD-16314,2026-08-02,MINE-03,MINE-03-ZONE-D,240.0,126.7,42.57,9.9,6.1,57.6,260.0
PROD-16315,2026-08-02,MINE-03,MINE-03-ZONE-E,240.0,151.6,37.89,12.5,3.5,57.6,260.0
PROD-16316,2026-08-02,MINE-04,MINE-04-ZONE-A,240.0,121.8,37.61,12.3,3.7,89.0,260.0
PROD-16317,2026-08-02,MINE-04,MINE-04-ZONE-B,240.0,139.2,41.28,12.1,3.9,89.0,260.0
PROD-16318,2026-08-02,MINE-04,MINE-04-ZONE-C,240.0,137.3,40.55,12.8,3.2,89.0,260.0
PROD-16319,2026-08-02,MINE-04,MINE-04-ZONE-D,240.0,131.5,43.04,12.2,3.8,89.0,260.0
PROD-16320,2026-08-02,MINE-04,MINE-04-ZONE-E,240.0,126.8,43.56,10.2,5.8,89.0,260.0
PROD-16321,2026-08-03,MINE-01,MINE-01-ZONE-A,244.0,119.1,43.14,11.0,5.0,81.4,260.0
PROD-16322,2026-08-03,MINE-01,MINE-01-ZONE-B,244.0,108.9,36.62,9.9,6.1,81.4,260.0
PROD-16323,2026-08-03,MINE-01,MINE-01-ZONE-C,244.0,124.6,40.11,9.8,6.2,81.4,260.0
PROD-16324,2026-08-03,MINE-01,MINE-01-ZONE-D,244.0,126.1,41.83,11.2,4.8,81.4,260.0
PROD-16325,2026-08-03,MINE-01,MINE-01-ZONE-E,244.0,121.6,41.91,9.3,6.7,81.4,260.0
PROD-16326,2026-08-03,MINE-02,MINE-02-ZONE-A,244.0,135.9,40.12,11.2,4.8,61.4,260.0
PROD-16327,2026-08-03,MINE-02,MINE-02-ZONE-B,244.0,154.8,32.81,12.8,3.2,61.4,260.0
PROD-16328,2026-08-03,MINE-02,MINE-02-ZONE-C,244.0,138.2,39.65,10.1,5.9,61.4,260.0
PROD-16329,2026-08-03,MINE-02,MINE-02-ZONE-D,244.0,135.8,39.67,11.1,4.9,61.4,260.0
PROD-16330,2026-08-03,MINE-02,MINE-02-ZONE-E,244.0,107.4,43.62,9.2,6.8,61.4,260.0
PROD-16331,2026-08-03,MINE-03,MINE-03-ZONE-A,244.0,117.8,32.44,9.3,6.7,32.9,260.0
PROD-16332,2026-08-03,MINE-03,MINE-03-ZONE-B,244.0,149.4,37.21,11.4,4.6,32.9,260.0
PROD-16333,2026-08-03,MINE-03,MINE-03-ZONE-C,244.0,160.2,35.04,12.2,3.8,32.9,260.0
PROD-16334,2026-08-03,MINE-03,MINE-03-ZONE-D,244.0,169.7,33.05,12.8,3.2,32.9,260.0
PROD-16335,2026-08-03,MINE-03,MINE-03-ZONE-E,244.0,139.5,35.0,10.3,5.7,32.9,260.0
PROD-16336,2026-08-03,MINE-04,MINE-04-ZONE-A,244.0,142.9,33.65,10.1,5.9,47.7,260.0
PROD-16337,2026-08-03,MINE-04,MINE-04-ZONE-B,244.0,144.3,38.89,12.0,4.0,47.7,260.0
PROD-16338,2026-08-03,MINE-04,MINE-04-ZONE-C,244.0,140.7,40.05,10.7,5.3,47.7,260.0
PROD-16339,2026-08-03,MINE-04,MINE-04-ZONE-D,244.0,145.0,36.91,10.4,5.6,47.7,260.0
PROD-16340,2026-08-03,MINE-04,MINE-04-ZONE-E,244.0,129.3,35.8,10.5,5.5,47.7,260.0
PROD-16341,2026-08-04,MINE-01,MINE-01-ZONE-A,248.0,112.3,38.52,9.6,6.4,69.7,260.0
PROD-16342,2026-08-04,MINE-01,MINE-01-ZONE-B,248.0,143.4,42.95,10.5,5.5,69.7,260.0
PROD-16343,2026-08-04,MINE-01,MINE-01-ZONE-C,248.0,125.2,38.01,9.7,6.3,69.7,260.0
PROD-16344,2026-08-04,MINE-01,MINE-01-ZONE-D,248.0,126.0,36.93,9.3,6.7,69.7,260.0
PROD-16345,2026-08-04,MINE-01,MINE-01-ZONE-E,248.0,100.9,37.88,9.0,7.0,69.7,260.0
PROD-16346,2026-08-04,MINE-02,MINE-02-ZONE-A,248.0,208.6,41.35,13.1,2.9,1.6,260.0
PROD-16347,2026-08-04,MINE-02,MINE-02-ZONE-B,248.0,222.5,33.15,15.0,1.0,1.6,260.0
PROD-16348,2026-08-04,MINE-02,MINE-02-ZONE-C,248.0,227.0,40.93,13.9,2.1,1.6,260.0
PROD-16349,2026-08-04,MINE-02,MINE-02-ZONE-D,248.0,222.4,40.84,13.5,2.5,1.6,260.0
PROD-16350,2026-08-04,MINE-02,MINE-02-ZONE-E,248.0,194.4,33.81,13.5,2.5,1.6,260.0
PROD-16351,2026-08-04,MINE-03,MINE-03-ZONE-A,248.0,129.3,36.19,10.6,5.4,72.8,260.0
PROD-16352,2026-08-04,MINE-03,MINE-03-ZONE-B,248.0,118.5,42.0,9.4,6.6,72.8,260.0
PROD-16353,2026-08-04,MINE-03,MINE-03-ZONE-C,248.0,152.9,36.88,11.8,4.2,72.8,260.0
PROD-16354,2026-08-04,MINE-03,MINE-03-ZONE-D,248.0,112.8,42.17,10.5,5.5,72.8,260.0
PROD-16355,2026-08-04,MINE-03,MINE-03-ZONE-E,248.0,140.6,36.22,11.1,4.9,72.8,260.0
PROD-16356,2026-08-04,MINE-04,MINE-04-ZONE-A,248.0,173.9,33.36,13.0,3.0,25.6,260.0
PROD-16357,2026-08-04,MINE-04,MINE-04-ZONE-B,248.0,199.1,43.76,14.3,1.7,25.6,260.0
PROD-16358,2026-08-04,MINE-04,MINE-04-ZONE-C,248.0,160.9,43.31,12.2,3.8,25.6,260.0
PROD-16359,2026-08-04,MINE-04,MINE-04-ZONE-D,248.0,221.3,40.78,15.5,0.5,25.6,260.0
PROD-16360,2026-08-04,MINE-04,MINE-04-ZONE-E,248.0,174.9,34.65,12.5,3.5,25.6,260.0
PROD-16361,2026-08-05,MINE-01,MINE-01-ZONE-A,252.0,126.1,41.01,11.3,4.7,69.7,260.0
PROD-16362,2026-08-05,MINE-01,MINE-01-ZONE-B,252.0,131.4,33.3,9.4,6.6,69.7,260.0
PROD-16363,2026-08-05,MINE-01,MINE-01-ZONE-C,252.0,133.2,36.07,10.8,5.2,69.7,260.0
PROD-16364,2026-08-05,MINE-01,MINE-01-ZONE-D,252.0,125.5,33.32,9.3,6.7,69.7,260.0
PROD-16365,2026-08-05,MINE-01,MINE-01-ZONE-E,252.0,104.3,42.01,9.0,7.0,69.7,260.0
PROD-16366,2026-08-05,MINE-02,MINE-02-ZONE-A,252.0,153.9,39.32,12.8,3.2,66.3,260.0
PROD-16367,2026-08-05,MINE-02,MINE-02-ZONE-B,252.0,133.8,33.04,11.2,4.8,66.3,260.0
PROD-16368,2026-08-05,MINE-02,MINE-02-ZONE-C,252.0,139.9,36.78,11.3,4.7,66.3,260.0
PROD-16369,2026-08-05,MINE-02,MINE-02-ZONE-D,252.0,153.2,36.82,12.8,3.2,66.3,260.0
PROD-16370,2026-08-05,MINE-02,MINE-02-ZONE-E,252.0,132.6,36.08,9.4,6.6,66.3,260.0
PROD-16371,2026-08-05,MINE-03,MINE-03-ZONE-A,252.0,249.7,35.01,15.4,0.6,1.0,260.0
PROD-16372,2026-08-05,MINE-03,MINE-03-ZONE-B,252.0,218.1,37.05,14.2,1.8,1.0,260.0
PROD-16373,2026-08-05,MINE-03,MINE-03-ZONE-C,252.0,195.5,40.09,11.7,4.3,1.0,260.0
PROD-16374,2026-08-05,MINE-03,MINE-03-ZONE-D,252.0,230.0,40.97,13.9,2.1,1.0,260.0
PROD-16375,2026-08-05,MINE-03,MINE-03-ZONE-E,252.0,240.7,33.35,14.9,1.1,1.0,260.0
PROD-16376,2026-08-05,MINE-04,MINE-04-ZONE-A,252.0,256.8,42.84,15.5,0.5,1.6,260.0
PROD-16377,2026-08-05,MINE-04,MINE-04-ZONE-B,252.0,202.2,43.08,12.1,3.9,1.6,260.0
PROD-16378,2026-08-05,MINE-04,MINE-04-ZONE-C,252.0,194.7,38.95,13.3,2.7,1.6,260.0
PROD-16379,2026-08-05,MINE-04,MINE-04-ZONE-D,252.0,236.3,41.27,14.2,1.8,1.6,260.0
PROD-16380,2026-08-05,MINE-04,MINE-04-ZONE-E,252.0,169.3,38.27,11.6,4.4,1.6,260.0
PROD-16381,2026-08-06,MINE-01,MINE-01-ZONE-A,256.0,190.0,40.26,12.1,3.9,3.8,260.0
PROD-16382,2026-08-06,MINE-01,MINE-01-ZONE-B,256.0,222.9,34.89,14.7,1.3,3.8,260.0
PROD-16383,2026-08-06,MINE-01,MINE-01-ZONE-C,256.0,185.2,41.64,12.3,3.7,3.8,260.0
PROD-16384,2026-08-06,MINE-01,MINE-01-ZONE-D,256.0,210.3,32.2,12.5,3.5,3.8,260.0
PROD-16385,2026-08-06,MINE-01,MINE-01-ZONE-E,256.0,183.0,35.38,12.0,4.0,3.8,260.0
PROD-16386,2026-08-06,MINE-02,MINE-02-ZONE-A,256.0,117.5,32.98,10.7,5.3,94.1,260.0
PROD-16387,2026-08-06,MINE-02,MINE-02-ZONE-B,256.0,104.0,41.81,9.5,6.5,94.1,260.0
PROD-16388,2026-08-06,MINE-02,MINE-02-ZONE-C,256.0,110.4,34.26,9.4,6.6,94.1,260.0
PROD-16389,2026-08-06,MINE-02,MINE-02-ZONE-D,256.0,116.4,34.73,9.6,6.4,94.1,260.0
PROD-16390,2026-08-06,MINE-02,MINE-02-ZONE-E,256.0,132.7,40.2,12.4,3.6,94.1,260.0
PROD-16391,2026-08-06,MINE-03,MINE-03-ZONE-A,256.0,139.5,36.01,11.4,4.6,79.9,260.0
PROD-16392,2026-08-06,MINE-03,MINE-03-ZONE-B,256.0,108.1,33.32,9.3,6.7,79.9,260.0
PROD-16393,2026-08-06,MINE-03,MINE-03-ZONE-C,256.0,163.5,35.66,12.9,3.1,79.9,260.0
PROD-16394,2026-08-06,MINE-03,MINE-03-ZONE-D,256.0,121.4,32.78,9.6,6.4,79.9,260.0
PROD-16395,2026-08-06,MINE-03,MINE-03-ZONE-E,256.0,125.4,32.39,10.2,5.8,79.9,260.0
PROD-16396,2026-08-06,MINE-04,MINE-04-ZONE-A,256.0,123.6,34.66,11.7,4.3,89.2,260.0
PROD-16397,2026-08-06,MINE-04,MINE-04-ZONE-B,256.0,147.7,40.68,11.9,4.1,89.2,260.0
PROD-16398,2026-08-06,MINE-04,MINE-04-ZONE-C,256.0,139.3,41.17,12.1,3.9,89.2,260.0
PROD-16399,2026-08-06,MINE-04,MINE-04-ZONE-D,256.0,151.8,41.27,13.0,3.0,89.2,260.0
PROD-16400,2026-08-06,MINE-04,MINE-04-ZONE-E,256.0,110.3,40.41,10.2,5.8,89.2,260.0
PROD-16401,2026-08-07,MINE-01,MINE-01-ZONE-A,300.0,182.7,38.48,12.8,3.2,82.8,260.0
PROD-16402,2026-08-07,MINE-01,MINE-01-ZONE-B,300.0,164.9,43.89,11.9,4.1,82.8,260.0
PROD-16403,2026-08-07,MINE-01,MINE-01-ZONE-C,300.0,183.4,32.4,12.1,3.9,82.8,260.0
PROD-16404,2026-08-07,MINE-01,MINE-01-ZONE-D,300.0,134.4,37.55,10.4,5.6,82.8,260.0
PROD-16405,2026-08-07,MINE-01,MINE-01-ZONE-E,300.0,144.1,37.29,9.7,6.3,82.8,260.0
PROD-16406,2026-08-07,MINE-02,MINE-02-ZONE-A,300.0,272.4,40.45,15.1,0.9,1.5,260.0
PROD-16407,2026-08-07,MINE-02,MINE-02-ZONE-B,300.0,214.1,42.78,12.0,4.0,1.5,260.0
PROD-16408,2026-08-07,MINE-02,MINE-02-ZONE-C,300.0,219.4,34.55,12.2,3.8,1.5,260.0
PROD-16409,2026-08-07,MINE-02,MINE-02-ZONE-D,300.0,231.7,40.94,11.9,4.1,1.5,260.0
PROD-16410,2026-08-07,MINE-02,MINE-02-ZONE-E,300.0,286.1,42.16,15.1,0.9,1.5,260.0
PROD-16411,2026-08-07,MINE-03,MINE-03-ZONE-A,300.0,193.1,37.45,11.5,4.5,36.2,260.0
PROD-16412,2026-08-07,MINE-03,MINE-03-ZONE-B,300.0,173.4,36.26,10.6,5.4,36.2,260.0
PROD-16413,2026-08-07,MINE-03,MINE-03-ZONE-C,300.0,224.1,34.84,12.6,3.4,36.2,260.0
PROD-16414,2026-08-07,MINE-03,MINE-03-ZONE-D,300.0,172.4,32.37,10.2,5.8,36.2,260.0
PROD-16415,2026-08-07,MINE-03,MINE-03-ZONE-E,300.0,184.9,40.23,10.2,5.8,36.2,260.0
PROD-16416,2026-08-07,MINE-04,MINE-04-ZONE-A,300.0,245.9,39.08,12.6,3.4,3.0,260.0
PROD-16417,2026-08-07,MINE-04,MINE-04-ZONE-B,300.0,233.6,38.58,12.4,3.6,3.0,260.0
PROD-16418,2026-08-07,MINE-04,MINE-04-ZONE-C,300.0,273.9,37.86,14.5,1.5,3.0,260.0
PROD-16419,2026-08-07,MINE-04,MINE-04-ZONE-D,300.0,284.8,35.45,14.7,1.3,3.0,260.0
PROD-16420,2026-08-07,MINE-04,MINE-04-ZONE-E,300.0,251.4,40.56,13.5,2.5,3.0,260.0
PROD-16421,2026-08-08,MINE-01,MINE-01-ZONE-A,304.0,187.1,36.63,12.0,4.0,51.0,260.0
PROD-16422,2026-08-08,MINE-01,MINE-01-ZONE-B,304.0,173.2,35.55,10.2,5.8,51.0,260.0
PROD-16423,2026-08-08,MINE-01,MINE-01-ZONE-C,304.0,140.5,33.79,9.0,7.0,51.0,260.0
PROD-16424,2026-08-08,MINE-01,MINE-01-ZONE-D,304.0,163.1,43.18,10.0,6.0,51.0,260.0
PROD-16425,2026-08-08,MINE-01,MINE-01-ZONE-E,304.0,170.7,37.97,11.5,4.5,51.0,260.0
PROD-16426,2026-08-08,MINE-02,MINE-02-ZONE-A,304.0,141.5,36.42,9.2,6.8,56.7,260.0
PROD-16427,2026-08-08,MINE-02,MINE-02-ZONE-B,304.0,165.5,42.43,10.7,5.3,56.7,260.0
PROD-16428,2026-08-08,MINE-02,MINE-02-ZONE-C,304.0,186.4,35.84,11.1,4.9,56.7,260.0
PROD-16429,2026-08-08,MINE-02,MINE-02-ZONE-D,304.0,208.8,34.19,12.4,3.6,56.7,260.0
PROD-16430,2026-08-08,MINE-02,MINE-02-ZONE-E,304.0,203.5,33.92,12.6,3.4,56.7,260.0
PROD-16431,2026-08-08,MINE-03,MINE-03-ZONE-A,304.0,280.4,43.19,15.4,0.6,1.2,260.0
PROD-16432,2026-08-08,MINE-03,MINE-03-ZONE-B,304.0,242.6,40.88,13.0,3.0,1.2,260.0
PROD-16433,2026-08-08,MINE-03,MINE-03-ZONE-C,304.0,210.1,37.23,11.7,4.3,1.2,260.0
PROD-16434,2026-08-08,MINE-03,MINE-03-ZONE-D,304.0,214.7,33.41,12.1,3.9,1.2,260.0
PROD-16435,2026-08-08,MINE-03,MINE-03-ZONE-E,304.0,229.3,41.46,11.5,4.5,1.2,260.0
PROD-16436,2026-08-08,MINE-04,MINE-04-ZONE-A,304.0,245.2,39.79,13.8,2.2,2.7,260.0
PROD-16437,2026-08-08,MINE-04,MINE-04-ZONE-B,304.0,257.2,32.04,13.1,2.9,2.7,260.0
PROD-16438,2026-08-08,MINE-04,MINE-04-ZONE-C,304.0,255.3,32.59,13.3,2.7,2.7,260.0
PROD-16439,2026-08-08,MINE-04,MINE-04-ZONE-D,304.0,241.0,38.0,12.0,4.0,2.7,260.0
PROD-16440,2026-08-08,MINE-04,MINE-04-ZONE-E,304.0,252.0,32.29,13.9,2.1,2.7,260.0
PROD-16441,2026-08-09,MINE-01,MINE-01-ZONE-A,224.0,106.6,40.0,9.3,6.7,83.7,260.0
PROD-16442,2026-08-09,MINE-01,MINE-01-ZONE-B,224.0,113.2,37.89,10.9,5.1,83.7,260.0
PROD-16443,2026-08-09,MINE-01,MINE-01-ZONE-C,224.0,101.8,35.33,11.0,5.0,83.7,260.0
PROD-16444,2026-08-09,MINE-01,MINE-01-ZONE-D,224.0,100.2,36.63,10.6,5.4,83.7,260.0
PROD-16445,2026-08-09,MINE-01,MINE-01-ZONE-E,224.0,144.8,33.26,12.5,3.5,83.7,260.0
PROD-16446,2026-08-09,MINE-02,MINE-02-ZONE-A,224.0,187.2,41.27,14.2,1.8,26.9,260.0
PROD-16447,2026-08-09,MINE-02,MINE-02-ZONE-B,224.0,165.6,37.21,13.1,2.9,26.9,260.0
PROD-16448,2026-08-09,MINE-02,MINE-02-ZONE-C,224.0,147.8,39.63,11.6,4.4,26.9,260.0
PROD-16449,2026-08-09,MINE-02,MINE-02-ZONE-D,224.0,146.4,40.34,11.7,4.3,26.9,260.0
PROD-16450,2026-08-09,MINE-02,MINE-02-ZONE-E,224.0,158.2,39.11,13.2,2.8,26.9,260.0
PROD-16451,2026-08-09,MINE-03,MINE-03-ZONE-A,224.0,192.0,42.38,14.8,1.2,2.1,260.0
PROD-16452,2026-08-09,MINE-03,MINE-03-ZONE-B,224.0,154.2,34.46,11.9,4.1,2.1,260.0
PROD-16453,2026-08-09,MINE-03,MINE-03-ZONE-C,224.0,204.0,40.75,13.9,2.1,2.1,260.0
PROD-16454,2026-08-09,MINE-03,MINE-03-ZONE-D,224.0,190.8,37.51,13.2,2.8,2.1,260.0
PROD-16455,2026-08-09,MINE-03,MINE-03-ZONE-E,224.0,201.2,40.04,14.4,1.6,2.1,260.0
PROD-16456,2026-08-09,MINE-04,MINE-04-ZONE-A,224.0,126.5,37.95,12.3,3.7,62.0,260.0
PROD-16457,2026-08-09,MINE-04,MINE-04-ZONE-B,224.0,142.6,35.19,12.6,3.4,62.0,260.0
PROD-16458,2026-08-09,MINE-04,MINE-04-ZONE-C,224.0,112.4,39.67,9.8,6.2,62.0,260.0
PROD-16459,2026-08-09,MINE-04,MINE-04-ZONE-D,224.0,140.3,38.61,12.2,3.8,62.0,260.0
PROD-16460,2026-08-09,MINE-04,MINE-04-ZONE-E,224.0,114.8,37.96,10.1,5.9,62.0,260.0
PROD-16461,2026-08-10,MINE-01,MINE-01-ZONE-A,228.0,204.2,35.39,13.5,2.5,2.6,260.0
PROD-16462,2026-08-10,MINE-01,MINE-01-ZONE-B,228.0,185.9,42.36,13.7,2.3,2.6,260.0
PROD-16463,2026-08-10,MINE-01,MINE-01-ZONE-C,228.0,187.5,40.14,13.0,3.0,2.6,260.0
PROD-16464,2026-08-10,MINE-01,MINE-01-ZONE-D,228.0,202.3,34.59,14.2,1.8,2.6,260.0
PROD-16465,2026-08-10,MINE-01,MINE-01-ZONE-E,228.0,203.0,38.94,14.6,1.4,2.6,260.0
PROD-16466,2026-08-10,MINE-02,MINE-02-ZONE-A,228.0,114.4,36.21,11.1,4.9,68.5,260.0
PROD-16467,2026-08-10,MINE-02,MINE-02-ZONE-B,228.0,122.4,39.34,9.9,6.1,68.5,260.0
PROD-16468,2026-08-10,MINE-02,MINE-02-ZONE-C,228.0,141.3,35.05,12.8,3.2,68.5,260.0
PROD-16469,2026-08-10,MINE-02,MINE-02-ZONE-D,228.0,106.4,36.58,10.4,5.6,68.5,260.0
PROD-16470,2026-08-10,MINE-02,MINE-02-ZONE-E,228.0,126.9,38.82,11.0,5.0,68.5,260.0
PROD-16471,2026-08-10,MINE-03,MINE-03-ZONE-A,228.0,108.3,34.53,9.2,6.8,63.7,260.0
PROD-16472,2026-08-10,MINE-03,MINE-03-ZONE-B,228.0,124.4,39.53,12.0,4.0,63.7,260.0
PROD-16473,2026-08-10,MINE-03,MINE-03-ZONE-C,228.0,140.0,38.68,12.0,4.0,63.7,260.0
PROD-16474,2026-08-10,MINE-03,MINE-03-ZONE-D,228.0,151.8,38.36,12.8,3.2,63.7,260.0
PROD-16475,2026-08-10,MINE-03,MINE-03-ZONE-E,228.0,132.8,41.4,10.9,5.1,63.7,260.0
PROD-16476,2026-08-10,MINE-04,MINE-04-ZONE-A,228.0,126.1,42.12,11.5,4.5,60.6,260.0
PROD-16477,2026-08-10,MINE-04,MINE-04-ZONE-B,228.0,149.1,32.64,12.3,3.7,60.6,260.0
PROD-16478,2026-08-10,MINE-04,MINE-04-ZONE-C,228.0,116.9,38.59,10.6,5.4,60.6,260.0
PROD-16479,2026-08-10,MINE-04,MINE-04-ZONE-D,228.0,127.7,33.49,11.0,5.0,60.6,260.0
PROD-16480,2026-08-10,MINE-04,MINE-04-ZONE-E,228.0,133.1,39.09,12.3,3.7,60.6,260.0
PROD-16481,2026-08-11,MINE-01,MINE-01-ZONE-A,232.0,174.7,40.95,12.8,3.2,3.2,260.0
PROD-16482,2026-08-11,MINE-01,MINE-01-ZONE-B,232.0,207.3,43.68,15.0,1.0,3.2,260.0
PROD-16483,2026-08-11,MINE-01,MINE-01-ZONE-C,232.0,165.8,34.65,12.3,3.7,3.2,260.0
PROD-16484,2026-08-11,MINE-01,MINE-01-ZONE-D,232.0,195.5,37.18,13.7,2.3,3.2,260.0
PROD-16485,2026-08-11,MINE-01,MINE-01-ZONE-E,232.0,156.1,34.93,11.9,4.1,3.2,260.0
PROD-16486,2026-08-11,MINE-02,MINE-02-ZONE-A,232.0,126.9,41.73,10.4,5.6,65.1,260.0
PROD-16487,2026-08-11,MINE-02,MINE-02-ZONE-B,232.0,140.8,39.73,11.2,4.8,65.1,260.0
PROD-16488,2026-08-11,MINE-02,MINE-02-ZONE-C,232.0,144.1,37.79,12.8,3.2,65.1,260.0
PROD-16489,2026-08-11,MINE-02,MINE-02-ZONE-D,232.0,128.1,41.37,10.4,5.6,65.1,260.0
PROD-16490,2026-08-11,MINE-02,MINE-02-ZONE-E,232.0,123.6,34.45,10.7,5.3,65.1,260.0
PROD-16491,2026-08-11,MINE-03,MINE-03-ZONE-A,232.0,174.4,34.54,11.8,4.2,3.4,260.0
PROD-16492,2026-08-11,MINE-03,MINE-03-ZONE-B,232.0,176.3,34.97,12.9,3.1,3.4,260.0
PROD-16493,2026-08-11,MINE-03,MINE-03-ZONE-C,232.0,156.6,40.28,11.8,4.2,3.4,260.0
PROD-16494,2026-08-11,MINE-03,MINE-03-ZONE-D,232.0,179.7,39.05,13.5,2.5,3.4,260.0
PROD-16495,2026-08-11,MINE-03,MINE-03-ZONE-E,232.0,169.6,32.6,11.9,4.1,3.4,260.0
PROD-16496,2026-08-11,MINE-04,MINE-04-ZONE-A,232.0,129.2,41.45,11.9,4.1,56.8,260.0
PROD-16497,2026-08-11,MINE-04,MINE-04-ZONE-B,232.0,144.4,36.48,11.5,4.5,56.8,260.0
PROD-16498,2026-08-11,MINE-04,MINE-04-ZONE-C,232.0,139.9,34.24,10.4,5.6,56.8,260.0
PROD-16499,2026-08-11,MINE-04,MINE-04-ZONE-D,232.0,118.4,38.92,10.6,5.4,56.8,260.0
PROD-16500,2026-08-11,MINE-04,MINE-04-ZONE-E,232.0,133.5,41.92,11.4,4.6,56.8,260.0
PROD-16501,2026-08-12,MINE-01,MINE-01-ZONE-A,276.0,219.1,38.25,13.7,2.3,3.4,260.0
PROD-16502,2026-08-12,MINE-01,MINE-01-ZONE-B,276.0,227.9,38.87,14.2,1.8,3.4,260.0
PROD-16503,2026-08-12,MINE-01,MINE-01-ZONE-C,276.0,254.1,38.95,14.4,1.6,3.4,260.0
PROD-16504,2026-08-12,MINE-01,MINE-01-ZONE-D,276.0,194.5,33.27,11.8,4.2,3.4,260.0
PROD-16505,2026-08-12,MINE-01,MINE-01-ZONE-E,276.0,198.7,35.6,12.4,3.6,3.4,260.0
PROD-16506,2026-08-12,MINE-02,MINE-02-ZONE-A,276.0,216.4,39.12,12.1,3.9,1.1,260.0
PROD-16507,2026-08-12,MINE-02,MINE-02-ZONE-B,276.0,240.1,35.34,14.5,1.5,1.1,260.0
PROD-16508,2026-08-12,MINE-02,MINE-02-ZONE-C,276.0,215.4,43.49,13.2,2.8,1.1,260.0
PROD-16509,2026-08-12,MINE-02,MINE-02-ZONE-D,276.0,260.4,32.85,15.1,0.9,1.1,260.0
PROD-16510,2026-08-12,MINE-02,MINE-02-ZONE-E,276.0,232.9,36.99,13.3,2.7,1.1,260.0
PROD-16511,2026-08-12,MINE-03,MINE-03-ZONE-A,276.0,206.7,33.36,11.9,4.1,3.6,260.0
PROD-16512,2026-08-12,MINE-03,MINE-03-ZONE-B,276.0,207.5,42.35,11.7,4.3,3.6,260.0
PROD-16513,2026-08-12,MINE-03,MINE-03-ZONE-C,276.0,221.3,43.65,13.2,2.8,3.6,260.0
PROD-16514,2026-08-12,MINE-03,MINE-03-ZONE-D,276.0,243.2,41.56,14.2,1.8,3.6,260.0
PROD-16515,2026-08-12,MINE-03,MINE-03-ZONE-E,276.0,190.4,33.07,11.9,4.1,3.6,260.0
PROD-16516,2026-08-12,MINE-04,MINE-04-ZONE-A,276.0,120.7,34.26,10.1,5.9,75.9,260.0
PROD-16517,2026-08-12,MINE-04,MINE-04-ZONE-B,276.0,146.1,39.72,11.2,4.8,75.9,260.0
PROD-16518,2026-08-12,MINE-04,MINE-04-ZONE-C,276.0,136.7,35.44,9.5,6.5,75.9,260.0
PROD-16519,2026-08-12,MINE-04,MINE-04-ZONE-D,276.0,129.5,36.61,9.3,6.7,75.9,260.0
PROD-16520,2026-08-12,MINE-04,MINE-04-ZONE-E,276.0,170.4,42.9,11.8,4.2,75.9,260.0
PROD-16521,2026-08-13,MINE-01,MINE-01-ZONE-A,280.0,174.1,32.04,11.9,4.1,78.2,260.0
PROD-16522,2026-08-13,MINE-01,MINE-01-ZONE-B,280.0,153.5,34.77,12.3,3.7,78.2,260.0
PROD-16523,2026-08-13,MINE-01,MINE-01-ZONE-C,280.0,145.4,39.48,10.2,5.8,78.2,260.0
PROD-16524,2026-08-13,MINE-01,MINE-01-ZONE-D,280.0,125.9,35.0,10.2,5.8,78.2,260.0
PROD-16525,2026-08-13,MINE-01,MINE-01-ZONE-E,280.0,159.1,42.32,11.9,4.1,78.2,260.0
PROD-16526,2026-08-13,MINE-02,MINE-02-ZONE-A,280.0,196.0,35.54,12.5,3.5,23.0,260.0
PROD-16527,2026-08-13,MINE-02,MINE-02-ZONE-B,280.0,231.1,32.74,14.4,1.6,23.0,260.0
PROD-16528,2026-08-13,MINE-02,MINE-02-ZONE-C,280.0,194.3,36.09,11.7,4.3,23.0,260.0
PROD-16529,2026-08-13,MINE-02,MINE-02-ZONE-D,280.0,191.4,32.6,11.8,4.2,23.0,260.0
PROD-16530,2026-08-13,MINE-02,MINE-02-ZONE-E,280.0,207.7,41.55,12.9,3.1,23.0,260.0
PROD-16531,2026-08-13,MINE-03,MINE-03-ZONE-A,280.0,181.0,42.24,12.0,4.0,49.4,260.0
PROD-16532,2026-08-13,MINE-03,MINE-03-ZONE-B,280.0,187.6,43.94,12.7,3.3,49.4,260.0
PROD-16533,2026-08-13,MINE-03,MINE-03-ZONE-C,280.0,169.7,36.05,11.6,4.4,49.4,260.0
PROD-16534,2026-08-13,MINE-03,MINE-03-ZONE-D,280.0,193.3,40.86,12.7,3.3,49.4,260.0
PROD-16535,2026-08-13,MINE-03,MINE-03-ZONE-E,280.0,134.1,34.05,10.0,6.0,49.4,260.0
PROD-16536,2026-08-13,MINE-04,MINE-04-ZONE-A,280.0,156.2,36.06,11.8,4.2,62.1,260.0
PROD-16537,2026-08-13,MINE-04,MINE-04-ZONE-B,280.0,181.3,42.87,12.7,3.3,62.1,260.0
PROD-16538,2026-08-13,MINE-04,MINE-04-ZONE-C,280.0,159.2,41.96,11.7,4.3,62.1,260.0
PROD-16539,2026-08-13,MINE-04,MINE-04-ZONE-D,280.0,168.8,36.03,10.9,5.1,62.1,260.0
PROD-16540,2026-08-13,MINE-04,MINE-04-ZONE-E,280.0,169.5,34.36,12.5,3.5,62.1,260.0
PROD-16541,2026-08-14,MINE-01,MINE-01-ZONE-A,284.0,180.4,32.15,11.4,4.6,47.6,260.0
PROD-16542,2026-08-14,MINE-01,MINE-01-ZONE-B,284.0,180.3,39.17,10.9,5.1,47.6,260.0
PROD-16543,2026-08-14,MINE-01,MINE-01-ZONE-C,284.0,136.4,37.17,9.3,6.7,47.6,260.0
PROD-16544,2026-08-14,MINE-01,MINE-01-ZONE-D,284.0,146.7,33.4,10.0,6.0,47.6,260.0
PROD-16545,2026-08-14,MINE-01,MINE-01-ZONE-E,284.0,146.2,36.48,10.4,5.6,47.6,260.0
PROD-16546,2026-08-14,MINE-02,MINE-02-ZONE-A,284.0,164.9,32.71,11.1,4.9,37.7,260.0
PROD-16547,2026-08-14,MINE-02,MINE-02-ZONE-B,284.0,191.3,35.65,11.7,4.3,37.7,260.0
PROD-16548,2026-08-14,MINE-02,MINE-02-ZONE-C,284.0,181.2,39.02,12.3,3.7,37.7,260.0
PROD-16549,2026-08-14,MINE-02,MINE-02-ZONE-D,284.0,202.3,39.8,12.5,3.5,37.7,260.0
PROD-16550,2026-08-14,MINE-02,MINE-02-ZONE-E,284.0,197.7,39.29,12.4,3.6,37.7,260.0
PROD-16551,2026-08-14,MINE-03,MINE-03-ZONE-A,284.0,148.4,35.41,11.0,5.0,69.2,260.0
PROD-16552,2026-08-14,MINE-03,MINE-03-ZONE-B,284.0,132.1,38.16,10.0,6.0,69.2,260.0
PROD-16553,2026-08-14,MINE-03,MINE-03-ZONE-C,284.0,169.3,42.82,11.6,4.4,69.2,260.0
PROD-16554,2026-08-14,MINE-03,MINE-03-ZONE-D,284.0,152.9,35.41,10.7,5.3,69.2,260.0
PROD-16555,2026-08-14,MINE-03,MINE-03-ZONE-E,284.0,167.6,32.07,12.3,3.7,69.2,260.0
PROD-16556,2026-08-14,MINE-04,MINE-04-ZONE-A,284.0,255.6,40.53,15.0,1.0,0.7,260.0
PROD-16557,2026-08-14,MINE-04,MINE-04-ZONE-B,284.0,261.5,32.52,15.1,0.9,0.7,260.0
PROD-16558,2026-08-14,MINE-04,MINE-04-ZONE-C,284.0,283.1,39.76,15.3,0.7,0.7,260.0
PROD-16559,2026-08-14,MINE-04,MINE-04-ZONE-D,284.0,223.0,43.76,12.7,3.3,0.7,260.0
PROD-16560,2026-08-14,MINE-04,MINE-04-ZONE-E,284.0,238.0,36.84,13.4,2.6,0.7,260.0
PROD-16561,2026-08-15,MINE-01,MINE-01-ZONE-A,288.0,214.7,40.29,13.0,3.0,29.3,260.0
PROD-16562,2026-08-15,MINE-01,MINE-01-ZONE-B,288.0,235.2,41.59,14.9,1.1,29.3,260.0
PROD-16563,2026-08-15,MINE-01,MINE-01-ZONE-C,288.0,251.1,37.48,15.0,1.0,29.3,260.0
PROD-16564,2026-08-15,MINE-01,MINE-01-ZONE-D,288.0,223.6,43.42,12.8,3.2,29.3,260.0
PROD-16565,2026-08-15,MINE-01,MINE-01-ZONE-E,288.0,188.1,35.28,11.8,4.2,29.3,260.0
PROD-16566,2026-08-15,MINE-02,MINE-02-ZONE-A,288.0,219.9,42.91,12.9,3.1,1.4,260.0
PROD-16567,2026-08-15,MINE-02,MINE-02-ZONE-B,288.0,263.4,40.63,14.2,1.8,1.4,260.0
PROD-16568,2026-08-15,MINE-02,MINE-02-ZONE-C,288.0,224.2,33.14,13.3,2.7,1.4,260.0
PROD-16569,2026-08-15,MINE-02,MINE-02-ZONE-D,288.0,264.0,42.59,14.7,1.3,1.4,260.0
PROD-16570,2026-08-15,MINE-02,MINE-02-ZONE-E,288.0,257.5,41.95,14.6,1.4,1.4,260.0
PROD-16571,2026-08-15,MINE-03,MINE-03-ZONE-A,288.0,166.6,43.58,10.9,5.1,33.5,260.0
PROD-16572,2026-08-15,MINE-03,MINE-03-ZONE-B,288.0,192.3,43.21,11.8,4.2,33.5,260.0
PROD-16573,2026-08-15,MINE-03,MINE-03-ZONE-C,288.0,154.2,33.77,9.1,6.9,33.5,260.0
PROD-16574,2026-08-15,MINE-03,MINE-03-ZONE-D,288.0,170.6,35.02,10.1,5.9,33.5,260.0
PROD-16575,2026-08-15,MINE-03,MINE-03-ZONE-E,288.0,195.9,42.0,12.3,3.7,33.5,260.0
PROD-16576,2026-08-15,MINE-04,MINE-04-ZONE-A,288.0,164.4,33.9,10.5,5.5,69.8,260.0
PROD-16577,2026-08-15,MINE-04,MINE-04-ZONE-B,288.0,122.5,43.25,9.0,7.0,69.8,260.0
PROD-16578,2026-08-15,MINE-04,MINE-04-ZONE-C,288.0,140.9,33.91,9.1,6.9,69.8,260.0
PROD-16579,2026-08-15,MINE-04,MINE-04-ZONE-D,288.0,153.3,32.47,10.9,5.1,69.8,260.0
PROD-16580,2026-08-15,MINE-04,MINE-04-ZONE-E,288.0,155.9,35.73,11.2,4.8,69.8,260.0
PROD-16581,2026-08-16,MINE-01,MINE-01-ZONE-A,208.0,160.2,34.37,12.5,3.5,30.4,260.0
PROD-16582,2026-08-16,MINE-01,MINE-01-ZONE-B,208.0,119.3,39.93,9.0,7.0,30.4,260.0
PROD-16583,2026-08-16,MINE-01,MINE-01-ZONE-C,208.0,117.9,40.47,10.0,6.0,30.4,260.0
PROD-16584,2026-08-16,MINE-01,MINE-01-ZONE-D,208.0,117.3,42.92,9.4,6.6,30.4,260.0
PROD-16585,2026-08-16,MINE-01,MINE-01-ZONE-E,208.0,153.6,40.41,11.8,4.2,30.4,260.0
PROD-16586,2026-08-16,MINE-02,MINE-02-ZONE-A,208.0,154.1,42.36,11.9,4.1,1.3,260.0
PROD-16587,2026-08-16,MINE-02,MINE-02-ZONE-B,208.0,195.3,36.06,15.2,0.8,1.3,260.0
PROD-16588,2026-08-16,MINE-02,MINE-02-ZONE-C,208.0,169.6,32.62,12.3,3.7,1.3,260.0
PROD-16589,2026-08-16,MINE-02,MINE-02-ZONE-D,208.0,179.3,32.43,14.5,1.5,1.3,260.0
PROD-16590,2026-08-16,MINE-02,MINE-02-ZONE-E,208.0,169.9,32.22,12.3,3.7,1.3,260.0
PROD-16591,2026-08-16,MINE-03,MINE-03-ZONE-A,208.0,113.7,39.18,10.3,5.7,73.1,260.0
PROD-16592,2026-08-16,MINE-03,MINE-03-ZONE-B,208.0,110.4,33.74,9.5,6.5,73.1,260.0
PROD-16593,2026-08-16,MINE-03,MINE-03-ZONE-C,208.0,108.6,33.65,9.8,6.2,73.1,260.0
PROD-16594,2026-08-16,MINE-03,MINE-03-ZONE-D,208.0,118.7,35.47,11.9,4.1,73.1,260.0
PROD-16595,2026-08-16,MINE-03,MINE-03-ZONE-E,208.0,136.2,40.0,12.7,3.3,73.1,260.0
PROD-16596,2026-08-16,MINE-04,MINE-04-ZONE-A,208.0,178.5,39.12,13.4,2.6,1.5,260.0
PROD-16597,2026-08-16,MINE-04,MINE-04-ZONE-B,208.0,186.3,41.03,13.6,2.4,1.5,260.0
PROD-16598,2026-08-16,MINE-04,MINE-04-ZONE-C,208.0,157.7,34.81,11.7,4.3,1.5,260.0
PROD-16599,2026-08-16,MINE-04,MINE-04-ZONE-D,208.0,178.1,34.63,13.3,2.7,1.5,260.0
PROD-16600,2026-08-16,MINE-04,MINE-04-ZONE-E,208.0,176.1,34.03,12.9,3.1,1.5,260.0
PROD-16601,2026-08-17,MINE-01,MINE-01-ZONE-A,252.0,131.4,42.89,9.3,6.7,39.6,260.0
PROD-16602,2026-08-17,MINE-01,MINE-01-ZONE-B,252.0,158.4,39.52,10.4,5.6,39.6,260.0
PROD-16603,2026-08-17,MINE-01,MINE-01-ZONE-C,252.0,136.2,39.81,9.9,6.1,39.6,260.0
PROD-16604,2026-08-17,MINE-01,MINE-01-ZONE-D,252.0,150.6,43.81,10.9,5.1,39.6,260.0
PROD-16605,2026-08-17,MINE-01,MINE-01-ZONE-E,252.0,122.3,39.81,9.3,6.7,39.6,260.0
PROD-16606,2026-08-17,MINE-02,MINE-02-ZONE-A,252.0,241.9,37.48,14.6,1.4,0.2,260.0
PROD-16607,2026-08-17,MINE-02,MINE-02-ZONE-B,252.0,190.4,39.37,12.9,3.1,0.2,260.0
PROD-16608,2026-08-17,MINE-02,MINE-02-ZONE-C,252.0,212.4,41.85,14.0,2.0,0.2,260.0
PROD-16609,2026-08-17,MINE-02,MINE-02-ZONE-D,252.0,203.8,39.12,12.6,3.4,0.2,260.0
PROD-16610,2026-08-17,MINE-02,MINE-02-ZONE-E,252.0,206.0,35.82,12.8,3.2,0.2,260.0
PROD-16611,2026-08-17,MINE-03,MINE-03-ZONE-A,252.0,164.3,32.68,11.8,4.2,36.9,260.0
PROD-16612,2026-08-17,MINE-03,MINE-03-ZONE-B,252.0,181.2,42.26,13.0,3.0,36.9,260.0
PROD-16613,2026-08-17,MINE-03,MINE-03-ZONE-C,252.0,145.5,36.5,10.4,5.6,36.9,260.0
PROD-16614,2026-08-17,MINE-03,MINE-03-ZONE-D,252.0,143.0,41.29,10.1,5.9,36.9,260.0
PROD-16615,2026-08-17,MINE-03,MINE-03-ZONE-E,252.0,158.8,38.93,11.8,4.2,36.9,260.0
PROD-16616,2026-08-17,MINE-04,MINE-04-ZONE-A,252.0,138.5,34.37,10.6,5.4,81.6,260.0
PROD-16617,2026-08-17,MINE-04,MINE-04-ZONE-B,252.0,134.3,36.99,11.6,4.4,81.6,260.0
PROD-16618,2026-08-17,MINE-04,MINE-04-ZONE-C,252.0,98.2,32.85,9.2,6.8,81.6,260.0
PROD-16619,2026-08-17,MINE-04,MINE-04-ZONE-D,252.0,113.8,35.9,10.8,5.2,81.6,260.0
PROD-16620,2026-08-17,MINE-04,MINE-04-ZONE-E,252.0,114.5,41.37,10.7,5.3,81.6,260.0
PROD-16621,2026-08-18,MINE-01,MINE-01-ZONE-A,256.0,142.7,36.31,12.0,4.0,74.1,260.0
PROD-16622,2026-08-18,MINE-01,MINE-01-ZONE-B,256.0,114.3,36.45,10.0,6.0,74.1,260.0
PROD-16623,2026-08-18,MINE-01,MINE-01-ZONE-C,256.0,133.6,41.81,11.7,4.3,74.1,260.0
PROD-16624,2026-08-18,MINE-01,MINE-01-ZONE-D,256.0,126.9,40.91,9.7,6.3,74.1,260.0
PROD-16625,2026-08-18,MINE-01,MINE-01-ZONE-E,256.0,127.4,33.16,10.6,5.4,74.1,260.0
PROD-16626,2026-08-18,MINE-02,MINE-02-ZONE-A,256.0,211.7,36.25,13.8,2.2,21.0,260.0
PROD-16627,2026-08-18,MINE-02,MINE-02-ZONE-B,256.0,183.0,43.0,11.8,4.2,21.0,260.0
PROD-16628,2026-08-18,MINE-02,MINE-02-ZONE-C,256.0,228.2,35.7,15.4,0.6,21.0,260.0
PROD-16629,2026-08-18,MINE-02,MINE-02-ZONE-D,256.0,218.3,42.33,15.1,0.9,21.0,260.0
PROD-16630,2026-08-18,MINE-02,MINE-02-ZONE-E,256.0,168.8,41.08,11.8,4.2,21.0,260.0
PROD-16631,2026-08-18,MINE-03,MINE-03-ZONE-A,256.0,102.7,42.24,10.1,5.9,91.2,260.0
PROD-16632,2026-08-18,MINE-03,MINE-03-ZONE-B,256.0,109.9,37.89,10.1,5.9,91.2,260.0
PROD-16633,2026-08-18,MINE-03,MINE-03-ZONE-C,256.0,140.5,33.71,11.0,5.0,91.2,260.0
PROD-16634,2026-08-18,MINE-03,MINE-03-ZONE-D,256.0,129.7,42.39,12.1,3.9,91.2,260.0
PROD-16635,2026-08-18,MINE-03,MINE-03-ZONE-E,256.0,129.1,41.72,11.1,4.9,91.2,260.0
PROD-16636,2026-08-18,MINE-04,MINE-04-ZONE-A,256.0,204.1,43.92,12.0,4.0,2.8,260.0
PROD-16637,2026-08-18,MINE-04,MINE-04-ZONE-B,256.0,246.9,40.14,14.7,1.3,2.8,260.0
PROD-16638,2026-08-18,MINE-04,MINE-04-ZONE-C,256.0,241.4,33.34,14.6,1.4,2.8,260.0
PROD-16639,2026-08-18,MINE-04,MINE-04-ZONE-D,256.0,210.8,42.64,13.4,2.6,2.8,260.0
PROD-16640,2026-08-18,MINE-04,MINE-04-ZONE-E,256.0,199.9,39.85,12.0,4.0,2.8,260.0
PROD-16641,2026-08-19,MINE-01,MINE-01-ZONE-A,260.0,193.9,43.33,13.2,2.8,19.5,260.0
PROD-16642,2026-08-19,MINE-01,MINE-01-ZONE-B,260.0,217.1,40.18,14.3,1.7,19.5,260.0
PROD-16643,2026-08-19,MINE-01,MINE-01-ZONE-C,260.0,202.6,43.45,12.5,3.5,19.5,260.0
PROD-16644,2026-08-19,MINE-01,MINE-01-ZONE-D,260.0,241.6,37.29,15.0,1.0,19.5,260.0
PROD-16645,2026-08-19,MINE-01,MINE-01-ZONE-E,260.0,219.7,34.93,14.2,1.8,19.5,260.0
PROD-16646,2026-08-19,MINE-02,MINE-02-ZONE-A,260.0,143.1,34.61,9.6,6.4,52.7,260.0
PROD-16647,2026-08-19,MINE-02,MINE-02-ZONE-B,260.0,175.6,43.45,12.6,3.4,52.7,260.0
PROD-16648,2026-08-19,MINE-02,MINE-02-ZONE-C,260.0,178.8,42.77,12.0,4.0,52.7,260.0
PROD-16649,2026-08-19,MINE-02,MINE-02-ZONE-D,260.0,123.2,33.94,9.0,7.0,52.7,260.0
PROD-16650,2026-08-19,MINE-02,MINE-02-ZONE-E,260.0,173.7,40.78,12.0,4.0,52.7,260.0
PROD-16651,2026-08-19,MINE-03,MINE-03-ZONE-A,260.0,242.6,42.66,14.2,1.8,3.3,260.0
PROD-16652,2026-08-19,MINE-03,MINE-03-ZONE-B,260.0,191.7,34.82,12.8,3.2,3.3,260.0
PROD-16653,2026-08-19,MINE-03,MINE-03-ZONE-C,260.0,177.7,41.61,11.8,4.2,3.3,260.0
PROD-16654,2026-08-19,MINE-03,MINE-03-ZONE-D,260.0,230.8,38.57,14.5,1.5,3.3,260.0
PROD-16655,2026-08-19,MINE-03,MINE-03-ZONE-E,260.0,213.0,32.45,14.0,2.0,3.3,260.0
PROD-16656,2026-08-19,MINE-04,MINE-04-ZONE-A,260.0,163.8,33.84,12.8,3.2,50.1,260.0
PROD-16657,2026-08-19,MINE-04,MINE-04-ZONE-B,260.0,167.9,38.53,12.7,3.3,50.1,260.0
PROD-16658,2026-08-19,MINE-04,MINE-04-ZONE-C,260.0,143.7,35.14,11.2,4.8,50.1,260.0
PROD-16659,2026-08-19,MINE-04,MINE-04-ZONE-D,260.0,153.8,38.6,11.3,4.7,50.1,260.0
PROD-16660,2026-08-19,MINE-04,MINE-04-ZONE-E,260.0,154.7,39.59,10.9,5.1,50.1,260.0
PROD-16661,2026-08-20,MINE-01,MINE-01-ZONE-A,264.0,140.9,38.81,12.3,3.7,80.4,260.0
PROD-16662,2026-08-20,MINE-01,MINE-01-ZONE-B,264.0,144.8,42.25,10.7,5.3,80.4,260.0
PROD-16663,2026-08-20,MINE-01,MINE-01-ZONE-C,264.0,141.6,32.25,12.2,3.8,80.4,260.0
PROD-16664,2026-08-20,MINE-01,MINE-01-ZONE-D,264.0,147.1,37.95,12.2,3.8,80.4,260.0
PROD-16665,2026-08-20,MINE-01,MINE-01-ZONE-E,264.0,142.6,35.67,12.1,3.9,80.4,260.0
PROD-16666,2026-08-20,MINE-02,MINE-02-ZONE-A,264.0,244.4,32.8,15.1,0.9,2.8,260.0
PROD-16667,2026-08-20,MINE-02,MINE-02-ZONE-B,264.0,236.0,42.12,15.3,0.7,2.8,260.0
PROD-16668,2026-08-20,MINE-02,MINE-02-ZONE-C,264.0,239.0,35.51,15.5,0.5,2.8,260.0
PROD-16669,2026-08-20,MINE-02,MINE-02-ZONE-D,264.0,232.5,36.4,14.7,1.3,2.8,260.0
PROD-16670,2026-08-20,MINE-02,MINE-02-ZONE-E,264.0,190.1,35.64,11.7,4.3,2.8,260.0
PROD-16671,2026-08-20,MINE-03,MINE-03-ZONE-A,264.0,249.3,43.71,15.3,0.7,3.0,260.0
PROD-16672,2026-08-20,MINE-03,MINE-03-ZONE-B,264.0,249.1,40.15,14.9,1.1,3.0,260.0
PROD-16673,2026-08-20,MINE-03,MINE-03-ZONE-C,264.0,209.9,41.06,13.1,2.9,3.0,260.0
PROD-16674,2026-08-20,MINE-03,MINE-03-ZONE-D,264.0,187.0,39.88,11.5,4.5,3.0,260.0
PROD-16675,2026-08-20,MINE-03,MINE-03-ZONE-E,264.0,229.6,32.92,13.5,2.5,3.0,260.0
PROD-16676,2026-08-20,MINE-04,MINE-04-ZONE-A,264.0,171.1,42.69,10.9,5.1,30.9,260.0
PROD-16677,2026-08-20,MINE-04,MINE-04-ZONE-B,264.0,164.1,37.96,10.8,5.2,30.9,260.0
PROD-16678,2026-08-20,MINE-04,MINE-04-ZONE-C,264.0,172.2,37.45,10.8,5.2,30.9,260.0
PROD-16679,2026-08-20,MINE-04,MINE-04-ZONE-D,264.0,176.2,43.01,11.3,4.7,30.9,260.0
PROD-16680,2026-08-20,MINE-04,MINE-04-ZONE-E,264.0,133.8,37.76,9.5,6.5,30.9,260.0
PROD-16681,2026-08-21,MINE-01,MINE-01-ZONE-A,268.0,204.5,34.56,12.9,3.1,0.6,260.0
PROD-16682,2026-08-21,MINE-01,MINE-01-ZONE-B,268.0,225.0,38.89,13.4,2.6,0.6,260.0
PROD-16683,2026-08-21,MINE-01,MINE-01-ZONE-C,268.0,221.7,41.6,13.0,3.0,0.6,260.0
PROD-16684,2026-08-21,MINE-01,MINE-01-ZONE-D,268.0,256.0,34.7,15.3,0.7,0.6,260.0
PROD-16685,2026-08-21,MINE-01,MINE-01-ZONE-E,268.0,229.3,35.03,14.4,1.6,0.6,260.0
PROD-16686,2026-08-21,MINE-02,MINE-02-ZONE-A,268.0,233.9,43.15,14.1,1.9,3.3,260.0
PROD-16687,2026-08-21,MINE-02,MINE-02-ZONE-B,268.0,191.5,40.84,12.3,3.7,3.3,260.0
PROD-16688,2026-08-21,MINE-02,MINE-02-ZONE-C,268.0,233.9,35.37,13.7,2.3,3.3,260.0
PROD-16689,2026-08-21,MINE-02,MINE-02-ZONE-D,268.0,232.5,32.37,13.3,2.7,3.3,260.0
PROD-16690,2026-08-21,MINE-02,MINE-02-ZONE-E,268.0,196.4,36.83,11.7,4.3,3.3,260.0
PROD-16691,2026-08-21,MINE-03,MINE-03-ZONE-A,268.0,146.8,34.98,11.8,4.2,94.7,260.0
PROD-16692,2026-08-21,MINE-03,MINE-03-ZONE-B,268.0,114.1,42.52,10.5,5.5,94.7,260.0
PROD-16693,2026-08-21,MINE-03,MINE-03-ZONE-C,268.0,117.8,39.44,9.8,6.2,94.7,260.0
PROD-16694,2026-08-21,MINE-03,MINE-03-ZONE-D,268.0,100.9,43.81,9.4,6.6,94.7,260.0
PROD-16695,2026-08-21,MINE-03,MINE-03-ZONE-E,268.0,116.9,36.7,10.4,5.6,94.7,260.0
PROD-16696,2026-08-21,MINE-04,MINE-04-ZONE-A,268.0,180.1,35.35,12.4,3.6,37.6,260.0
PROD-16697,2026-08-21,MINE-04,MINE-04-ZONE-B,268.0,166.1,34.83,11.8,4.2,37.6,260.0
PROD-16698,2026-08-21,MINE-04,MINE-04-ZONE-C,268.0,170.2,38.76,12.3,3.7,37.6,260.0
PROD-16699,2026-08-21,MINE-04,MINE-04-ZONE-D,268.0,191.6,34.73,12.0,4.0,37.6,260.0
PROD-16700,2026-08-21,MINE-04,MINE-04-ZONE-E,268.0,171.5,37.47,11.7,4.3,37.6,260.0
PROD-16701,2026-08-22,MINE-01,MINE-01-ZONE-A,312.0,185.1,37.62,12.4,3.6,59.7,260.0
PROD-16702,2026-08-22,MINE-01,MINE-01-ZONE-B,312.0,176.1,34.37,10.5,5.5,59.7,260.0
PROD-16703,2026-08-22,MINE-01,MINE-01-ZONE-C,312.0,166.3,32.66,10.8,5.2,59.7,260.0
PROD-16704,2026-08-22,MINE-01,MINE-01-ZONE-D,312.0,146.2,39.79,9.4,6.6,59.7,260.0
PROD-16705,2026-08-22,MINE-01,MINE-01-ZONE-E,312.0,169.3,40.09,10.1,5.9,59.7,260.0
PROD-16706,2026-08-22,MINE-02,MINE-02-ZONE-A,312.0,292.0,42.19,14.4,1.6,2.3,260.0
PROD-16707,2026-08-22,MINE-02,MINE-02-ZONE-B,312.0,278.5,38.19,13.7,2.3,2.3,260.0
PROD-16708,2026-08-22,MINE-02,MINE-02-ZONE-C,312.0,251.1,37.62,13.1,2.9,2.3,260.0
PROD-16709,2026-08-22,MINE-02,MINE-02-ZONE-D,312.0,235.9,38.46,11.6,4.4,2.3,260.0
PROD-16710,2026-08-22,MINE-02,MINE-02-ZONE-E,312.0,251.0,33.98,12.3,3.7,2.3,260.0
PROD-16711,2026-08-22,MINE-03,MINE-03-ZONE-A,312.0,162.7,43.7,10.1,5.9,69.7,260.0
PROD-16712,2026-08-22,MINE-03,MINE-03-ZONE-B,312.0,159.0,32.38,9.8,6.2,69.7,260.0
PROD-16713,2026-08-22,MINE-03,MINE-03-ZONE-C,312.0,205.8,40.15,12.8,3.2,69.7,260.0
PROD-16714,2026-08-22,MINE-03,MINE-03-ZONE-D,312.0,193.8,41.23,13.0,3.0,69.7,260.0
PROD-16715,2026-08-22,MINE-03,MINE-03-ZONE-E,312.0,161.8,43.64,10.5,5.5,69.7,260.0
PROD-16716,2026-08-22,MINE-04,MINE-04-ZONE-A,312.0,234.3,35.54,11.6,4.4,0.6,260.0
PROD-16717,2026-08-22,MINE-04,MINE-04-ZONE-B,312.0,292.2,40.02,15.1,0.9,0.6,260.0
PROD-16718,2026-08-22,MINE-04,MINE-04-ZONE-C,312.0,246.3,43.32,13.4,2.6,0.6,260.0
PROD-16719,2026-08-22,MINE-04,MINE-04-ZONE-D,312.0,305.6,43.43,15.1,0.9,0.6,260.0
PROD-16720,2026-08-22,MINE-04,MINE-04-ZONE-E,312.0,227.4,36.91,11.6,4.4,0.6,260.0
PROD-16721,2026-08-23,MINE-01,MINE-01-ZONE-A,232.0,138.9,43.41,12.7,3.3,77.5,260.0
PROD-16722,2026-08-23,MINE-01,MINE-01-ZONE-B,232.0,136.0,41.24,12.4,3.6,77.5,260.0
PROD-16723,2026-08-23,MINE-01,MINE-01-ZONE-C,232.0,144.7,37.97,11.8,4.2,77.5,260.0
PROD-16724,2026-08-23,MINE-01,MINE-01-ZONE-D,232.0,115.4,36.97,10.2,5.8,77.5,260.0
PROD-16725,2026-08-23,MINE-01,MINE-01-ZONE-E,232.0,150.5,43.76,12.7,3.3,77.5,260.0
PROD-16726,2026-08-23,MINE-02,MINE-02-ZONE-A,232.0,140.1,32.17,11.0,5.0,38.5,260.0
PROD-16727,2026-08-23,MINE-02,MINE-02-ZONE-B,232.0,148.7,41.32,12.0,4.0,38.5,260.0
PROD-16728,2026-08-23,MINE-02,MINE-02-ZONE-C,232.0,135.6,34.69,10.2,5.8,38.5,260.0
PROD-16729,2026-08-23,MINE-02,MINE-02-ZONE-D,232.0,127.2,33.62,10.0,6.0,38.5,260.0
PROD-16730,2026-08-23,MINE-02,MINE-02-ZONE-E,232.0,127.9,41.27,9.6,6.4,38.5,260.0
PROD-16731,2026-08-23,MINE-03,MINE-03-ZONE-A,232.0,179.3,37.79,13.2,2.8,27.0,260.0
PROD-16732,2026-08-23,MINE-03,MINE-03-ZONE-B,232.0,161.6,41.73,11.9,4.1,27.0,260.0
PROD-16733,2026-08-23,MINE-03,MINE-03-ZONE-C,232.0,195.3,41.31,15.3,0.7,27.0,260.0
PROD-16734,2026-08-23,MINE-03,MINE-03-ZONE-D,232.0,207.0,38.16,14.5,1.5,27.0,260.0
PROD-16735,2026-08-23,MINE-03,MINE-03-ZONE-E,232.0,200.1,39.49,15.1,0.9,27.0,260.0
PROD-16736,2026-08-23,MINE-04,MINE-04-ZONE-A,232.0,109.9,39.08,9.5,6.5,67.3,260.0
PROD-16737,2026-08-23,MINE-04,MINE-04-ZONE-B,232.0,140.6,38.88,12.4,3.6,67.3,260.0
PROD-16738,2026-08-23,MINE-04,MINE-04-ZONE-C,232.0,123.4,42.26,11.9,4.1,67.3,260.0
PROD-16739,2026-08-23,MINE-04,MINE-04-ZONE-D,232.0,157.5,40.16,12.5,3.5,67.3,260.0
PROD-16740,2026-08-23,MINE-04,MINE-04-ZONE-E,232.0,148.5,41.21,12.8,3.2,67.3,260.0
PROD-16741,2026-08-24,MINE-01,MINE-01-ZONE-A,236.0,198.2,33.0,14.3,1.7,2.9,260.0
PROD-16742,2026-08-24,MINE-01,MINE-01-ZONE-B,236.0,206.3,36.55,14.4,1.6,2.9,260.0
PROD-16743,2026-08-24,MINE-01,MINE-01-ZONE-C,236.0,205.0,33.5,14.0,2.0,2.9,260.0
PROD-16744,2026-08-24,MINE-01,MINE-01-ZONE-D,236.0,201.7,42.77,13.6,2.4,2.9,260.0
PROD-16745,2026-08-24,MINE-01,MINE-01-ZONE-E,236.0,184.5,35.25,13.6,2.4,2.9,260.0
PROD-16746,2026-08-24,MINE-02,MINE-02-ZONE-A,236.0,162.2,34.37,11.9,4.1,23.1,260.0
PROD-16747,2026-08-24,MINE-02,MINE-02-ZONE-B,236.0,161.7,36.58,12.1,3.9,23.1,260.0
PROD-16748,2026-08-24,MINE-02,MINE-02-ZONE-C,236.0,169.6,43.67,12.8,3.2,23.1,260.0
PROD-16749,2026-08-24,MINE-02,MINE-02-ZONE-D,236.0,177.3,35.97,12.3,3.7,23.1,260.0
PROD-16750,2026-08-24,MINE-02,MINE-02-ZONE-E,236.0,186.6,42.5,14.0,2.0,23.1,260.0
PROD-16751,2026-08-24,MINE-03,MINE-03-ZONE-A,236.0,123.5,32.88,10.3,5.7,42.9,260.0
PROD-16752,2026-08-24,MINE-03,MINE-03-ZONE-B,236.0,138.6,32.8,11.7,4.3,42.9,260.0
PROD-16753,2026-08-24,MINE-03,MINE-03-ZONE-C,236.0,148.8,32.32,10.6,5.4,42.9,260.0
PROD-16754,2026-08-24,MINE-03,MINE-03-ZONE-D,236.0,155.7,37.87,12.4,3.6,42.9,260.0
PROD-16755,2026-08-24,MINE-03,MINE-03-ZONE-E,236.0,151.3,39.0,12.0,4.0,42.9,260.0
PROD-16756,2026-08-24,MINE-04,MINE-04-ZONE-A,236.0,211.1,42.45,15.3,0.7,0.8,260.0
PROD-16757,2026-08-24,MINE-04,MINE-04-ZONE-B,236.0,232.1,35.71,14.8,1.2,0.8,260.0
PROD-16758,2026-08-24,MINE-04,MINE-04-ZONE-C,236.0,228.7,41.41,14.8,1.2,0.8,260.0
PROD-16759,2026-08-24,MINE-04,MINE-04-ZONE-D,236.0,216.2,34.93,13.7,2.3,0.8,260.0
PROD-16760,2026-08-24,MINE-04,MINE-04-ZONE-E,236.0,193.4,38.73,12.5,3.5,0.8,260.0
PROD-16761,2026-08-25,MINE-01,MINE-01-ZONE-A,240.0,184.7,37.09,12.8,3.2,3.1,260.0
PROD-16762,2026-08-25,MINE-01,MINE-01-ZONE-B,240.0,220.2,43.56,15.0,1.0,3.1,260.0
PROD-16763,2026-08-25,MINE-01,MINE-01-ZONE-C,240.0,219.0,38.85,14.2,1.8,3.1,260.0
PROD-16764,2026-08-25,MINE-01,MINE-01-ZONE-D,240.0,187.8,33.7,13.1,2.9,3.1,260.0
PROD-16765,2026-08-25,MINE-01,MINE-01-ZONE-E,240.0,170.3,35.3,12.3,3.7,3.1,260.0
PROD-16766,2026-08-25,MINE-02,MINE-02-ZONE-A,240.0,100.3,37.26,9.7,6.3,90.8,260.0
PROD-16767,2026-08-25,MINE-02,MINE-02-ZONE-B,240.0,119.4,38.42,9.9,6.1,90.8,260.0
PROD-16768,2026-08-25,MINE-02,MINE-02-ZONE-C,240.0,136.2,40.64,12.4,3.6,90.8,260.0
PROD-16769,2026-08-25,MINE-02,MINE-02-ZONE-D,240.0,101.4,33.28,10.5,5.5,90.8,260.0
PROD-16770,2026-08-25,MINE-02,MINE-02-ZONE-E,240.0,107.2,42.23,9.6,6.4,90.8,260.0
PROD-16771,2026-08-25,MINE-03,MINE-03-ZONE-A,240.0,188.3,41.59,14.3,1.7,18.9,260.0
PROD-16772,2026-08-25,MINE-03,MINE-03-ZONE-B,240.0,207.7,36.45,15.0,1.0,18.9,260.0
PROD-16773,2026-08-25,MINE-03,MINE-03-ZONE-C,240.0,202.0,32.67,14.6,1.4,18.9,260.0
PROD-16774,2026-08-25,MINE-03,MINE-03-ZONE-D,240.0,213.1,43.2,14.7,1.3,18.9,260.0
PROD-16775,2026-08-25,MINE-03,MINE-03-ZONE-E,240.0,205.3,38.1,14.2,1.8,18.9,260.0
PROD-16776,2026-08-25,MINE-04,MINE-04-ZONE-A,240.0,199.5,41.67,15.4,0.6,25.0,260.0
PROD-16777,2026-08-25,MINE-04,MINE-04-ZONE-B,240.0,208.2,40.59,14.2,1.8,25.0,260.0
PROD-16778,2026-08-25,MINE-04,MINE-04-ZONE-C,240.0,189.9,42.59,13.5,2.5,25.0,260.0
PROD-16779,2026-08-25,MINE-04,MINE-04-ZONE-D,240.0,178.9,34.54,13.0,3.0,25.0,260.0
PROD-16780,2026-08-25,MINE-04,MINE-04-ZONE-E,240.0,209.9,35.54,14.5,1.5,25.0,260.0
PROD-16781,2026-08-26,MINE-01,MINE-01-ZONE-A,244.0,200.0,40.44,15.0,1.0,28.0,260.0
PROD-16782,2026-08-26,MINE-01,MINE-01-ZONE-B,244.0,189.6,35.04,13.6,2.4,28.0,260.0
PROD-16783,2026-08-26,MINE-01,MINE-01-ZONE-C,244.0,166.4,36.69,12.4,3.6,28.0,260.0
PROD-16784,2026-08-26,MINE-01,MINE-01-ZONE-D,244.0,164.2,35.67,12.3,3.7,28.0,260.0
PROD-16785,2026-08-26,MINE-01,MINE-01-ZONE-E,244.0,187.7,37.22,14.4,1.6,28.0,260.0
PROD-16786,2026-08-26,MINE-02,MINE-02-ZONE-A,244.0,126.6,38.13,11.5,4.5,94.6,260.0
PROD-16787,2026-08-26,MINE-02,MINE-02-ZONE-B,244.0,130.5,37.21,12.5,3.5,94.6,260.0
PROD-16788,2026-08-26,MINE-02,MINE-02-ZONE-C,244.0,105.6,36.37,9.2,6.8,94.6,260.0
PROD-16789,2026-08-26,MINE-02,MINE-02-ZONE-D,244.0,116.8,37.55,11.5,4.5,94.6,260.0
PROD-16790,2026-08-26,MINE-02,MINE-02-ZONE-E,244.0,143.7,43.97,12.1,3.9,94.6,260.0
PROD-16791,2026-08-26,MINE-03,MINE-03-ZONE-A,244.0,153.2,35.48,11.6,4.4,53.2,260.0
PROD-16792,2026-08-26,MINE-03,MINE-03-ZONE-B,244.0,111.2,33.21,9.8,6.2,53.2,260.0
PROD-16793,2026-08-26,MINE-03,MINE-03-ZONE-C,244.0,171.8,35.05,12.5,3.5,53.2,260.0
PROD-16794,2026-08-26,MINE-03,MINE-03-ZONE-D,244.0,153.0,35.04,11.1,4.9,53.2,260.0
PROD-16795,2026-08-26,MINE-03,MINE-03-ZONE-E,244.0,123.6,39.24,9.1,6.9,53.2,260.0
PROD-16796,2026-08-26,MINE-04,MINE-04-ZONE-A,244.0,174.4,32.73,12.8,3.2,48.6,260.0
PROD-16797,2026-08-26,MINE-04,MINE-04-ZONE-B,244.0,129.8,43.83,9.7,6.3,48.6,260.0
PROD-16798,2026-08-26,MINE-04,MINE-04-ZONE-C,244.0,167.9,40.92,12.1,3.9,48.6,260.0
PROD-16799,2026-08-26,MINE-04,MINE-04-ZONE-D,244.0,142.8,33.72,11.1,4.9,48.6,260.0
PROD-16800,2026-08-26,MINE-04,MINE-04-ZONE-E,244.0,115.7,43.26,9.2,6.8,48.6,260.0
PROD-16801,2026-08-27,MINE-01,MINE-01-ZONE-A,288.0,214.2,35.56,12.3,3.7,20.2,260.0
PROD-16802,2026-08-27,MINE-01,MINE-01-ZONE-B,288.0,250.5,32.68,15.0,1.0,20.2,260.0
PROD-16803,2026-08-27,MINE-01,MINE-01-ZONE-C,288.0,240.4,41.9,15.0,1.0,20.2,260.0
PROD-16804,2026-08-27,MINE-01,MINE-01-ZONE-D,288.0,225.7,41.32,12.5,3.5,20.2,260.0
PROD-16805,2026-08-27,MINE-01,MINE-01-ZONE-E,288.0,247.0,39.17,14.3,1.7,20.2,260.0
PROD-16806,2026-08-27,MINE-02,MINE-02-ZONE-A,288.0,203.5,35.21,11.8,4.2,2.6,260.0
PROD-16807,2026-08-27,MINE-02,MINE-02-ZONE-B,288.0,267.8,36.29,14.9,1.1,2.6,260.0
PROD-16808,2026-08-27,MINE-02,MINE-02-ZONE-C,288.0,220.9,33.09,12.8,3.2,2.6,260.0
PROD-16809,2026-08-27,MINE-02,MINE-02-ZONE-D,288.0,218.8,35.18,12.1,3.9,2.6,260.0
PROD-16810,2026-08-27,MINE-02,MINE-02-ZONE-E,288.0,239.3,43.12,13.8,2.2,2.6,260.0
PROD-16811,2026-08-27,MINE-03,MINE-03-ZONE-A,288.0,261.1,42.75,14.3,1.7,2.9,260.0
PROD-16812,2026-08-27,MINE-03,MINE-03-ZONE-B,288.0,222.2,37.48,12.7,3.3,2.9,260.0
PROD-16813,2026-08-27,MINE-03,MINE-03-ZONE-C,288.0,229.4,37.38,13.5,2.5,2.9,260.0
PROD-16814,2026-08-27,MINE-03,MINE-03-ZONE-D,288.0,250.6,40.52,14.7,1.3,2.9,260.0
PROD-16815,2026-08-27,MINE-03,MINE-03-ZONE-E,288.0,262.0,39.9,14.3,1.7,2.9,260.0
PROD-16816,2026-08-27,MINE-04,MINE-04-ZONE-A,288.0,262.4,38.35,14.9,1.1,15.7,260.0
PROD-16817,2026-08-27,MINE-04,MINE-04-ZONE-B,288.0,246.6,40.19,15.0,1.0,15.7,260.0
PROD-16818,2026-08-27,MINE-04,MINE-04-ZONE-C,288.0,194.0,39.2,11.9,4.1,15.7,260.0
PROD-16819,2026-08-27,MINE-04,MINE-04-ZONE-D,288.0,263.0,42.97,14.7,1.3,15.7,260.0
PROD-16820,2026-08-27,MINE-04,MINE-04-ZONE-E,288.0,221.3,36.9,13.6,2.4,15.7,260.0
PROD-16821,2026-08-28,MINE-01,MINE-01-ZONE-A,292.0,150.0,41.2,9.7,6.3,62.7,260.0
PROD-16822,2026-08-28,MINE-01,MINE-01-ZONE-B,292.0,162.5,40.74,11.9,4.1,62.7,260.0
PROD-16823,2026-08-28,MINE-01,MINE-01-ZONE-C,292.0,173.8,33.19,11.4,4.6,62.7,260.0
PROD-16824,2026-08-28,MINE-01,MINE-01-ZONE-D,292.0,178.6,38.06,12.3,3.7,62.7,260.0
PROD-16825,2026-08-28,MINE-01,MINE-01-ZONE-E,292.0,150.3,36.2,9.2,6.8,62.7,260.0
PROD-16826,2026-08-28,MINE-02,MINE-02-ZONE-A,292.0,133.4,41.66,9.2,6.8,80.9,260.0
PROD-16827,2026-08-28,MINE-02,MINE-02-ZONE-B,292.0,153.7,32.45,10.9,5.1,80.9,260.0
PROD-16828,2026-08-28,MINE-02,MINE-02-ZONE-C,292.0,130.6,39.64,9.9,6.1,80.9,260.0
PROD-16829,2026-08-28,MINE-02,MINE-02-ZONE-D,292.0,136.6,43.36,10.6,5.4,80.9,260.0
PROD-16830,2026-08-28,MINE-02,MINE-02-ZONE-E,292.0,157.2,33.62,10.9,5.1,80.9,260.0
PROD-16831,2026-08-28,MINE-03,MINE-03-ZONE-A,292.0,149.4,37.88,9.9,6.1,79.8,260.0
PROD-16832,2026-08-28,MINE-03,MINE-03-ZONE-B,292.0,126.5,39.5,9.8,6.2,79.8,260.0
PROD-16833,2026-08-28,MINE-03,MINE-03-ZONE-C,292.0,155.4,42.93,11.7,4.3,79.8,260.0
PROD-16834,2026-08-28,MINE-03,MINE-03-ZONE-D,292.0,172.1,42.56,12.1,3.9,79.8,260.0
PROD-16835,2026-08-28,MINE-03,MINE-03-ZONE-E,292.0,178.0,40.59,12.2,3.8,79.8,260.0
PROD-16836,2026-08-28,MINE-04,MINE-04-ZONE-A,292.0,236.0,37.02,13.4,2.6,0.1,260.0
PROD-16837,2026-08-28,MINE-04,MINE-04-ZONE-B,292.0,218.7,41.9,12.5,3.5,0.1,260.0
PROD-16838,2026-08-28,MINE-04,MINE-04-ZONE-C,292.0,243.5,33.66,14.1,1.9,0.1,260.0
PROD-16839,2026-08-28,MINE-04,MINE-04-ZONE-D,292.0,281.0,33.98,15.5,0.5,0.1,260.0
PROD-16840,2026-08-28,MINE-04,MINE-04-ZONE-E,292.0,276.4,39.52,14.5,1.5,0.1,260.0
PROD-16841,2026-08-29,MINE-01,MINE-01-ZONE-A,296.0,220.7,36.62,11.7,4.3,2.5,260.0
PROD-16842,2026-08-29,MINE-01,MINE-01-ZONE-B,296.0,225.3,36.59,12.0,4.0,2.5,260.0
PROD-16843,2026-08-29,MINE-01,MINE-01-ZONE-C,296.0,235.8,34.6,12.3,3.7,2.5,260.0
PROD-16844,2026-08-29,MINE-01,MINE-01-ZONE-D,296.0,243.7,36.28,13.5,2.5,2.5,260.0
PROD-16845,2026-08-29,MINE-01,MINE-01-ZONE-E,296.0,280.3,36.27,14.5,1.5,2.5,260.0
PROD-16846,2026-08-29,MINE-02,MINE-02-ZONE-A,296.0,189.3,34.33,13.0,3.0,73.8,260.0
PROD-16847,2026-08-29,MINE-02,MINE-02-ZONE-B,296.0,147.2,39.98,10.8,5.2,73.8,260.0
PROD-16848,2026-08-29,MINE-02,MINE-02-ZONE-C,296.0,150.0,37.72,10.7,5.3,73.8,260.0
PROD-16849,2026-08-29,MINE-02,MINE-02-ZONE-D,296.0,167.7,37.39,12.2,3.8,73.8,260.0
PROD-16850,2026-08-29,MINE-02,MINE-02-ZONE-E,296.0,131.6,43.79,9.7,6.3,73.8,260.0
PROD-16851,2026-08-29,MINE-03,MINE-03-ZONE-A,296.0,254.9,42.67,13.1,2.9,2.9,260.0
PROD-16852,2026-08-29,MINE-03,MINE-03-ZONE-B,296.0,251.7,35.74,14.4,1.6,2.9,260.0
PROD-16853,2026-08-29,MINE-03,MINE-03-ZONE-C,296.0,270.4,41.21,14.1,1.9,2.9,260.0
PROD-16854,2026-08-29,MINE-03,MINE-03-ZONE-D,296.0,233.4,42.95,12.8,3.2,2.9,260.0
PROD-16855,2026-08-29,MINE-03,MINE-03-ZONE-E,296.0,260.9,42.74,14.0,2.0,2.9,260.0
PROD-16856,2026-08-29,MINE-04,MINE-04-ZONE-A,296.0,193.3,38.53,12.9,3.1,48.6,260.0
PROD-16857,2026-08-29,MINE-04,MINE-04-ZONE-B,296.0,207.1,37.66,12.9,3.1,48.6,260.0
PROD-16858,2026-08-29,MINE-04,MINE-04-ZONE-C,296.0,196.2,39.54,12.3,3.7,48.6,260.0
PROD-16859,2026-08-29,MINE-04,MINE-04-ZONE-D,296.0,190.4,41.04,12.7,3.3,48.6,260.0
PROD-16860,2026-08-29,MINE-04,MINE-04-ZONE-E,296.0,182.6,43.71,10.9,5.1,48.6,260.0
PROD-16861,2026-08-30,MINE-01,MINE-01-ZONE-A,216.0,108.1,43.95,11.6,4.4,86.9,260.0
PROD-16862,2026-08-30,MINE-01,MINE-01-ZONE-B,216.0,103.9,41.27,10.2,5.8,86.9,260.0
PROD-16863,2026-08-30,MINE-01,MINE-01-ZONE-C,216.0,116.0,41.75,12.5,3.5,86.9,260.0
PROD-16864,2026-08-30,MINE-01,MINE-01-ZONE-D,216.0,110.0,42.72,9.8,6.2,86.9,260.0
PROD-16865,2026-08-30,MINE-01,MINE-01-ZONE-E,216.0,107.7,36.21,10.9,5.1,86.9,260.0
PROD-16866,2026-08-30,MINE-02,MINE-02-ZONE-A,216.0,125.5,39.45,11.2,4.8,53.1,260.0
PROD-16867,2026-08-30,MINE-02,MINE-02-ZONE-B,216.0,129.4,41.83,12.2,3.8,53.1,260.0
PROD-16868,2026-08-30,MINE-02,MINE-02-ZONE-C,216.0,123.7,41.53,10.8,5.2,53.1,260.0
PROD-16869,2026-08-30,MINE-02,MINE-02-ZONE-D,216.0,119.4,35.4,9.5,6.5,53.1,260.0
PROD-16870,2026-08-30,MINE-02,MINE-02-ZONE-E,216.0,139.2,34.03,12.7,3.3,53.1,260.0
PROD-16871,2026-08-30,MINE-03,MINE-03-ZONE-A,216.0,89.3,43.36,9.8,6.2,91.6,260.0
PROD-16872,2026-08-30,MINE-03,MINE-03-ZONE-B,216.0,80.0,38.16,9.3,6.7,91.6,260.0
PROD-16873,2026-08-30,MINE-03,MINE-03-ZONE-C,216.0,105.5,36.19,10.8,5.2,91.6,260.0
PROD-16874,2026-08-30,MINE-03,MINE-03-ZONE-D,216.0,99.4,36.09,10.2,5.8,91.6,260.0
PROD-16875,2026-08-30,MINE-03,MINE-03-ZONE-E,216.0,119.2,32.06,10.8,5.2,91.6,260.0
PROD-16876,2026-08-30,MINE-04,MINE-04-ZONE-A,216.0,196.6,35.64,14.1,1.9,2.3,260.0
PROD-16877,2026-08-30,MINE-04,MINE-04-ZONE-B,216.0,208.7,42.9,15.3,0.7,2.3,260.0
PROD-16878,2026-08-30,MINE-04,MINE-04-ZONE-C,216.0,190.9,36.95,14.8,1.2,2.3,260.0
PROD-16879,2026-08-30,MINE-04,MINE-04-ZONE-D,216.0,188.5,37.34,14.3,1.7,2.3,260.0
PROD-16880,2026-08-30,MINE-04,MINE-04-ZONE-E,216.0,194.7,33.25,13.5,2.5,2.3,260.0
PROD-16881,2026-08-31,MINE-01,MINE-01-ZONE-A,220.0,96.6,40.28,9.4,6.6,67.7,260.0
PROD-16882,2026-08-31,MINE-01,MINE-01-ZONE-B,220.0,149.1,43.03,12.8,3.2,67.7,260.0
PROD-16883,2026-08-31,MINE-01,MINE-01-ZONE-C,220.0,107.1,39.95,10.4,5.6,67.7,260.0
PROD-16884,2026-08-31,MINE-01,MINE-01-ZONE-D,220.0,107.4,40.27,9.3,6.7,67.7,260.0
PROD-16885,2026-08-31,MINE-01,MINE-01-ZONE-E,220.0,92.4,37.84,9.4,6.6,67.7,260.0
PROD-16886,2026-08-31,MINE-02,MINE-02-ZONE-A,220.0,146.4,43.15,11.5,4.5,35.0,260.0
PROD-16887,2026-08-31,MINE-02,MINE-02-ZONE-B,220.0,121.5,38.89,10.6,5.4,35.0,260.0
PROD-16888,2026-08-31,MINE-02,MINE-02-ZONE-C,220.0,144.2,42.55,11.9,4.1,35.0,260.0
PROD-16889,2026-08-31,MINE-02,MINE-02-ZONE-D,220.0,120.8,36.53,9.2,6.8,35.0,260.0
PROD-16890,2026-08-31,MINE-02,MINE-02-ZONE-E,220.0,133.7,38.67,12.0,4.0,35.0,260.0
PROD-16891,2026-08-31,MINE-03,MINE-03-ZONE-A,220.0,180.2,40.34,12.8,3.2,1.8,260.0
PROD-16892,2026-08-31,MINE-03,MINE-03-ZONE-B,220.0,187.6,42.38,13.2,2.8,1.8,260.0
PROD-16893,2026-08-31,MINE-03,MINE-03-ZONE-C,220.0,183.8,36.32,12.7,3.3,1.8,260.0
PROD-16894,2026-08-31,MINE-03,MINE-03-ZONE-D,220.0,187.3,32.9,14.2,1.8,1.8,260.0
PROD-16895,2026-08-31,MINE-03,MINE-03-ZONE-E,220.0,157.6,39.75,12.5,3.5,1.8,260.0
PROD-16896,2026-08-31,MINE-04,MINE-04-ZONE-A,220.0,93.2,33.81,9.3,6.7,87.0,260.0
PROD-16897,2026-08-31,MINE-04,MINE-04-ZONE-B,220.0,128.3,38.05,11.3,4.7,87.0,260.0
PROD-16898,2026-08-31,MINE-04,MINE-04-ZONE-C,220.0,111.3,37.4,10.5,5.5,87.0,260.0
PROD-16899,2026-08-31,MINE-04,MINE-04-ZONE-D,220.0,102.2,37.45,10.6,5.4,87.0,260.0
PROD-16900,2026-08-31,MINE-04,MINE-04-ZONE-E,220.0,144.1,35.34,12.8,3.2,87.0,260.0
PROD-16901,2026-09-01,MINE-01,MINE-01-ZONE-A,264.0,248.7,37.17,14.6,1.4,3.4,260.0
PROD-16902,2026-09-01,MINE-01,MINE-01-ZONE-B,264.0,240.5,39.17,14.4,1.6,3.4,260.0
PROD-16903,2026-09-01,MINE-01,MINE-01-ZONE-C,264.0,200.6,35.1,11.5,4.5,3.4,260.0
PROD-16904,2026-09-01,MINE-01,MINE-01-ZONE-D,264.0,249.9,38.56,14.5,1.5,3.4,260.0
PROD-16905,2026-09-01,MINE-01,MINE-01-ZONE-E,264.0,220.3,32.47,14.4,1.6,3.4,260.0
PROD-16906,2026-09-01,MINE-02,MINE-02-ZONE-A,264.0,203.0,36.13,13.0,3.0,3.9,260.0
PROD-16907,2026-09-01,MINE-02,MINE-02-ZONE-B,264.0,210.7,36.48,12.3,3.7,3.9,260.0
PROD-16908,2026-09-01,MINE-02,MINE-02-ZONE-C,264.0,192.6,37.19,12.4,3.6,3.9,260.0
PROD-16909,2026-09-01,MINE-02,MINE-02-ZONE-D,264.0,209.8,41.08,12.7,3.3,3.9,260.0
PROD-16910,2026-09-01,MINE-02,MINE-02-ZONE-E,264.0,207.1,43.29,12.2,3.8,3.9,260.0
PROD-16911,2026-09-01,MINE-03,MINE-03-ZONE-A,264.0,185.7,40.7,12.1,3.9,46.7,260.0
PROD-16912,2026-09-01,MINE-03,MINE-03-ZONE-B,264.0,148.7,36.11,11.1,4.9,46.7,260.0
PROD-16913,2026-09-01,MINE-03,MINE-03-ZONE-C,264.0,145.3,36.67,11.0,5.0,46.7,260.0
PROD-16914,2026-09-01,MINE-03,MINE-03-ZONE-D,264.0,148.0,32.87,11.1,4.9,46.7,260.0
PROD-16915,2026-09-01,MINE-03,MINE-03-ZONE-E,264.0,121.4,38.63,9.6,6.4,46.7,260.0
PROD-16916,2026-09-01,MINE-04,MINE-04-ZONE-A,264.0,147.6,42.35,11.6,4.4,84.6,260.0
PROD-16917,2026-09-01,MINE-04,MINE-04-ZONE-B,264.0,145.4,36.41,11.6,4.4,84.6,260.0
PROD-16918,2026-09-01,MINE-04,MINE-04-ZONE-C,264.0,146.8,36.09,12.4,3.6,84.6,260.0
PROD-16919,2026-09-01,MINE-04,MINE-04-ZONE-D,264.0,126.0,38.96,11.4,4.6,84.6,260.0
PROD-16920,2026-09-01,MINE-04,MINE-04-ZONE-E,264.0,132.5,42.51,9.9,6.1,84.6,260.0
PROD-16921,2026-09-02,MINE-01,MINE-01-ZONE-A,268.0,174.5,38.45,11.7,4.3,36.0,260.0
PROD-16922,2026-09-02,MINE-01,MINE-01-ZONE-B,268.0,173.5,40.37,11.4,4.6,36.0,260.0
PROD-16923,2026-09-02,MINE-01,MINE-01-ZONE-C,268.0,173.3,42.92,12.2,3.8,36.0,260.0
PROD-16924,2026-09-02,MINE-01,MINE-01-ZONE-D,268.0,202.1,34.95,12.7,3.3,36.0,260.0
PROD-16925,2026-09-02,MINE-01,MINE-01-ZONE-E,268.0,152.0,34.27,10.5,5.5,36.0,260.0
PROD-16926,2026-09-02,MINE-02,MINE-02-ZONE-A,268.0,149.9,40.79,10.6,5.4,42.0,260.0
PROD-16927,2026-09-02,MINE-02,MINE-02-ZONE-B,268.0,163.1,40.16,10.9,5.1,42.0,260.0
PROD-16928,2026-09-02,MINE-02,MINE-02-ZONE-C,268.0,130.1,40.64,9.0,7.0,42.0,260.0
PROD-16929,2026-09-02,MINE-02,MINE-02-ZONE-D,268.0,177.9,40.84,11.2,4.8,42.0,260.0
PROD-16930,2026-09-02,MINE-02,MINE-02-ZONE-E,268.0,141.3,32.3,9.8,6.2,42.0,260.0
PROD-16931,2026-09-02,MINE-03,MINE-03-ZONE-A,268.0,235.3,41.98,14.4,1.6,3.1,260.0
PROD-16932,2026-09-02,MINE-03,MINE-03-ZONE-B,268.0,198.2,37.34,12.4,3.6,3.1,260.0
PROD-16933,2026-09-02,MINE-03,MINE-03-ZONE-C,268.0,199.4,40.8,11.5,4.5,3.1,260.0
PROD-16934,2026-09-02,MINE-03,MINE-03-ZONE-D,268.0,263.3,37.86,15.2,0.8,3.1,260.0
PROD-16935,2026-09-02,MINE-03,MINE-03-ZONE-E,268.0,250.8,34.36,14.3,1.7,3.1,260.0
PROD-16936,2026-09-02,MINE-04,MINE-04-ZONE-A,268.0,209.5,40.74,13.3,2.7,1.1,260.0
PROD-16937,2026-09-02,MINE-04,MINE-04-ZONE-B,268.0,215.8,34.86,12.2,3.8,1.1,260.0
PROD-16938,2026-09-02,MINE-04,MINE-04-ZONE-C,268.0,197.4,34.24,11.9,4.1,1.1,260.0
PROD-16939,2026-09-02,MINE-04,MINE-04-ZONE-D,268.0,249.5,37.74,15.2,0.8,1.1,260.0
PROD-16940,2026-09-02,MINE-04,MINE-04-ZONE-E,268.0,219.4,32.07,13.5,2.5,1.1,260.0
PROD-16941,2026-09-03,MINE-01,MINE-01-ZONE-A,272.0,239.2,42.0,14.2,1.8,22.6,260.0
PROD-16942,2026-09-03,MINE-01,MINE-01-ZONE-B,272.0,207.4,33.79,13.8,2.2,22.6,260.0
PROD-16943,2026-09-03,MINE-01,MINE-01-ZONE-C,272.0,204.8,35.69,12.5,3.5,22.6,260.0
PROD-16944,2026-09-03,MINE-01,MINE-01-ZONE-D,272.0,227.9,36.34,14.4,1.6,22.6,260.0
PROD-16945,2026-09-03,MINE-01,MINE-01-ZONE-E,272.0,218.3,33.31,14.6,1.4,22.6,260.0
PROD-16946,2026-09-03,MINE-02,MINE-02-ZONE-A,272.0,214.0,37.64,12.6,3.4,0.5,260.0
PROD-16947,2026-09-03,MINE-02,MINE-02-ZONE-B,272.0,240.5,40.23,13.8,2.2,0.5,260.0
PROD-16948,2026-09-03,MINE-02,MINE-02-ZONE-C,272.0,255.2,33.64,14.8,1.2,0.5,260.0
PROD-16949,2026-09-03,MINE-02,MINE-02-ZONE-D,272.0,216.2,39.02,12.6,3.4,0.5,260.0
PROD-16950,2026-09-03,MINE-02,MINE-02-ZONE-E,272.0,220.7,41.81,12.3,3.7,0.5,260.0
PROD-16951,2026-09-03,MINE-03,MINE-03-ZONE-A,272.0,244.8,41.43,14.9,1.1,3.9,260.0
PROD-16952,2026-09-03,MINE-03,MINE-03-ZONE-B,272.0,264.7,33.48,15.4,0.6,3.9,260.0
PROD-16953,2026-09-03,MINE-03,MINE-03-ZONE-C,272.0,192.5,40.35,12.1,3.9,3.9,260.0
PROD-16954,2026-09-03,MINE-03,MINE-03-ZONE-D,272.0,233.4,38.14,14.3,1.7,3.9,260.0
PROD-16955,2026-09-03,MINE-03,MINE-03-ZONE-E,272.0,193.8,37.44,11.8,4.2,3.9,260.0
PROD-16956,2026-09-03,MINE-04,MINE-04-ZONE-A,272.0,195.0,41.96,12.3,3.7,2.0,260.0
PROD-16957,2026-09-03,MINE-04,MINE-04-ZONE-B,272.0,204.6,43.41,12.8,3.2,2.0,260.0
PROD-16958,2026-09-03,MINE-04,MINE-04-ZONE-C,272.0,214.4,32.08,12.9,3.1,2.0,260.0
PROD-16959,2026-09-03,MINE-04,MINE-04-ZONE-D,272.0,241.4,42.05,14.2,1.8,2.0,260.0
PROD-16960,2026-09-03,MINE-04,MINE-04-ZONE-E,272.0,234.8,36.82,13.2,2.8,2.0,260.0
PROD-16961,2026-09-04,MINE-01,MINE-01-ZONE-A,276.0,124.2,37.28,9.7,6.3,74.6,260.0
PROD-16962,2026-09-04,MINE-01,MINE-01-ZONE-B,276.0,165.3,41.83,11.4,4.6,74.6,260.0
PROD-16963,2026-09-04,MINE-01,MINE-01-ZONE-C,276.0,130.7,36.79,9.2,6.8,74.6,260.0
PROD-16964,2026-09-04,MINE-01,MINE-01-ZONE-D,276.0,153.2,37.2,11.5,4.5,74.6,260.0
PROD-16965,2026-09-04,MINE-01,MINE-01-ZONE-E,276.0,145.2,43.67,11.4,4.6,74.6,260.0
PROD-16966,2026-09-04,MINE-02,MINE-02-ZONE-A,276.0,244.6,32.1,15.3,0.7,18.8,260.0
PROD-16967,2026-09-04,MINE-02,MINE-02-ZONE-B,276.0,221.2,42.2,12.8,3.2,18.8,260.0
PROD-16968,2026-09-04,MINE-02,MINE-02-ZONE-C,276.0,240.6,35.95,14.9,1.1,18.8,260.0
PROD-16969,2026-09-04,MINE-02,MINE-02-ZONE-D,276.0,221.7,37.89,14.2,1.8,18.8,260.0
PROD-16970,2026-09-04,MINE-02,MINE-02-ZONE-E,276.0,251.2,38.45,15.3,0.7,18.8,260.0
PROD-16971,2026-09-04,MINE-03,MINE-03-ZONE-A,276.0,221.4,38.7,13.5,2.5,0.7,260.0
PROD-16972,2026-09-04,MINE-03,MINE-03-ZONE-B,276.0,221.7,36.33,13.5,2.5,0.7,260.0
PROD-16973,2026-09-04,MINE-03,MINE-03-ZONE-C,276.0,204.4,32.06,12.5,3.5,0.7,260.0
PROD-16974,2026-09-04,MINE-03,MINE-03-ZONE-D,276.0,267.6,36.34,15.2,0.8,0.7,260.0
PROD-16975,2026-09-04,MINE-03,MINE-03-ZONE-E,276.0,275.1,34.04,15.3,0.7,0.7,260.0
PROD-16976,2026-09-04,MINE-04,MINE-04-ZONE-A,276.0,208.9,40.15,12.2,3.8,0.9,260.0
PROD-16977,2026-09-04,MINE-04,MINE-04-ZONE-B,276.0,219.9,40.23,12.9,3.1,0.9,260.0
PROD-16978,2026-09-04,MINE-04,MINE-04-ZONE-C,276.0,261.3,37.75,15.4,0.6,0.9,260.0
PROD-16979,2026-09-04,MINE-04,MINE-04-ZONE-D,276.0,256.8,37.18,14.3,1.7,0.9,260.0
PROD-16980,2026-09-04,MINE-04,MINE-04-ZONE-E,276.0,219.5,41.6,13.2,2.8,0.9,260.0
PROD-16981,2026-09-05,MINE-01,MINE-01-ZONE-A,280.0,255.3,34.33,15.1,0.9,1.7,260.0
PROD-16982,2026-09-05,MINE-01,MINE-01-ZONE-B,280.0,222.3,38.8,13.3,2.7,1.7,260.0
PROD-16983,2026-09-05,MINE-01,MINE-01-ZONE-C,280.0,199.4,32.24,11.9,4.1,1.7,260.0
PROD-16984,2026-09-05,MINE-01,MINE-01-ZONE-D,280.0,277.3,41.61,15.2,0.8,1.7,260.0
PROD-16985,2026-09-05,MINE-01,MINE-01-ZONE-E,280.0,240.1,36.81,13.5,2.5,1.7,260.0
PROD-16986,2026-09-05,MINE-02,MINE-02-ZONE-A,280.0,181.8,36.12,12.0,4.0,46.2,260.0
PROD-16987,2026-09-05,MINE-02,MINE-02-ZONE-B,280.0,162.0,40.36,11.0,5.0,46.2,260.0
PROD-16988,2026-09-05,MINE-02,MINE-02-ZONE-C,280.0,176.9,33.25,11.6,4.4,46.2,260.0
PROD-16989,2026-09-05,MINE-02,MINE-02-ZONE-D,280.0,182.2,39.3,12.7,3.3,46.2,260.0
PROD-16990,2026-09-05,MINE-02,MINE-02-ZONE-E,280.0,135.6,40.49,9.3,6.7,46.2,260.0
PROD-16991,2026-09-05,MINE-03,MINE-03-ZONE-A,280.0,143.7,43.25,10.9,5.1,72.7,260.0
PROD-16992,2026-09-05,MINE-03,MINE-03-ZONE-B,280.0,137.3,34.4,9.2,6.8,72.7,260.0
PROD-16993,2026-09-05,MINE-03,MINE-03-ZONE-C,280.0,156.9,33.07,11.0,5.0,72.7,260.0
PROD-16994,2026-09-05,MINE-03,MINE-03-ZONE-D,280.0,159.7,36.77,12.0,4.0,72.7,260.0
PROD-16995,2026-09-05,MINE-03,MINE-03-ZONE-E,280.0,158.1,43.68,11.3,4.7,72.7,260.0
PROD-16996,2026-09-05,MINE-04,MINE-04-ZONE-A,280.0,267.8,41.69,14.5,1.5,0.8,260.0
PROD-16997,2026-09-05,MINE-04,MINE-04-ZONE-B,280.0,241.4,36.26,13.3,2.7,0.8,260.0
PROD-16998,2026-09-05,MINE-04,MINE-04-ZONE-C,280.0,210.6,39.97,12.0,4.0,0.8,260.0
PROD-16999,2026-09-05,MINE-04,MINE-04-ZONE-D,280.0,270.0,43.08,15.2,0.8,0.8,260.0
PROD-17000,2026-09-05,MINE-04,MINE-04-ZONE-E,280.0,253.4,42.85,14.2,1.8,0.8,260.0
PROD-17001,2026-09-06,MINE-01,MINE-01-ZONE-A,240.0,193.2,41.0,12.7,3.3,0.6,260.0
PROD-17002,2026-09-06,MINE-01,MINE-01-ZONE-B,240.0,180.4,42.99,11.5,4.5,0.6,260.0
PROD-17003,2026-09-06,MINE-01,MINE-01-ZONE-C,240.0,199.5,37.09,13.8,2.2,0.6,260.0
PROD-17004,2026-09-06,MINE-01,MINE-01-ZONE-D,240.0,200.2,37.05,13.1,2.9,0.6,260.0
PROD-17005,2026-09-06,MINE-01,MINE-01-ZONE-E,240.0,177.9,36.72,11.7,4.3,0.6,260.0
PROD-17006,2026-09-06,MINE-02,MINE-02-ZONE-A,240.0,191.0,35.41,12.0,4.0,3.9,260.0
PROD-17007,2026-09-06,MINE-02,MINE-02-ZONE-B,240.0,215.4,42.04,13.8,2.2,3.9,260.0
PROD-17008,2026-09-06,MINE-02,MINE-02-ZONE-C,240.0,204.3,34.29,13.6,2.4,3.9,260.0
PROD-17009,2026-09-06,MINE-02,MINE-02-ZONE-D,240.0,208.4,39.27,13.6,2.4,3.9,260.0
PROD-17010,2026-09-06,MINE-02,MINE-02-ZONE-E,240.0,159.7,42.53,11.6,4.4,3.9,260.0
PROD-17011,2026-09-06,MINE-03,MINE-03-ZONE-A,240.0,182.5,41.8,12.5,3.5,34.9,260.0
PROD-17012,2026-09-06,MINE-03,MINE-03-ZONE-B,240.0,135.0,41.11,11.0,5.0,34.9,260.0
PROD-17013,2026-09-06,MINE-03,MINE-03-ZONE-C,240.0,153.2,35.75,10.3,5.7,34.9,260.0
PROD-17014,2026-09-06,MINE-03,MINE-03-ZONE-D,240.0,140.9,33.53,10.1,5.9,34.9,260.0
PROD-17015,2026-09-06,MINE-03,MINE-03-ZONE-E,240.0,175.8,39.92,13.0,3.0,34.9,260.0
PROD-17016,2026-09-06,MINE-04,MINE-04-ZONE-A,240.0,172.2,33.49,12.4,3.6,47.1,260.0
PROD-17017,2026-09-06,MINE-04,MINE-04-ZONE-B,240.0,119.6,32.9,9.6,6.4,47.1,260.0
PROD-17018,2026-09-06,MINE-04,MINE-04-ZONE-C,240.0,158.1,36.22,12.8,3.2,47.1,260.0
PROD-17019,2026-09-06,MINE-04,MINE-04-ZONE-D,240.0,116.4,35.66,9.8,6.2,47.1,260.0
PROD-17020,2026-09-06,MINE-04,MINE-04-ZONE-E,240.0,110.3,40.26,9.1,6.9,47.1,260.0
PROD-17021,2026-09-07,MINE-01,MINE-01-ZONE-A,244.0,197.0,36.04,14.9,1.1,26.4,260.0
PROD-17022,2026-09-07,MINE-01,MINE-01-ZONE-B,244.0,199.2,34.83,13.9,2.1,26.4,260.0
PROD-17023,2026-09-07,MINE-01,MINE-01-ZONE-C,244.0,211.8,32.44,14.7,1.3,26.4,260.0
PROD-17024,2026-09-07,MINE-01,MINE-01-ZONE-D,244.0,199.9,33.58,14.9,1.1,26.4,260.0
PROD-17025,2026-09-07,MINE-01,MINE-01-ZONE-E,244.0,202.9,38.46,15.0,1.0,26.4,260.0
PROD-17026,2026-09-07,MINE-02,MINE-02-ZONE-A,244.0,101.8,32.64,9.2,6.8,56.9,260.0
PROD-17027,2026-09-07,MINE-02,MINE-02-ZONE-B,244.0,133.5,42.26,11.0,5.0,56.9,260.0
PROD-17028,2026-09-07,MINE-02,MINE-02-ZONE-C,244.0,136.6,32.79,10.0,6.0,56.9,260.0
PROD-17029,2026-09-07,MINE-02,MINE-02-ZONE-D,244.0,140.3,33.69,11.9,4.1,56.9,260.0
PROD-17030,2026-09-07,MINE-02,MINE-02-ZONE-E,244.0,144.4,41.04,11.9,4.1,56.9,260.0
PROD-17031,2026-09-07,MINE-03,MINE-03-ZONE-A,244.0,133.7,36.43,11.6,4.4,80.8,260.0
PROD-17032,2026-09-07,MINE-03,MINE-03-ZONE-B,244.0,122.9,34.55,10.0,6.0,80.8,260.0
PROD-17033,2026-09-07,MINE-03,MINE-03-ZONE-C,244.0,123.0,38.19,9.5,6.5,80.8,260.0
PROD-17034,2026-09-07,MINE-03,MINE-03-ZONE-D,244.0,115.1,42.58,9.6,6.4,80.8,260.0
PROD-17035,2026-09-07,MINE-03,MINE-03-ZONE-E,244.0,121.4,33.68,10.6,5.4,80.8,260.0
PROD-17036,2026-09-07,MINE-04,MINE-04-ZONE-A,244.0,211.7,41.45,14.4,1.6,3.0,260.0
PROD-17037,2026-09-07,MINE-04,MINE-04-ZONE-B,244.0,241.9,32.14,15.2,0.8,3.0,260.0
PROD-17038,2026-09-07,MINE-04,MINE-04-ZONE-C,244.0,210.6,34.09,13.6,2.4,3.0,260.0
PROD-17039,2026-09-07,MINE-04,MINE-04-ZONE-D,244.0,199.5,34.9,12.8,3.2,3.0,260.0
PROD-17040,2026-09-07,MINE-04,MINE-04-ZONE-E,244.0,186.0,37.87,11.8,4.2,3.0,260.0
PROD-17041,2026-09-08,MINE-01,MINE-01-ZONE-A,248.0,114.3,37.23,10.5,5.5,82.0,260.0
PROD-17042,2026-09-08,MINE-01,MINE-01-ZONE-B,248.0,133.8,32.78,11.6,4.4,82.0,260.0
PROD-17043,2026-09-08,MINE-01,MINE-01-ZONE-C,248.0,141.8,43.36,12.5,3.5,82.0,260.0
PROD-17044,2026-09-08,MINE-01,MINE-01-ZONE-D,248.0,129.9,43.12,11.6,4.4,82.0,260.0
PROD-17045,2026-09-08,MINE-01,MINE-01-ZONE-E,248.0,151.0,34.16,11.8,4.2,82.0,260.0
PROD-17046,2026-09-08,MINE-02,MINE-02-ZONE-A,248.0,136.5,36.08,11.4,4.6,71.8,260.0
PROD-17047,2026-09-08,MINE-02,MINE-02-ZONE-B,248.0,127.7,41.58,10.3,5.7,71.8,260.0
PROD-17048,2026-09-08,MINE-02,MINE-02-ZONE-C,248.0,141.2,39.29,10.7,5.3,71.8,260.0
PROD-17049,2026-09-08,MINE-02,MINE-02-ZONE-D,248.0,155.8,41.99,12.3,3.7,71.8,260.0
PROD-17050,2026-09-08,MINE-02,MINE-02-ZONE-E,248.0,107.3,43.2,9.2,6.8,71.8,260.0
PROD-17051,2026-09-08,MINE-03,MINE-03-ZONE-A,248.0,230.1,41.97,15.1,0.9,22.1,260.0
PROD-17052,2026-09-08,MINE-03,MINE-03-ZONE-B,248.0,203.8,32.61,14.6,1.4,22.1,260.0
PROD-17053,2026-09-08,MINE-03,MINE-03-ZONE-C,248.0,219.2,40.89,14.9,1.1,22.1,260.0
PROD-17054,2026-09-08,MINE-03,MINE-03-ZONE-D,248.0,172.2,35.97,11.6,4.4,22.1,260.0
PROD-17055,2026-09-08,MINE-03,MINE-03-ZONE-E,248.0,207.8,37.36,14.8,1.2,22.1,260.0
PROD-17056,2026-09-08,MINE-04,MINE-04-ZONE-A,248.0,148.2,41.99,12.2,3.8,83.0,260.0
PROD-17057,2026-09-08,MINE-04,MINE-04-ZONE-B,248.0,136.8,42.38,12.7,3.3,83.0,260.0
PROD-17058,2026-09-08,MINE-04,MINE-04-ZONE-C,248.0,102.2,43.03,9.5,6.5,83.0,260.0
PROD-17059,2026-09-08,MINE-04,MINE-04-ZONE-D,248.0,107.0,43.84,10.2,5.8,83.0,260.0
PROD-17060,2026-09-08,MINE-04,MINE-04-ZONE-E,248.0,127.3,40.36,11.6,4.4,83.0,260.0
PROD-17061,2026-09-09,MINE-01,MINE-01-ZONE-A,252.0,203.9,43.04,14.0,2.0,23.4,260.0
PROD-17062,2026-09-09,MINE-01,MINE-01-ZONE-B,252.0,180.4,33.01,11.7,4.3,23.4,260.0
PROD-17063,2026-09-09,MINE-01,MINE-01-ZONE-C,252.0,180.7,40.08,12.5,3.5,23.4,260.0
PROD-17064,2026-09-09,MINE-01,MINE-01-ZONE-D,252.0,155.9,43.11,11.6,4.4,23.4,260.0
PROD-17065,2026-09-09,MINE-01,MINE-01-ZONE-E,252.0,208.2,40.08,13.9,2.1,23.4,260.0
PROD-17066,2026-09-09,MINE-02,MINE-02-ZONE-A,252.0,191.1,40.61,13.1,2.9,2.6,260.0
PROD-17067,2026-09-09,MINE-02,MINE-02-ZONE-B,252.0,181.3,35.01,12.2,3.8,2.6,260.0
PROD-17068,2026-09-09,MINE-02,MINE-02-ZONE-C,252.0,221.2,35.01,14.6,1.4,2.6,260.0
PROD-17069,2026-09-09,MINE-02,MINE-02-ZONE-D,252.0,198.1,38.76,12.2,3.8,2.6,260.0
PROD-17070,2026-09-09,MINE-02,MINE-02-ZONE-E,252.0,194.9,35.03,12.3,3.7,2.6,260.0
PROD-17071,2026-09-09,MINE-03,MINE-03-ZONE-A,252.0,231.2,43.08,14.9,1.1,16.0,260.0
PROD-17072,2026-09-09,MINE-03,MINE-03-ZONE-B,252.0,219.1,39.55,15.5,0.5,16.0,260.0
PROD-17073,2026-09-09,MINE-03,MINE-03-ZONE-C,252.0,233.6,37.3,14.8,1.2,16.0,260.0
PROD-17074,2026-09-09,MINE-03,MINE-03-ZONE-D,252.0,181.1,33.89,12.6,3.4,16.0,260.0
PROD-17075,2026-09-09,MINE-03,MINE-03-ZONE-E,252.0,212.8,38.09,13.5,2.5,16.0,260.0
PROD-17076,2026-09-09,MINE-04,MINE-04-ZONE-A,252.0,125.7,38.54,9.5,6.5,49.7,260.0
PROD-17077,2026-09-09,MINE-04,MINE-04-ZONE-B,252.0,126.2,39.22,10.3,5.7,49.7,260.0
PROD-17078,2026-09-09,MINE-04,MINE-04-ZONE-C,252.0,163.4,36.47,12.1,3.9,49.7,260.0
PROD-17079,2026-09-09,MINE-04,MINE-04-ZONE-D,252.0,157.8,32.52,12.8,3.2,49.7,260.0
PROD-17080,2026-09-09,MINE-04,MINE-04-ZONE-E,252.0,169.2,39.61,12.8,3.2,49.7,260.0
PROD-17081,2026-09-10,MINE-01,MINE-01-ZONE-A,256.0,161.0,42.33,12.4,3.6,63.5,260.0
PROD-17082,2026-09-10,MINE-01,MINE-01-ZONE-B,256.0,134.0,37.35,10.4,5.6,63.5,260.0
PROD-17083,2026-09-10,MINE-01,MINE-01-ZONE-C,256.0,148.6,38.62,11.7,4.3,63.5,260.0
PROD-17084,2026-09-10,MINE-01,MINE-01-ZONE-D,256.0,151.9,39.9,12.5,3.5,63.5,260.0
PROD-17085,2026-09-10,MINE-01,MINE-01-ZONE-E,256.0,122.5,34.9,9.1,6.9,63.5,260.0
PROD-17086,2026-09-10,MINE-02,MINE-02-ZONE-A,256.0,227.9,34.6,14.4,1.6,0.2,260.0
PROD-17087,2026-09-10,MINE-02,MINE-02-ZONE-B,256.0,230.3,36.54,14.8,1.2,0.2,260.0
PROD-17088,2026-09-10,MINE-02,MINE-02-ZONE-C,256.0,220.4,40.04,12.9,3.1,0.2,260.0
PROD-17089,2026-09-10,MINE-02,MINE-02-ZONE-D,256.0,194.3,43.26,12.1,3.9,0.2,260.0
PROD-17090,2026-09-10,MINE-02,MINE-02-ZONE-E,256.0,193.3,40.98,12.4,3.6,0.2,260.0
PROD-17091,2026-09-10,MINE-03,MINE-03-ZONE-A,256.0,182.9,37.59,12.6,3.4,22.6,260.0
PROD-17092,2026-09-10,MINE-03,MINE-03-ZONE-B,256.0,195.8,43.86,13.5,2.5,22.6,260.0
PROD-17093,2026-09-10,MINE-03,MINE-03-ZONE-C,256.0,241.4,36.4,15.2,0.8,22.6,260.0
PROD-17094,2026-09-10,MINE-03,MINE-03-ZONE-D,256.0,193.8,38.0,12.3,3.7,22.6,260.0
PROD-17095,2026-09-10,MINE-03,MINE-03-ZONE-E,256.0,193.5,40.44,13.2,2.8,22.6,260.0
PROD-17096,2026-09-10,MINE-04,MINE-04-ZONE-A,256.0,222.1,36.9,13.2,2.8,2.4,260.0
PROD-17097,2026-09-10,MINE-04,MINE-04-ZONE-B,256.0,180.8,41.43,12.3,3.7,2.4,260.0
PROD-17098,2026-09-10,MINE-04,MINE-04-ZONE-C,256.0,213.0,43.14,12.9,3.1,2.4,260.0
PROD-17099,2026-09-10,MINE-04,MINE-04-ZONE-D,256.0,200.2,35.78,12.7,3.3,2.4,260.0
PROD-17100,2026-09-10,MINE-04,MINE-04-ZONE-E,256.0,245.4,40.84,14.8,1.2,2.4,260.0
PROD-17101,2026-09-11,MINE-01,MINE-01-ZONE-A,300.0,177.7,33.06,10.9,5.1,50.2,260.0
PROD-17102,2026-09-11,MINE-01,MINE-01-ZONE-B,300.0,160.9,42.65,10.7,5.3,50.2,260.0
PROD-17103,2026-09-11,MINE-01,MINE-01-ZONE-C,300.0,193.3,36.06,11.7,4.3,50.2,260.0
PROD-17104,2026-09-11,MINE-01,MINE-01-ZONE-D,300.0,179.4,36.42,11.1,4.9,50.2,260.0
PROD-17105,2026-09-11,MINE-01,MINE-01-ZONE-E,300.0,159.4,33.57,10.1,5.9,50.2,260.0
PROD-17106,2026-09-11,MINE-02,MINE-02-ZONE-A,300.0,155.9,35.28,11.1,4.9,79.4,260.0
PROD-17107,2026-09-11,MINE-02,MINE-02-ZONE-B,300.0,183.0,35.68,11.9,4.1,79.4,260.0
PROD-17108,2026-09-11,MINE-02,MINE-02-ZONE-C,300.0,186.4,37.66,12.8,3.2,79.4,260.0
PROD-17109,2026-09-11,MINE-02,MINE-02-ZONE-D,300.0,145.9,37.84,10.8,5.2,79.4,260.0
PROD-17110,2026-09-11,MINE-02,MINE-02-ZONE-E,300.0,177.5,33.46,12.3,3.7,79.4,260.0
PROD-17111,2026-09-11,MINE-03,MINE-03-ZONE-A,300.0,213.2,39.66,13.0,3.0,29.5,260.0
PROD-17112,2026-09-11,MINE-03,MINE-03-ZONE-B,300.0,266.4,40.05,14.9,1.1,29.5,260.0
PROD-17113,2026-09-11,MINE-03,MINE-03-ZONE-C,300.0,213.9,39.66,13.1,2.9,29.5,260.0
PROD-17114,2026-09-11,MINE-03,MINE-03-ZONE-D,300.0,269.7,40.08,15.4,0.6,29.5,260.0
PROD-17115,2026-09-11,MINE-03,MINE-03-ZONE-E,300.0,194.1,36.73,11.7,4.3,29.5,260.0
PROD-17116,2026-09-11,MINE-04,MINE-04-ZONE-A,300.0,259.5,37.53,15.0,1.0,17.3,260.0
PROD-17117,2026-09-11,MINE-04,MINE-04-ZONE-B,300.0,249.7,39.1,13.8,2.2,17.3,260.0
PROD-17118,2026-09-11,MINE-04,MINE-04-ZONE-C,300.0,255.5,43.05,14.2,1.8,17.3,260.0
PROD-17119,2026-09-11,MINE-04,MINE-04-ZONE-D,300.0,254.8,39.91,13.6,2.4,17.3,260.0
PROD-17120,2026-09-11,MINE-04,MINE-04-ZONE-E,300.0,236.9,36.83,12.9,3.1,17.3,260.0
PROD-17121,2026-09-12,MINE-01,MINE-01-ZONE-A,304.0,227.9,43.41,12.8,3.2,1.4,260.0
PROD-17122,2026-09-12,MINE-01,MINE-01-ZONE-B,304.0,248.9,35.64,13.7,2.3,1.4,260.0
PROD-17123,2026-09-12,MINE-01,MINE-01-ZONE-C,304.0,257.9,39.29,13.8,2.2,1.4,260.0
PROD-17124,2026-09-12,MINE-01,MINE-01-ZONE-D,304.0,231.9,43.15,12.7,3.3,1.4,260.0
PROD-17125,2026-09-12,MINE-01,MINE-01-ZONE-E,304.0,236.2,38.78,12.2,3.8,1.4,260.0
PROD-17126,2026-09-12,MINE-02,MINE-02-ZONE-A,304.0,177.1,38.07,11.8,4.2,70.9,260.0
PROD-17127,2026-09-12,MINE-02,MINE-02-ZONE-B,304.0,149.4,42.87,9.5,6.5,70.9,260.0
PROD-17128,2026-09-12,MINE-02,MINE-02-ZONE-C,304.0,187.8,38.95,12.9,3.1,70.9,260.0
PROD-17129,2026-09-12,MINE-02,MINE-02-ZONE-D,304.0,179.0,33.98,11.7,4.3,70.9,260.0
PROD-17130,2026-09-12,MINE-02,MINE-02-ZONE-E,304.0,156.6,36.56,11.1,4.9,70.9,260.0
PROD-17131,2026-09-12,MINE-03,MINE-03-ZONE-A,304.0,131.5,41.69,10.0,6.0,84.1,260.0
PROD-17132,2026-09-12,MINE-03,MINE-03-ZONE-B,304.0,135.5,40.81,9.9,6.1,84.1,260.0
PROD-17133,2026-09-12,MINE-03,MINE-03-ZONE-C,304.0,168.5,43.35,12.4,3.6,84.1,260.0
PROD-17134,2026-09-12,MINE-03,MINE-03-ZONE-D,304.0,154.9,43.06,10.1,5.9,84.1,260.0
PROD-17135,2026-09-12,MINE-03,MINE-03-ZONE-E,304.0,141.0,33.99,9.7,6.3,84.1,260.0
PROD-17136,2026-09-12,MINE-04,MINE-04-ZONE-A,304.0,228.7,35.25,11.7,4.3,0.7,260.0
PROD-17137,2026-09-12,MINE-04,MINE-04-ZONE-B,304.0,289.0,40.16,14.8,1.2,0.7,260.0
PROD-17138,2026-09-12,MINE-04,MINE-04-ZONE-C,304.0,267.5,42.53,14.5,1.5,0.7,260.0
PROD-17139,2026-09-12,MINE-04,MINE-04-ZONE-D,304.0,258.6,32.55,13.8,2.2,0.7,260.0
PROD-17140,2026-09-12,MINE-04,MINE-04-ZONE-E,304.0,300.0,39.19,15.1,0.9,0.7,260.0
PROD-17141,2026-09-13,MINE-01,MINE-01-ZONE-A,224.0,94.3,32.58,10.0,6.0,79.4,260.0
PROD-17142,2026-09-13,MINE-01,MINE-01-ZONE-B,224.0,123.0,34.03,11.5,4.5,79.4,260.0
PROD-17143,2026-09-13,MINE-01,MINE-01-ZONE-C,224.0,100.0,40.87,9.7,6.3,79.4,260.0
PROD-17144,2026-09-13,MINE-01,MINE-01-ZONE-D,224.0,116.9,37.65,10.9,5.1,79.4,260.0
PROD-17145,2026-09-13,MINE-01,MINE-01-ZONE-E,224.0,111.1,35.26,9.1,6.9,79.4,260.0
PROD-17146,2026-09-13,MINE-02,MINE-02-ZONE-A,224.0,214.6,35.06,14.5,1.5,0.4,260.0
PROD-17147,2026-09-13,MINE-02,MINE-02-ZONE-B,224.0,207.7,43.22,15.4,0.6,0.4,260.0
PROD-17148,2026-09-13,MINE-02,MINE-02-ZONE-C,224.0,180.1,39.47,12.5,3.5,0.4,260.0
PROD-17149,2026-09-13,MINE-02,MINE-02-ZONE-D,224.0,226.3,39.46,15.2,0.8,0.4,260.0
PROD-17150,2026-09-13,MINE-02,MINE-02-ZONE-E,224.0,207.6,34.75,14.2,1.8,0.4,260.0
PROD-17151,2026-09-13,MINE-03,MINE-03-ZONE-A,224.0,186.1,38.74,14.3,1.7,0.8,260.0
PROD-17152,2026-09-13,MINE-03,MINE-03-ZONE-B,224.0,191.6,34.82,13.3,2.7,0.8,260.0
PROD-17153,2026-09-13,MINE-03,MINE-03-ZONE-C,224.0,203.3,32.33,15.1,0.9,0.8,260.0
PROD-17154,2026-09-13,MINE-03,MINE-03-ZONE-D,224.0,201.4,35.21,13.9,2.1,0.8,260.0
PROD-17155,2026-09-13,MINE-03,MINE-03-ZONE-E,224.0,179.8,33.62,13.8,2.2,0.8,260.0
PROD-17156,2026-09-13,MINE-04,MINE-04-ZONE-A,224.0,130.5,37.93,9.7,6.3,43.9,260.0
PROD-17157,2026-09-13,MINE-04,MINE-04-ZONE-B,224.0,147.8,34.97,11.0,5.0,43.9,260.0
PROD-17158,2026-09-13,MINE-04,MINE-04-ZONE-C,224.0,112.2,32.03,9.1,6.9,43.9,260.0
PROD-17159,2026-09-13,MINE-04,MINE-04-ZONE-D,224.0,131.6,33.92,9.9,6.1,43.9,260.0
PROD-17160,2026-09-13,MINE-04,MINE-04-ZONE-E,224.0,106.4,34.58,9.8,6.2,43.9,260.0
PROD-17161,2026-09-14,MINE-01,MINE-01-ZONE-A,228.0,134.0,32.37,11.0,5.0,39.8,260.0
PROD-17162,2026-09-14,MINE-01,MINE-01-ZONE-B,228.0,124.0,33.19,10.5,5.5,39.8,260.0
PROD-17163,2026-09-14,MINE-01,MINE-01-ZONE-C,228.0,142.8,34.34,12.4,3.6,39.8,260.0
PROD-17164,2026-09-14,MINE-01,MINE-01-ZONE-D,228.0,118.6,41.12,9.7,6.3,39.8,260.0
PROD-17165,2026-09-14,MINE-01,MINE-01-ZONE-E,228.0,138.8,41.22,12.1,3.9,39.8,260.0
PROD-17166,2026-09-14,MINE-02,MINE-02-ZONE-A,228.0,160.6,34.02,13.1,2.9,29.2,260.0
PROD-17167,2026-09-14,MINE-02,MINE-02-ZONE-B,228.0,191.3,38.59,15.3,0.7,29.2,260.0
PROD-17168,2026-09-14,MINE-02,MINE-02-ZONE-C,228.0,152.9,32.42,11.8,4.2,29.2,260.0
PROD-17169,2026-09-14,MINE-02,MINE-02-ZONE-D,228.0,200.0,39.25,15.1,0.9,29.2,260.0
PROD-17170,2026-09-14,MINE-02,MINE-02-ZONE-E,228.0,168.2,33.17,11.9,4.1,29.2,260.0
PROD-17171,2026-09-14,MINE-03,MINE-03-ZONE-A,228.0,174.3,35.84,12.4,3.6,3.7,260.0
PROD-17172,2026-09-14,MINE-03,MINE-03-ZONE-B,228.0,173.6,32.16,11.9,4.1,3.7,260.0
PROD-17173,2026-09-14,MINE-03,MINE-03-ZONE-C,228.0,184.7,39.87,12.7,3.3,3.7,260.0
PROD-17174,2026-09-14,MINE-03,MINE-03-ZONE-D,228.0,189.3,32.95,12.9,3.1,3.7,260.0
PROD-17175,2026-09-14,MINE-03,MINE-03-ZONE-E,228.0,202.7,42.11,13.6,2.4,3.7,260.0
PROD-17176,2026-09-14,MINE-04,MINE-04-ZONE-A,228.0,127.4,34.09,9.5,6.5,43.3,260.0
PROD-17177,2026-09-14,MINE-04,MINE-04-ZONE-B,228.0,140.6,34.86,11.8,4.2,43.3,260.0
PROD-17178,2026-09-14,MINE-04,MINE-04-ZONE-C,228.0,120.1,38.12,9.0,7.0,43.3,260.0
PROD-17179,2026-09-14,MINE-04,MINE-04-ZONE-D,228.0,111.2,42.96,9.9,6.1,43.3,260.0
PROD-17180,2026-09-14,MINE-04,MINE-04-ZONE-E,228.0,151.6,35.65,11.7,4.3,43.3,260.0
PROD-17181,2026-09-15,MINE-01,MINE-01-ZONE-A,232.0,174.9,43.72,13.0,3.0,3.5,260.0
PROD-17182,2026-09-15,MINE-01,MINE-01-ZONE-B,232.0,226.0,38.63,15.3,0.7,3.5,260.0
PROD-17183,2026-09-15,MINE-01,MINE-01-ZONE-C,232.0,221.9,38.4,15.5,0.5,3.5,260.0
PROD-17184,2026-09-15,MINE-01,MINE-01-ZONE-D,232.0,198.3,35.05,14.8,1.2,3.5,260.0
PROD-17185,2026-09-15,MINE-01,MINE-01-ZONE-E,232.0,211.6,43.9,15.3,0.7,3.5,260.0
PROD-17186,2026-09-15,MINE-02,MINE-02-ZONE-A,232.0,117.2,42.43,10.1,5.9,33.0,260.0
PROD-17187,2026-09-15,MINE-02,MINE-02-ZONE-B,232.0,112.6,39.53,9.3,6.7,33.0,260.0
PROD-17188,2026-09-15,MINE-02,MINE-02-ZONE-C,232.0,128.2,42.05,10.7,5.3,33.0,260.0
PROD-17189,2026-09-15,MINE-02,MINE-02-ZONE-D,232.0,157.1,40.18,12.3,3.7,33.0,260.0
PROD-17190,2026-09-15,MINE-02,MINE-02-ZONE-E,232.0,179.4,42.45,12.9,3.1,33.0,260.0
PROD-17191,2026-09-15,MINE-03,MINE-03-ZONE-A,232.0,204.6,32.91,14.6,1.4,0.1,260.0
PROD-17192,2026-09-15,MINE-03,MINE-03-ZONE-B,232.0,217.1,41.05,14.6,1.4,0.1,260.0
PROD-17193,2026-09-15,MINE-03,MINE-03-ZONE-C,232.0,213.1,33.92,14.8,1.2,0.1,260.0
PROD-17194,2026-09-15,MINE-03,MINE-03-ZONE-D,232.0,227.1,42.61,14.9,1.1,0.1,260.0
PROD-17195,2026-09-15,MINE-03,MINE-03-ZONE-E,232.0,207.2,37.24,15.1,0.9,0.1,260.0
PROD-17196,2026-09-15,MINE-04,MINE-04-ZONE-A,232.0,197.1,33.99,13.2,2.8,1.8,260.0
PROD-17197,2026-09-15,MINE-04,MINE-04-ZONE-B,232.0,176.1,34.01,11.7,4.3,1.8,260.0
PROD-17198,2026-09-15,MINE-04,MINE-04-ZONE-C,232.0,207.3,33.22,14.0,2.0,1.8,260.0
PROD-17199,2026-09-15,MINE-04,MINE-04-ZONE-D,232.0,177.3,38.07,12.5,3.5,1.8,260.0
PROD-17200,2026-09-15,MINE-04,MINE-04-ZONE-E,232.0,214.3,43.08,15.0,1.0,1.8,260.0
PROD-17201,2026-09-16,MINE-01,MINE-01-ZONE-A,276.0,217.3,36.94,12.3,3.7,3.4,260.0
PROD-17202,2026-09-16,MINE-01,MINE-01-ZONE-B,276.0,259.0,34.15,15.0,1.0,3.4,260.0
PROD-17203,2026-09-16,MINE-01,MINE-01-ZONE-C,276.0,248.5,36.76,15.1,0.9,3.4,260.0
PROD-17204,2026-09-16,MINE-01,MINE-01-ZONE-D,276.0,237.7,37.31,14.5,1.5,3.4,260.0
PROD-17205,2026-09-16,MINE-01,MINE-01-ZONE-E,276.0,201.8,32.49,12.4,3.6,3.4,260.0
PROD-17206,2026-09-16,MINE-02,MINE-02-ZONE-A,276.0,214.7,40.23,13.2,2.8,0.8,260.0
PROD-17207,2026-09-16,MINE-02,MINE-02-ZONE-B,276.0,198.2,39.69,11.8,4.2,0.8,260.0
PROD-17208,2026-09-16,MINE-02,MINE-02-ZONE-C,276.0,278.4,32.14,15.4,0.6,0.8,260.0
PROD-17209,2026-09-16,MINE-02,MINE-02-ZONE-D,276.0,199.0,38.26,12.3,3.7,0.8,260.0
PROD-17210,2026-09-16,MINE-02,MINE-02-ZONE-E,276.0,200.2,36.11,12.4,3.6,0.8,260.0
PROD-17211,2026-09-16,MINE-03,MINE-03-ZONE-A,276.0,151.5,32.03,11.2,4.8,87.2,260.0
PROD-17212,2026-09-16,MINE-03,MINE-03-ZONE-B,276.0,147.4,38.57,12.0,4.0,87.2,260.0
PROD-17213,2026-09-16,MINE-03,MINE-03-ZONE-C,276.0,143.6,32.75,11.3,4.7,87.2,260.0
PROD-17214,2026-09-16,MINE-03,MINE-03-ZONE-D,276.0,126.2,37.23,9.9,6.1,87.2,260.0
PROD-17215,2026-09-16,MINE-03,MINE-03-ZONE-E,276.0,121.5,32.08,10.6,5.4,87.2,260.0
PROD-17216,2026-09-16,MINE-04,MINE-04-ZONE-A,276.0,128.6,32.28,10.4,5.6,79.1,260.0
PROD-17217,2026-09-16,MINE-04,MINE-04-ZONE-B,276.0,140.5,35.53,11.2,4.8,79.1,260.0
PROD-17218,2026-09-16,MINE-04,MINE-04-ZONE-C,276.0,181.4,34.79,12.8,3.2,79.1,260.0
PROD-17219,2026-09-16,MINE-04,MINE-04-ZONE-D,276.0,165.8,33.01,11.7,4.3,79.1,260.0
PROD-17220,2026-09-16,MINE-04,MINE-04-ZONE-E,276.0,121.9,37.45,9.4,6.6,79.1,260.0
PROD-17221,2026-09-17,MINE-01,MINE-01-ZONE-A,280.0,151.4,43.16,10.6,5.4,58.2,260.0
PROD-17222,2026-09-17,MINE-01,MINE-01-ZONE-B,280.0,169.7,32.31,12.4,3.6,58.2,260.0
PROD-17223,2026-09-17,MINE-01,MINE-01-ZONE-C,280.0,140.1,34.84,9.6,6.4,58.2,260.0
PROD-17224,2026-09-17,MINE-01,MINE-01-ZONE-D,280.0,176.0,41.02,13.0,3.0,58.2,260.0
PROD-17225,2026-09-17,MINE-01,MINE-01-ZONE-E,280.0,174.2,32.33,12.7,3.3,58.2,260.0
PROD-17226,2026-09-17,MINE-02,MINE-02-ZONE-A,280.0,217.0,38.41,11.9,4.1,2.8,260.0
PROD-17227,2026-09-17,MINE-02,MINE-02-ZONE-B,280.0,267.3,32.47,15.2,0.8,2.8,260.0
PROD-17228,2026-09-17,MINE-02,MINE-02-ZONE-C,280.0,261.3,36.81,15.4,0.6,2.8,260.0
PROD-17229,2026-09-17,MINE-02,MINE-02-ZONE-D,280.0,269.0,39.66,15.2,0.8,2.8,260.0
PROD-17230,2026-09-17,MINE-02,MINE-02-ZONE-E,280.0,222.4,37.7,12.2,3.8,2.8,260.0
PROD-17231,2026-09-17,MINE-03,MINE-03-ZONE-A,280.0,250.5,32.59,15.2,0.8,3.9,260.0
PROD-17232,2026-09-17,MINE-03,MINE-03-ZONE-B,280.0,241.6,43.27,13.9,2.1,3.9,260.0
PROD-17233,2026-09-17,MINE-03,MINE-03-ZONE-C,280.0,211.3,42.95,12.1,3.9,3.9,260.0
PROD-17234,2026-09-17,MINE-03,MINE-03-ZONE-D,280.0,243.6,39.57,13.3,2.7,3.9,260.0
PROD-17235,2026-09-17,MINE-03,MINE-03-ZONE-E,280.0,273.0,41.43,15.1,0.9,3.9,260.0
PROD-17236,2026-09-17,MINE-04,MINE-04-ZONE-A,280.0,239.7,40.86,14.5,1.5,0.9,260.0
PROD-17237,2026-09-17,MINE-04,MINE-04-ZONE-B,280.0,222.9,35.57,13.1,2.9,0.9,260.0
PROD-17238,2026-09-17,MINE-04,MINE-04-ZONE-C,280.0,236.6,38.51,12.8,3.2,0.9,260.0
PROD-17239,2026-09-17,MINE-04,MINE-04-ZONE-D,280.0,213.8,32.75,12.9,3.1,0.9,260.0
PROD-17240,2026-09-17,MINE-04,MINE-04-ZONE-E,280.0,276.7,43.39,15.0,1.0,0.9,260.0
PROD-17241,2026-09-18,MINE-01,MINE-01-ZONE-A,284.0,267.2,40.38,14.4,1.6,0.9,260.0
PROD-17242,2026-09-18,MINE-01,MINE-01-ZONE-B,284.0,244.8,37.58,13.5,2.5,0.9,260.0
PROD-17243,2026-09-18,MINE-01,MINE-01-ZONE-C,284.0,231.4,42.33,13.8,2.2,0.9,260.0
PROD-17244,2026-09-18,MINE-01,MINE-01-ZONE-D,284.0,267.5,40.85,15.0,1.0,0.9,260.0
PROD-17245,2026-09-18,MINE-01,MINE-01-ZONE-E,284.0,253.5,33.84,15.1,0.9,0.9,260.0
PROD-17246,2026-09-18,MINE-02,MINE-02-ZONE-A,284.0,179.5,35.97,12.6,3.4,62.3,260.0
PROD-17247,2026-09-18,MINE-02,MINE-02-ZONE-B,284.0,133.7,43.37,9.3,6.7,62.3,260.0
PROD-17248,2026-09-18,MINE-02,MINE-02-ZONE-C,284.0,130.5,42.61,10.0,6.0,62.3,260.0
PROD-17249,2026-09-18,MINE-02,MINE-02-ZONE-D,284.0,150.3,35.02,10.3,5.7,62.3,260.0
PROD-17250,2026-09-18,MINE-02,MINE-02-ZONE-E,284.0,145.1,35.66,9.1,6.9,62.3,260.0
PROD-17251,2026-09-18,MINE-03,MINE-03-ZONE-A,284.0,145.9,37.53,11.0,5.0,67.0,260.0
PROD-17252,2026-09-18,MINE-03,MINE-03-ZONE-B,284.0,188.1,40.74,12.5,3.5,67.0,260.0
PROD-17253,2026-09-18,MINE-03,MINE-03-ZONE-C,284.0,194.1,39.63,12.8,3.2,67.0,260.0
PROD-17254,2026-09-18,MINE-03,MINE-03-ZONE-D,284.0,138.0,35.21,10.4,5.6,67.0,260.0
PROD-17255,2026-09-18,MINE-03,MINE-03-ZONE-E,284.0,151.0,34.83,10.7,5.3,67.0,260.0
PROD-17256,2026-09-18,MINE-04,MINE-04-ZONE-A,284.0,157.4,43.74,10.2,5.8,43.4,260.0
PROD-17257,2026-09-18,MINE-04,MINE-04-ZONE-B,284.0,145.6,42.52,9.2,6.8,43.4,260.0
PROD-17258,2026-09-18,MINE-04,MINE-04-ZONE-C,284.0,192.2,36.07,12.2,3.8,43.4,260.0
PROD-17259,2026-09-18,MINE-04,MINE-04-ZONE-D,284.0,176.9,32.19,11.1,4.9,43.4,260.0
PROD-17260,2026-09-18,MINE-04,MINE-04-ZONE-E,284.0,150.1,42.73,10.2,5.8,43.4,260.0
PROD-17261,2026-09-19,MINE-01,MINE-01-ZONE-A,288.0,238.0,36.81,13.1,2.9,0.1,260.0
PROD-17262,2026-09-19,MINE-01,MINE-01-ZONE-B,288.0,254.7,41.6,13.8,2.2,0.1,260.0
PROD-17263,2026-09-19,MINE-01,MINE-01-ZONE-C,288.0,253.8,38.4,14.3,1.7,0.1,260.0
PROD-17264,2026-09-19,MINE-01,MINE-01-ZONE-D,288.0,264.4,34.98,14.4,1.6,0.1,260.0
PROD-17265,2026-09-19,MINE-01,MINE-01-ZONE-E,288.0,233.9,41.11,13.3,2.7,0.1,260.0
PROD-17266,2026-09-19,MINE-02,MINE-02-ZONE-A,288.0,147.1,40.52,9.8,6.2,46.7,260.0
PROD-17267,2026-09-19,MINE-02,MINE-02-ZONE-B,288.0,165.7,38.63,10.6,5.4,46.7,260.0
PROD-17268,2026-09-19,MINE-02,MINE-02-ZONE-C,288.0,158.1,41.47,10.4,5.6,46.7,260.0
PROD-17269,2026-09-19,MINE-02,MINE-02-ZONE-D,288.0,184.4,43.68,12.4,3.6,46.7,260.0
PROD-17270,2026-09-19,MINE-02,MINE-02-ZONE-E,288.0,157.0,42.28,9.5,6.5,46.7,260.0
PROD-17271,2026-09-19,MINE-03,MINE-03-ZONE-A,288.0,165.3,39.57,9.4,6.6,33.6,260.0
PROD-17272,2026-09-19,MINE-03,MINE-03-ZONE-B,288.0,195.3,37.09,12.8,3.2,33.6,260.0
PROD-17273,2026-09-19,MINE-03,MINE-03-ZONE-C,288.0,202.6,33.4,12.0,4.0,33.6,260.0
PROD-17274,2026-09-19,MINE-03,MINE-03-ZONE-D,288.0,154.1,36.49,10.2,5.8,33.6,260.0
PROD-17275,2026-09-19,MINE-03,MINE-03-ZONE-E,288.0,157.8,40.27,10.2,5.8,33.6,260.0
PROD-17276,2026-09-19,MINE-04,MINE-04-ZONE-A,288.0,265.0,36.99,14.1,1.9,3.9,260.0
PROD-17277,2026-09-19,MINE-04,MINE-04-ZONE-B,288.0,256.3,38.34,13.9,2.1,3.9,260.0
PROD-17278,2026-09-19,MINE-04,MINE-04-ZONE-C,288.0,257.1,34.34,13.8,2.2,3.9,260.0
PROD-17279,2026-09-19,MINE-04,MINE-04-ZONE-D,288.0,237.2,35.2,13.7,2.3,3.9,260.0
PROD-17280,2026-09-19,MINE-04,MINE-04-ZONE-E,288.0,255.5,40.88,14.0,2.0,3.9,260.0
PROD-17281,2026-09-20,MINE-01,MINE-01-ZONE-A,208.0,108.9,34.44,9.5,6.5,75.4,260.0
PROD-17282,2026-09-20,MINE-01,MINE-01-ZONE-B,208.0,108.6,33.01,9.5,6.5,75.4,260.0
PROD-17283,2026-09-20,MINE-01,MINE-01-ZONE-C,208.0,121.9,42.67,12.6,3.4,75.4,260.0
PROD-17284,2026-09-20,MINE-01,MINE-01-ZONE-D,208.0,134.5,35.99,11.9,4.1,75.4,260.0
PROD-17285,2026-09-20,MINE-01,MINE-01-ZONE-E,208.0,94.6,41.76,10.4,5.6,75.4,260.0
PROD-17286,2026-09-20,MINE-02,MINE-02-ZONE-A,208.0,117.7,35.59,10.5,5.5,48.1,260.0
PROD-17287,2026-09-20,MINE-02,MINE-02-ZONE-B,208.0,114.8,36.54,9.6,6.4,48.1,260.0
PROD-17288,2026-09-20,MINE-02,MINE-02-ZONE-C,208.0,134.3,32.9,11.0,5.0,48.1,260.0
PROD-17289,2026-09-20,MINE-02,MINE-02-ZONE-D,208.0,105.5,42.92,10.5,5.5,48.1,260.0
PROD-17290,2026-09-20,MINE-02,MINE-02-ZONE-E,208.0,132.1,39.33,11.9,4.1,48.1,260.0
PROD-17291,2026-09-20,MINE-03,MINE-03-ZONE-A,208.0,157.7,35.46,11.9,4.1,4.0,260.0
PROD-17292,2026-09-20,MINE-03,MINE-03-ZONE-B,208.0,180.9,43.89,13.2,2.8,4.0,260.0
PROD-17293,2026-09-20,MINE-03,MINE-03-ZONE-C,208.0,188.3,34.45,14.8,1.2,4.0,260.0
PROD-17294,2026-09-20,MINE-03,MINE-03-ZONE-D,208.0,199.7,39.42,14.6,1.4,4.0,260.0
PROD-17295,2026-09-20,MINE-03,MINE-03-ZONE-E,208.0,150.4,39.74,12.0,4.0,4.0,260.0
PROD-17296,2026-09-20,MINE-04,MINE-04-ZONE-A,208.0,155.1,42.25,12.3,3.7,1.3,260.0
PROD-17297,2026-09-20,MINE-04,MINE-04-ZONE-B,208.0,192.6,33.43,15.3,0.7,1.3,260.0
PROD-17298,2026-09-20,MINE-04,MINE-04-ZONE-C,208.0,194.6,32.9,14.0,2.0,1.3,260.0
PROD-17299,2026-09-20,MINE-04,MINE-04-ZONE-D,208.0,184.2,37.76,13.4,2.6,1.3,260.0
PROD-17300,2026-09-20,MINE-04,MINE-04-ZONE-E,208.0,183.5,42.77,13.2,2.8,1.3,260.0
